block,component,output,absolute_time_index,block_time_index,scenario_index,value,basis_status
1,A_HV,theta,1,1,0,-0,Basic
1,A_HV,theta,2,2,0,-0,Basic
1,A_HV,theta,3,3,0,-0,Basic
1,A_HV,theta,4,4,0,-0,Basic
1,A_HV,theta,5,5,0,-0,Basic
1,A_HV,theta,6,6,0,-0,Basic
1,A_HV,theta,7,7,0,-0,Basic
1,A_HV,theta,8,8,0,-0,Basic
1,A_HV,theta,9,9,0,-0,Basic
1,A_HV,theta,10,10,0,-0,Basic
1,A_HV,theta,11,11,0,-0,Basic
1,A_HV,theta,12,12,0,-0,Basic
1,A_HV,theta,13,13,0,-0,Basic
1,A_HV,theta,14,14,0,-0,Basic
1,A_HV,theta,15,15,0,-0,Basic
1,A_HV,theta,16,16,0,-0,Basic
1,A_HV,theta,17,17,0,-0,Basic
1,A_HV,theta,18,18,0,-0,Basic
1,A_HV,theta,19,19,0,-0,Basic
1,A_HV,theta,20,20,0,-0,Basic
1,A_HV,theta,21,21,0,-0,Basic
1,A_HV,theta,22,22,0,-0,Basic
1,A_HV,theta,23,23,0,-0,Basic
1,A_HV,theta,24,24,0,-0,Basic
1,A_HV,theta,25,25,0,-0,Basic
1,A_HV,theta,26,26,0,-0,Basic
1,A_HV,theta,27,27,0,-0,Basic
1,A_HV,theta,28,28,0,-0,Basic
1,A_HV,theta,29,29,0,-0,Basic
1,A_HV,theta,30,30,0,-0,Basic
1,A_HV,theta,31,31,0,-0,Basic
1,A_HV,theta,32,32,0,-0,Basic
1,A_HV,theta,33,33,0,-0,Basic
1,A_HV,theta,34,34,0,-0,Basic
1,A_HV,theta,35,35,0,-0,Basic
1,A_HV,theta,36,36,0,-0,Basic
1,A_HV,theta,37,37,0,-0,Basic
1,A_HV,theta,38,38,0,-0,Basic
1,A_HV,theta,39,39,0,-0,Basic
1,A_HV,theta,40,40,0,-0,Basic
1,A_HV,theta,41,41,0,-0,Basic
1,A_HV,theta,42,42,0,-0,Basic
1,A_HV,theta,43,43,0,-0,Basic
1,A_HV,theta,44,44,0,-0,Basic
1,A_HV,theta,45,45,0,-0,Basic
1,A_HV,theta,46,46,0,-0,Basic
1,A_HV,theta,47,47,0,-0,Basic
1,A_HV,theta,48,48,0,-0,Basic
1,A_HV,theta,49,49,0,-0,Basic
1,A_HV,theta,50,50,0,-0,Basic
1,A_HV,theta,51,51,0,-0,Basic
1,A_HV,theta,52,52,0,-0,Basic
1,A_HV,theta,53,53,0,-0,Basic
1,A_HV,theta,54,54,0,-0,Basic
1,A_HV,theta,55,55,0,-0,Basic
1,A_HV,theta,56,56,0,-0,Basic
1,A_HV,theta,57,57,0,-0,Basic
1,A_HV,theta,58,58,0,-0,Basic
1,A_HV,theta,59,59,0,-0,Basic
1,A_HV,theta,60,60,0,-0,Basic
1,A_HV,theta,61,61,0,-0,Basic
1,A_HV,theta,62,62,0,-0,Basic
1,A_HV,theta,63,63,0,-0,Basic
1,A_HV,theta,64,64,0,-0,Basic
1,A_HV,theta,65,65,0,-0,Basic
1,A_HV,theta,66,66,0,-0,Basic
1,A_HV,theta,67,67,0,-0,Basic
1,A_HV,theta,68,68,0,-0,Basic
1,A_HV,theta,69,69,0,-0,Basic
1,A_HV,theta,70,70,0,-0,Basic
1,A_HV,theta,71,71,0,-0,Basic
1,A_HV,theta,72,72,0,-0,Basic
1,A_HV,theta,73,73,0,-0,Basic
1,A_HV,theta,74,74,0,-0,Basic
1,A_HV,theta,75,75,0,-0,Basic
1,A_HV,theta,76,76,0,-0,Basic
1,A_HV,theta,77,77,0,-0,Basic
1,A_HV,theta,78,78,0,-0,Basic
1,A_HV,theta,79,79,0,-0,Basic
1,A_HV,theta,80,80,0,-0,Basic
1,A_HV,theta,81,81,0,-0,Basic
1,A_HV,theta,82,82,0,-0,Basic
1,A_HV,theta,83,83,0,-0,Basic
1,A_HV,theta,84,84,0,-0,Basic
1,A_HV,theta,85,85,0,-0,Basic
1,A_HV,theta,86,86,0,-0,Basic
1,A_HV,theta,87,87,0,-0,Basic
1,A_HV,theta,88,88,0,-0,Basic
1,A_HV,theta,89,89,0,-0,Basic
1,A_HV,theta,90,90,0,-0,Basic
1,A_HV,theta,91,91,0,-0,Basic
1,A_HV,theta,92,92,0,-0,Basic
1,A_HV,theta,93,93,0,-0,Basic
1,A_HV,theta,94,94,0,-0,Basic
1,A_HV,theta,95,95,0,-0,Basic
1,A_HV,theta,96,96,0,-0,Basic
1,A_HV,theta,97,97,0,-0,Basic
1,A_HV,theta,98,98,0,-0,Basic
1,A_HV,theta,99,99,0,-0,Basic
1,A_HV,theta,100,100,0,-0,Basic
1,A_HV,theta,101,101,0,-0,Basic
1,A_HV,theta,102,102,0,-0,Basic
1,A_HV,theta,103,103,0,-0,Basic
1,A_HV,theta,104,104,0,-0,Basic
1,A_HV,theta,105,105,0,-0,Basic
1,A_HV,theta,106,106,0,-0,Basic
1,A_HV,theta,107,107,0,-0,Basic
1,A_HV,theta,108,108,0,-0,Basic
1,A_HV,theta,109,109,0,-0,Basic
1,A_HV,theta,110,110,0,-0,Basic
1,A_HV,theta,111,111,0,-0,Basic
1,A_HV,theta,112,112,0,-0,Basic
1,A_HV,theta,113,113,0,-0,Basic
1,A_HV,theta,114,114,0,-0,Basic
1,A_HV,theta,115,115,0,-0,Basic
1,A_HV,theta,116,116,0,-0,Basic
1,A_HV,theta,117,117,0,-0,Basic
1,A_HV,theta,118,118,0,-0,Basic
1,A_HV,theta,119,119,0,-0,Basic
1,A_HV,theta,120,120,0,-0,Basic
1,A_HV,theta,121,121,0,-0,Basic
1,A_HV,theta,122,122,0,-0,Basic
1,A_HV,theta,123,123,0,-0,Basic
1,A_HV,theta,124,124,0,-0,Basic
1,A_HV,theta,125,125,0,-0,Basic
1,A_HV,theta,126,126,0,-0,Basic
1,A_HV,theta,127,127,0,-0,Basic
1,A_HV,theta,128,128,0,-0,Basic
1,A_HV,theta,129,129,0,-0,Basic
1,A_HV,theta,130,130,0,-0,Basic
1,A_HV,theta,131,131,0,-0,Basic
1,A_HV,theta,132,132,0,-0,Basic
1,A_HV,theta,133,133,0,-0,Basic
1,A_HV,theta,134,134,0,-0,Basic
1,A_HV,theta,135,135,0,-0,Basic
1,A_HV,theta,136,136,0,-0,Basic
1,A_HV,theta,137,137,0,-0,Basic
1,A_HV,theta,138,138,0,-0,Basic
1,A_HV,theta,139,139,0,-0,Basic
1,A_HV,theta,140,140,0,-0,Basic
1,A_HV,theta,141,141,0,-0,Basic
1,A_HV,theta,142,142,0,-0,Basic
1,A_HV,theta,143,143,0,-0,Basic
1,A_HV,theta,144,144,0,-0,Basic
1,A_HV,theta,145,145,0,-0,Basic
1,A_HV,theta,146,146,0,-0,Basic
1,A_HV,theta,147,147,0,-0,Basic
1,A_HV,theta,148,148,0,-0,Basic
1,A_HV,theta,149,149,0,-0,Basic
1,A_HV,theta,150,150,0,-0,Basic
1,A_HV,theta,151,151,0,-0,Basic
1,A_HV,theta,152,152,0,-0,Basic
1,A_HV,theta,153,153,0,-0,Basic
1,A_HV,theta,154,154,0,-0,Basic
1,A_HV,theta,155,155,0,-0,Basic
1,A_HV,theta,156,156,0,-0,Basic
1,A_HV,theta,157,157,0,-0,Basic
1,A_HV,theta,158,158,0,-0,Basic
1,A_HV,theta,159,159,0,-0,Basic
1,A_HV,theta,160,160,0,-0,Basic
1,A_HV,theta,161,161,0,-0,Basic
1,A_HV,theta,162,162,0,-0,Basic
1,A_HV,theta,163,163,0,-0,Basic
1,A_HV,theta,164,164,0,-0,Basic
1,A_HV,theta,165,165,0,-0,Basic
1,A_HV,theta,166,166,0,-0,Basic
1,A_HV,theta,167,167,0,-0,Basic
1,A_HV,theta,168,168,0,-0,Basic
1,A_HV,theta_zero,1,1,0,None,Fixed value
1,A_HV,theta_zero,2,2,0,None,Fixed value
1,A_HV,theta_zero,3,3,0,None,Fixed value
1,A_HV,theta_zero,4,4,0,None,Fixed value
1,A_HV,theta_zero,5,5,0,None,Fixed value
1,A_HV,theta_zero,6,6,0,None,Fixed value
1,A_HV,theta_zero,7,7,0,None,Fixed value
1,A_HV,theta_zero,8,8,0,None,Fixed value
1,A_HV,theta_zero,9,9,0,None,Fixed value
1,A_HV,theta_zero,10,10,0,None,Fixed value
1,A_HV,theta_zero,11,11,0,None,Fixed value
1,A_HV,theta_zero,12,12,0,None,Fixed value
1,A_HV,theta_zero,13,13,0,None,Fixed value
1,A_HV,theta_zero,14,14,0,None,Fixed value
1,A_HV,theta_zero,15,15,0,None,Fixed value
1,A_HV,theta_zero,16,16,0,None,Fixed value
1,A_HV,theta_zero,17,17,0,None,Fixed value
1,A_HV,theta_zero,18,18,0,None,Fixed value
1,A_HV,theta_zero,19,19,0,None,Fixed value
1,A_HV,theta_zero,20,20,0,None,Fixed value
1,A_HV,theta_zero,21,21,0,None,Fixed value
1,A_HV,theta_zero,22,22,0,None,Fixed value
1,A_HV,theta_zero,23,23,0,None,Fixed value
1,A_HV,theta_zero,24,24,0,None,Fixed value
1,A_HV,theta_zero,25,25,0,None,Fixed value
1,A_HV,theta_zero,26,26,0,None,Fixed value
1,A_HV,theta_zero,27,27,0,None,Fixed value
1,A_HV,theta_zero,28,28,0,None,Fixed value
1,A_HV,theta_zero,29,29,0,None,Fixed value
1,A_HV,theta_zero,30,30,0,None,Fixed value
1,A_HV,theta_zero,31,31,0,None,Fixed value
1,A_HV,theta_zero,32,32,0,None,Fixed value
1,A_HV,theta_zero,33,33,0,None,Fixed value
1,A_HV,theta_zero,34,34,0,None,Fixed value
1,A_HV,theta_zero,35,35,0,None,Fixed value
1,A_HV,theta_zero,36,36,0,None,Fixed value
1,A_HV,theta_zero,37,37,0,None,Fixed value
1,A_HV,theta_zero,38,38,0,None,Fixed value
1,A_HV,theta_zero,39,39,0,None,Fixed value
1,A_HV,theta_zero,40,40,0,None,Fixed value
1,A_HV,theta_zero,41,41,0,None,Fixed value
1,A_HV,theta_zero,42,42,0,None,Fixed value
1,A_HV,theta_zero,43,43,0,None,Fixed value
1,A_HV,theta_zero,44,44,0,None,Fixed value
1,A_HV,theta_zero,45,45,0,None,Fixed value
1,A_HV,theta_zero,46,46,0,None,Fixed value
1,A_HV,theta_zero,47,47,0,None,Fixed value
1,A_HV,theta_zero,48,48,0,None,Fixed value
1,A_HV,theta_zero,49,49,0,None,Fixed value
1,A_HV,theta_zero,50,50,0,None,Fixed value
1,A_HV,theta_zero,51,51,0,None,Fixed value
1,A_HV,theta_zero,52,52,0,None,Fixed value
1,A_HV,theta_zero,53,53,0,None,Fixed value
1,A_HV,theta_zero,54,54,0,None,Fixed value
1,A_HV,theta_zero,55,55,0,None,Fixed value
1,A_HV,theta_zero,56,56,0,None,Fixed value
1,A_HV,theta_zero,57,57,0,None,Fixed value
1,A_HV,theta_zero,58,58,0,None,Fixed value
1,A_HV,theta_zero,59,59,0,None,Fixed value
1,A_HV,theta_zero,60,60,0,None,Fixed value
1,A_HV,theta_zero,61,61,0,None,Fixed value
1,A_HV,theta_zero,62,62,0,None,Fixed value
1,A_HV,theta_zero,63,63,0,None,Fixed value
1,A_HV,theta_zero,64,64,0,None,Fixed value
1,A_HV,theta_zero,65,65,0,None,Fixed value
1,A_HV,theta_zero,66,66,0,None,Fixed value
1,A_HV,theta_zero,67,67,0,None,Fixed value
1,A_HV,theta_zero,68,68,0,None,Fixed value
1,A_HV,theta_zero,69,69,0,None,Fixed value
1,A_HV,theta_zero,70,70,0,None,Fixed value
1,A_HV,theta_zero,71,71,0,None,Fixed value
1,A_HV,theta_zero,72,72,0,None,Fixed value
1,A_HV,theta_zero,73,73,0,None,Fixed value
1,A_HV,theta_zero,74,74,0,None,Fixed value
1,A_HV,theta_zero,75,75,0,None,Fixed value
1,A_HV,theta_zero,76,76,0,None,Fixed value
1,A_HV,theta_zero,77,77,0,None,Fixed value
1,A_HV,theta_zero,78,78,0,None,Fixed value
1,A_HV,theta_zero,79,79,0,None,Fixed value
1,A_HV,theta_zero,80,80,0,None,Fixed value
1,A_HV,theta_zero,81,81,0,None,Fixed value
1,A_HV,theta_zero,82,82,0,None,Fixed value
1,A_HV,theta_zero,83,83,0,None,Fixed value
1,A_HV,theta_zero,84,84,0,None,Fixed value
1,A_HV,theta_zero,85,85,0,None,Fixed value
1,A_HV,theta_zero,86,86,0,None,Fixed value
1,A_HV,theta_zero,87,87,0,None,Fixed value
1,A_HV,theta_zero,88,88,0,None,Fixed value
1,A_HV,theta_zero,89,89,0,None,Fixed value
1,A_HV,theta_zero,90,90,0,None,Fixed value
1,A_HV,theta_zero,91,91,0,None,Fixed value
1,A_HV,theta_zero,92,92,0,None,Fixed value
1,A_HV,theta_zero,93,93,0,None,Fixed value
1,A_HV,theta_zero,94,94,0,None,Fixed value
1,A_HV,theta_zero,95,95,0,None,Fixed value
1,A_HV,theta_zero,96,96,0,None,Fixed value
1,A_HV,theta_zero,97,97,0,None,Fixed value
1,A_HV,theta_zero,98,98,0,None,Fixed value
1,A_HV,theta_zero,99,99,0,None,Fixed value
1,A_HV,theta_zero,100,100,0,None,Fixed value
1,A_HV,theta_zero,101,101,0,None,Fixed value
1,A_HV,theta_zero,102,102,0,None,Fixed value
1,A_HV,theta_zero,103,103,0,None,Fixed value
1,A_HV,theta_zero,104,104,0,None,Fixed value
1,A_HV,theta_zero,105,105,0,None,Fixed value
1,A_HV,theta_zero,106,106,0,None,Fixed value
1,A_HV,theta_zero,107,107,0,None,Fixed value
1,A_HV,theta_zero,108,108,0,None,Fixed value
1,A_HV,theta_zero,109,109,0,None,Fixed value
1,A_HV,theta_zero,110,110,0,None,Fixed value
1,A_HV,theta_zero,111,111,0,None,Fixed value
1,A_HV,theta_zero,112,112,0,None,Fixed value
1,A_HV,theta_zero,113,113,0,None,Fixed value
1,A_HV,theta_zero,114,114,0,None,Fixed value
1,A_HV,theta_zero,115,115,0,None,Fixed value
1,A_HV,theta_zero,116,116,0,None,Fixed value
1,A_HV,theta_zero,117,117,0,None,Fixed value
1,A_HV,theta_zero,118,118,0,None,Fixed value
1,A_HV,theta_zero,119,119,0,None,Fixed value
1,A_HV,theta_zero,120,120,0,None,Fixed value
1,A_HV,theta_zero,121,121,0,None,Fixed value
1,A_HV,theta_zero,122,122,0,None,Fixed value
1,A_HV,theta_zero,123,123,0,None,Fixed value
1,A_HV,theta_zero,124,124,0,None,Fixed value
1,A_HV,theta_zero,125,125,0,None,Fixed value
1,A_HV,theta_zero,126,126,0,None,Fixed value
1,A_HV,theta_zero,127,127,0,None,Fixed value
1,A_HV,theta_zero,128,128,0,None,Fixed value
1,A_HV,theta_zero,129,129,0,None,Fixed value
1,A_HV,theta_zero,130,130,0,None,Fixed value
1,A_HV,theta_zero,131,131,0,None,Fixed value
1,A_HV,theta_zero,132,132,0,None,Fixed value
1,A_HV,theta_zero,133,133,0,None,Fixed value
1,A_HV,theta_zero,134,134,0,None,Fixed value
1,A_HV,theta_zero,135,135,0,None,Fixed value
1,A_HV,theta_zero,136,136,0,None,Fixed value
1,A_HV,theta_zero,137,137,0,None,Fixed value
1,A_HV,theta_zero,138,138,0,None,Fixed value
1,A_HV,theta_zero,139,139,0,None,Fixed value
1,A_HV,theta_zero,140,140,0,None,Fixed value
1,A_HV,theta_zero,141,141,0,None,Fixed value
1,A_HV,theta_zero,142,142,0,None,Fixed value
1,A_HV,theta_zero,143,143,0,None,Fixed value
1,A_HV,theta_zero,144,144,0,None,Fixed value
1,A_HV,theta_zero,145,145,0,None,Fixed value
1,A_HV,theta_zero,146,146,0,None,Fixed value
1,A_HV,theta_zero,147,147,0,None,Fixed value
1,A_HV,theta_zero,148,148,0,None,Fixed value
1,A_HV,theta_zero,149,149,0,None,Fixed value
1,A_HV,theta_zero,150,150,0,None,Fixed value
1,A_HV,theta_zero,151,151,0,None,Fixed value
1,A_HV,theta_zero,152,152,0,None,Fixed value
1,A_HV,theta_zero,153,153,0,None,Fixed value
1,A_HV,theta_zero,154,154,0,None,Fixed value
1,A_HV,theta_zero,155,155,0,None,Fixed value
1,A_HV,theta_zero,156,156,0,None,Fixed value
1,A_HV,theta_zero,157,157,0,None,Fixed value
1,A_HV,theta_zero,158,158,0,None,Fixed value
1,A_HV,theta_zero,159,159,0,None,Fixed value
1,A_HV,theta_zero,160,160,0,None,Fixed value
1,A_HV,theta_zero,161,161,0,None,Fixed value
1,A_HV,theta_zero,162,162,0,None,Fixed value
1,A_HV,theta_zero,163,163,0,None,Fixed value
1,A_HV,theta_zero,164,164,0,None,Fixed value
1,A_HV,theta_zero,165,165,0,None,Fixed value
1,A_HV,theta_zero,166,166,0,None,Fixed value
1,A_HV,theta_zero,167,167,0,None,Fixed value
1,A_HV,theta_zero,168,168,0,None,Fixed value
1,A_HV,p_balance,1,1,0,None,Fixed value
1,A_HV,p_balance,2,2,0,None,Fixed value
1,A_HV,p_balance,3,3,0,None,Fixed value
1,A_HV,p_balance,4,4,0,None,Fixed value
1,A_HV,p_balance,5,5,0,None,Fixed value
1,A_HV,p_balance,6,6,0,None,Fixed value
1,A_HV,p_balance,7,7,0,None,Fixed value
1,A_HV,p_balance,8,8,0,None,Fixed value
1,A_HV,p_balance,9,9,0,None,Fixed value
1,A_HV,p_balance,10,10,0,None,Fixed value
1,A_HV,p_balance,11,11,0,None,Fixed value
1,A_HV,p_balance,12,12,0,None,Fixed value
1,A_HV,p_balance,13,13,0,None,Fixed value
1,A_HV,p_balance,14,14,0,None,Fixed value
1,A_HV,p_balance,15,15,0,None,Fixed value
1,A_HV,p_balance,16,16,0,None,Fixed value
1,A_HV,p_balance,17,17,0,None,Fixed value
1,A_HV,p_balance,18,18,0,None,Fixed value
1,A_HV,p_balance,19,19,0,None,Fixed value
1,A_HV,p_balance,20,20,0,None,Fixed value
1,A_HV,p_balance,21,21,0,None,Fixed value
1,A_HV,p_balance,22,22,0,None,Fixed value
1,A_HV,p_balance,23,23,0,None,Fixed value
1,A_HV,p_balance,24,24,0,None,Fixed value
1,A_HV,p_balance,25,25,0,None,Fixed value
1,A_HV,p_balance,26,26,0,None,Fixed value
1,A_HV,p_balance,27,27,0,None,Fixed value
1,A_HV,p_balance,28,28,0,None,Fixed value
1,A_HV,p_balance,29,29,0,None,Fixed value
1,A_HV,p_balance,30,30,0,None,Fixed value
1,A_HV,p_balance,31,31,0,None,Fixed value
1,A_HV,p_balance,32,32,0,None,Fixed value
1,A_HV,p_balance,33,33,0,None,Fixed value
1,A_HV,p_balance,34,34,0,None,Fixed value
1,A_HV,p_balance,35,35,0,None,Fixed value
1,A_HV,p_balance,36,36,0,None,Fixed value
1,A_HV,p_balance,37,37,0,None,Fixed value
1,A_HV,p_balance,38,38,0,None,Fixed value
1,A_HV,p_balance,39,39,0,None,Fixed value
1,A_HV,p_balance,40,40,0,None,Fixed value
1,A_HV,p_balance,41,41,0,None,Fixed value
1,A_HV,p_balance,42,42,0,None,Fixed value
1,A_HV,p_balance,43,43,0,None,Fixed value
1,A_HV,p_balance,44,44,0,None,Fixed value
1,A_HV,p_balance,45,45,0,None,Fixed value
1,A_HV,p_balance,46,46,0,None,Fixed value
1,A_HV,p_balance,47,47,0,None,Fixed value
1,A_HV,p_balance,48,48,0,None,Fixed value
1,A_HV,p_balance,49,49,0,None,Fixed value
1,A_HV,p_balance,50,50,0,None,Fixed value
1,A_HV,p_balance,51,51,0,None,Fixed value
1,A_HV,p_balance,52,52,0,None,Fixed value
1,A_HV,p_balance,53,53,0,None,Fixed value
1,A_HV,p_balance,54,54,0,None,Fixed value
1,A_HV,p_balance,55,55,0,None,Fixed value
1,A_HV,p_balance,56,56,0,None,Fixed value
1,A_HV,p_balance,57,57,0,None,Fixed value
1,A_HV,p_balance,58,58,0,None,Fixed value
1,A_HV,p_balance,59,59,0,None,Fixed value
1,A_HV,p_balance,60,60,0,None,Fixed value
1,A_HV,p_balance,61,61,0,None,Fixed value
1,A_HV,p_balance,62,62,0,None,Fixed value
1,A_HV,p_balance,63,63,0,None,Fixed value
1,A_HV,p_balance,64,64,0,None,Fixed value
1,A_HV,p_balance,65,65,0,None,Fixed value
1,A_HV,p_balance,66,66,0,None,Fixed value
1,A_HV,p_balance,67,67,0,None,Fixed value
1,A_HV,p_balance,68,68,0,None,Fixed value
1,A_HV,p_balance,69,69,0,None,Fixed value
1,A_HV,p_balance,70,70,0,None,Fixed value
1,A_HV,p_balance,71,71,0,None,Fixed value
1,A_HV,p_balance,72,72,0,None,Fixed value
1,A_HV,p_balance,73,73,0,None,Fixed value
1,A_HV,p_balance,74,74,0,None,Fixed value
1,A_HV,p_balance,75,75,0,None,Fixed value
1,A_HV,p_balance,76,76,0,None,Fixed value
1,A_HV,p_balance,77,77,0,None,Fixed value
1,A_HV,p_balance,78,78,0,None,Fixed value
1,A_HV,p_balance,79,79,0,None,Fixed value
1,A_HV,p_balance,80,80,0,None,Fixed value
1,A_HV,p_balance,81,81,0,None,Fixed value
1,A_HV,p_balance,82,82,0,None,Fixed value
1,A_HV,p_balance,83,83,0,None,Fixed value
1,A_HV,p_balance,84,84,0,None,Fixed value
1,A_HV,p_balance,85,85,0,None,Fixed value
1,A_HV,p_balance,86,86,0,None,Fixed value
1,A_HV,p_balance,87,87,0,None,Fixed value
1,A_HV,p_balance,88,88,0,None,Fixed value
1,A_HV,p_balance,89,89,0,None,Fixed value
1,A_HV,p_balance,90,90,0,None,Fixed value
1,A_HV,p_balance,91,91,0,None,Fixed value
1,A_HV,p_balance,92,92,0,None,Fixed value
1,A_HV,p_balance,93,93,0,None,Fixed value
1,A_HV,p_balance,94,94,0,None,Fixed value
1,A_HV,p_balance,95,95,0,None,Fixed value
1,A_HV,p_balance,96,96,0,None,Fixed value
1,A_HV,p_balance,97,97,0,None,Fixed value
1,A_HV,p_balance,98,98,0,None,Fixed value
1,A_HV,p_balance,99,99,0,None,Fixed value
1,A_HV,p_balance,100,100,0,None,Fixed value
1,A_HV,p_balance,101,101,0,None,Fixed value
1,A_HV,p_balance,102,102,0,None,Fixed value
1,A_HV,p_balance,103,103,0,None,Fixed value
1,A_HV,p_balance,104,104,0,None,Fixed value
1,A_HV,p_balance,105,105,0,None,Fixed value
1,A_HV,p_balance,106,106,0,None,Fixed value
1,A_HV,p_balance,107,107,0,None,Fixed value
1,A_HV,p_balance,108,108,0,None,Fixed value
1,A_HV,p_balance,109,109,0,None,Fixed value
1,A_HV,p_balance,110,110,0,None,Fixed value
1,A_HV,p_balance,111,111,0,None,Fixed value
1,A_HV,p_balance,112,112,0,None,Fixed value
1,A_HV,p_balance,113,113,0,None,Fixed value
1,A_HV,p_balance,114,114,0,None,Fixed value
1,A_HV,p_balance,115,115,0,None,Fixed value
1,A_HV,p_balance,116,116,0,None,Fixed value
1,A_HV,p_balance,117,117,0,None,Fixed value
1,A_HV,p_balance,118,118,0,None,Fixed value
1,A_HV,p_balance,119,119,0,None,Fixed value
1,A_HV,p_balance,120,120,0,None,Fixed value
1,A_HV,p_balance,121,121,0,None,Fixed value
1,A_HV,p_balance,122,122,0,None,Fixed value
1,A_HV,p_balance,123,123,0,None,Fixed value
1,A_HV,p_balance,124,124,0,None,Fixed value
1,A_HV,p_balance,125,125,0,None,Fixed value
1,A_HV,p_balance,126,126,0,None,Fixed value
1,A_HV,p_balance,127,127,0,None,Fixed value
1,A_HV,p_balance,128,128,0,None,Fixed value
1,A_HV,p_balance,129,129,0,None,Fixed value
1,A_HV,p_balance,130,130,0,None,Fixed value
1,A_HV,p_balance,131,131,0,None,Fixed value
1,A_HV,p_balance,132,132,0,None,Fixed value
1,A_HV,p_balance,133,133,0,None,Fixed value
1,A_HV,p_balance,134,134,0,None,Fixed value
1,A_HV,p_balance,135,135,0,None,Fixed value
1,A_HV,p_balance,136,136,0,None,Fixed value
1,A_HV,p_balance,137,137,0,None,Fixed value
1,A_HV,p_balance,138,138,0,None,Fixed value
1,A_HV,p_balance,139,139,0,None,Fixed value
1,A_HV,p_balance,140,140,0,None,Fixed value
1,A_HV,p_balance,141,141,0,None,Fixed value
1,A_HV,p_balance,142,142,0,None,Fixed value
1,A_HV,p_balance,143,143,0,None,Fixed value
1,A_HV,p_balance,144,144,0,None,Fixed value
1,A_HV,p_balance,145,145,0,None,Fixed value
1,A_HV,p_balance,146,146,0,None,Fixed value
1,A_HV,p_balance,147,147,0,None,Fixed value
1,A_HV,p_balance,148,148,0,None,Fixed value
1,A_HV,p_balance,149,149,0,None,Fixed value
1,A_HV,p_balance,150,150,0,None,Fixed value
1,A_HV,p_balance,151,151,0,None,Fixed value
1,A_HV,p_balance,152,152,0,None,Fixed value
1,A_HV,p_balance,153,153,0,None,Fixed value
1,A_HV,p_balance,154,154,0,None,Fixed value
1,A_HV,p_balance,155,155,0,None,Fixed value
1,A_HV,p_balance,156,156,0,None,Fixed value
1,A_HV,p_balance,157,157,0,None,Fixed value
1,A_HV,p_balance,158,158,0,None,Fixed value
1,A_HV,p_balance,159,159,0,None,Fixed value
1,A_HV,p_balance,160,160,0,None,Fixed value
1,A_HV,p_balance,161,161,0,None,Fixed value
1,A_HV,p_balance,162,162,0,None,Fixed value
1,A_HV,p_balance,163,163,0,None,Fixed value
1,A_HV,p_balance,164,164,0,None,Fixed value
1,A_HV,p_balance,165,165,0,None,Fixed value
1,A_HV,p_balance,166,166,0,None,Fixed value
1,A_HV,p_balance,167,167,0,None,Fixed value
1,A_HV,p_balance,168,168,0,None,Fixed value
1,A_HV,q_balance,None,None,None,None,Basic
1,A_HV,theta_port.theta,1,1,0,-0,None
1,A_HV,theta_port.theta,2,2,0,-0,None
1,A_HV,theta_port.theta,3,3,0,-0,None
1,A_HV,theta_port.theta,4,4,0,-0,None
1,A_HV,theta_port.theta,5,5,0,-0,None
1,A_HV,theta_port.theta,6,6,0,-0,None
1,A_HV,theta_port.theta,7,7,0,-0,None
1,A_HV,theta_port.theta,8,8,0,-0,None
1,A_HV,theta_port.theta,9,9,0,-0,None
1,A_HV,theta_port.theta,10,10,0,-0,None
1,A_HV,theta_port.theta,11,11,0,-0,None
1,A_HV,theta_port.theta,12,12,0,-0,None
1,A_HV,theta_port.theta,13,13,0,-0,None
1,A_HV,theta_port.theta,14,14,0,-0,None
1,A_HV,theta_port.theta,15,15,0,-0,None
1,A_HV,theta_port.theta,16,16,0,-0,None
1,A_HV,theta_port.theta,17,17,0,-0,None
1,A_HV,theta_port.theta,18,18,0,-0,None
1,A_HV,theta_port.theta,19,19,0,-0,None
1,A_HV,theta_port.theta,20,20,0,-0,None
1,A_HV,theta_port.theta,21,21,0,-0,None
1,A_HV,theta_port.theta,22,22,0,-0,None
1,A_HV,theta_port.theta,23,23,0,-0,None
1,A_HV,theta_port.theta,24,24,0,-0,None
1,A_HV,theta_port.theta,25,25,0,-0,None
1,A_HV,theta_port.theta,26,26,0,-0,None
1,A_HV,theta_port.theta,27,27,0,-0,None
1,A_HV,theta_port.theta,28,28,0,-0,None
1,A_HV,theta_port.theta,29,29,0,-0,None
1,A_HV,theta_port.theta,30,30,0,-0,None
1,A_HV,theta_port.theta,31,31,0,-0,None
1,A_HV,theta_port.theta,32,32,0,-0,None
1,A_HV,theta_port.theta,33,33,0,-0,None
1,A_HV,theta_port.theta,34,34,0,-0,None
1,A_HV,theta_port.theta,35,35,0,-0,None
1,A_HV,theta_port.theta,36,36,0,-0,None
1,A_HV,theta_port.theta,37,37,0,-0,None
1,A_HV,theta_port.theta,38,38,0,-0,None
1,A_HV,theta_port.theta,39,39,0,-0,None
1,A_HV,theta_port.theta,40,40,0,-0,None
1,A_HV,theta_port.theta,41,41,0,-0,None
1,A_HV,theta_port.theta,42,42,0,-0,None
1,A_HV,theta_port.theta,43,43,0,-0,None
1,A_HV,theta_port.theta,44,44,0,-0,None
1,A_HV,theta_port.theta,45,45,0,-0,None
1,A_HV,theta_port.theta,46,46,0,-0,None
1,A_HV,theta_port.theta,47,47,0,-0,None
1,A_HV,theta_port.theta,48,48,0,-0,None
1,A_HV,theta_port.theta,49,49,0,-0,None
1,A_HV,theta_port.theta,50,50,0,-0,None
1,A_HV,theta_port.theta,51,51,0,-0,None
1,A_HV,theta_port.theta,52,52,0,-0,None
1,A_HV,theta_port.theta,53,53,0,-0,None
1,A_HV,theta_port.theta,54,54,0,-0,None
1,A_HV,theta_port.theta,55,55,0,-0,None
1,A_HV,theta_port.theta,56,56,0,-0,None
1,A_HV,theta_port.theta,57,57,0,-0,None
1,A_HV,theta_port.theta,58,58,0,-0,None
1,A_HV,theta_port.theta,59,59,0,-0,None
1,A_HV,theta_port.theta,60,60,0,-0,None
1,A_HV,theta_port.theta,61,61,0,-0,None
1,A_HV,theta_port.theta,62,62,0,-0,None
1,A_HV,theta_port.theta,63,63,0,-0,None
1,A_HV,theta_port.theta,64,64,0,-0,None
1,A_HV,theta_port.theta,65,65,0,-0,None
1,A_HV,theta_port.theta,66,66,0,-0,None
1,A_HV,theta_port.theta,67,67,0,-0,None
1,A_HV,theta_port.theta,68,68,0,-0,None
1,A_HV,theta_port.theta,69,69,0,-0,None
1,A_HV,theta_port.theta,70,70,0,-0,None
1,A_HV,theta_port.theta,71,71,0,-0,None
1,A_HV,theta_port.theta,72,72,0,-0,None
1,A_HV,theta_port.theta,73,73,0,-0,None
1,A_HV,theta_port.theta,74,74,0,-0,None
1,A_HV,theta_port.theta,75,75,0,-0,None
1,A_HV,theta_port.theta,76,76,0,-0,None
1,A_HV,theta_port.theta,77,77,0,-0,None
1,A_HV,theta_port.theta,78,78,0,-0,None
1,A_HV,theta_port.theta,79,79,0,-0,None
1,A_HV,theta_port.theta,80,80,0,-0,None
1,A_HV,theta_port.theta,81,81,0,-0,None
1,A_HV,theta_port.theta,82,82,0,-0,None
1,A_HV,theta_port.theta,83,83,0,-0,None
1,A_HV,theta_port.theta,84,84,0,-0,None
1,A_HV,theta_port.theta,85,85,0,-0,None
1,A_HV,theta_port.theta,86,86,0,-0,None
1,A_HV,theta_port.theta,87,87,0,-0,None
1,A_HV,theta_port.theta,88,88,0,-0,None
1,A_HV,theta_port.theta,89,89,0,-0,None
1,A_HV,theta_port.theta,90,90,0,-0,None
1,A_HV,theta_port.theta,91,91,0,-0,None
1,A_HV,theta_port.theta,92,92,0,-0,None
1,A_HV,theta_port.theta,93,93,0,-0,None
1,A_HV,theta_port.theta,94,94,0,-0,None
1,A_HV,theta_port.theta,95,95,0,-0,None
1,A_HV,theta_port.theta,96,96,0,-0,None
1,A_HV,theta_port.theta,97,97,0,-0,None
1,A_HV,theta_port.theta,98,98,0,-0,None
1,A_HV,theta_port.theta,99,99,0,-0,None
1,A_HV,theta_port.theta,100,100,0,-0,None
1,A_HV,theta_port.theta,101,101,0,-0,None
1,A_HV,theta_port.theta,102,102,0,-0,None
1,A_HV,theta_port.theta,103,103,0,-0,None
1,A_HV,theta_port.theta,104,104,0,-0,None
1,A_HV,theta_port.theta,105,105,0,-0,None
1,A_HV,theta_port.theta,106,106,0,-0,None
1,A_HV,theta_port.theta,107,107,0,-0,None
1,A_HV,theta_port.theta,108,108,0,-0,None
1,A_HV,theta_port.theta,109,109,0,-0,None
1,A_HV,theta_port.theta,110,110,0,-0,None
1,A_HV,theta_port.theta,111,111,0,-0,None
1,A_HV,theta_port.theta,112,112,0,-0,None
1,A_HV,theta_port.theta,113,113,0,-0,None
1,A_HV,theta_port.theta,114,114,0,-0,None
1,A_HV,theta_port.theta,115,115,0,-0,None
1,A_HV,theta_port.theta,116,116,0,-0,None
1,A_HV,theta_port.theta,117,117,0,-0,None
1,A_HV,theta_port.theta,118,118,0,-0,None
1,A_HV,theta_port.theta,119,119,0,-0,None
1,A_HV,theta_port.theta,120,120,0,-0,None
1,A_HV,theta_port.theta,121,121,0,-0,None
1,A_HV,theta_port.theta,122,122,0,-0,None
1,A_HV,theta_port.theta,123,123,0,-0,None
1,A_HV,theta_port.theta,124,124,0,-0,None
1,A_HV,theta_port.theta,125,125,0,-0,None
1,A_HV,theta_port.theta,126,126,0,-0,None
1,A_HV,theta_port.theta,127,127,0,-0,None
1,A_HV,theta_port.theta,128,128,0,-0,None
1,A_HV,theta_port.theta,129,129,0,-0,None
1,A_HV,theta_port.theta,130,130,0,-0,None
1,A_HV,theta_port.theta,131,131,0,-0,None
1,A_HV,theta_port.theta,132,132,0,-0,None
1,A_HV,theta_port.theta,133,133,0,-0,None
1,A_HV,theta_port.theta,134,134,0,-0,None
1,A_HV,theta_port.theta,135,135,0,-0,None
1,A_HV,theta_port.theta,136,136,0,-0,None
1,A_HV,theta_port.theta,137,137,0,-0,None
1,A_HV,theta_port.theta,138,138,0,-0,None
1,A_HV,theta_port.theta,139,139,0,-0,None
1,A_HV,theta_port.theta,140,140,0,-0,None
1,A_HV,theta_port.theta,141,141,0,-0,None
1,A_HV,theta_port.theta,142,142,0,-0,None
1,A_HV,theta_port.theta,143,143,0,-0,None
1,A_HV,theta_port.theta,144,144,0,-0,None
1,A_HV,theta_port.theta,145,145,0,-0,None
1,A_HV,theta_port.theta,146,146,0,-0,None
1,A_HV,theta_port.theta,147,147,0,-0,None
1,A_HV,theta_port.theta,148,148,0,-0,None
1,A_HV,theta_port.theta,149,149,0,-0,None
1,A_HV,theta_port.theta,150,150,0,-0,None
1,A_HV,theta_port.theta,151,151,0,-0,None
1,A_HV,theta_port.theta,152,152,0,-0,None
1,A_HV,theta_port.theta,153,153,0,-0,None
1,A_HV,theta_port.theta,154,154,0,-0,None
1,A_HV,theta_port.theta,155,155,0,-0,None
1,A_HV,theta_port.theta,156,156,0,-0,None
1,A_HV,theta_port.theta,157,157,0,-0,None
1,A_HV,theta_port.theta,158,158,0,-0,None
1,A_HV,theta_port.theta,159,159,0,-0,None
1,A_HV,theta_port.theta,160,160,0,-0,None
1,A_HV,theta_port.theta,161,161,0,-0,None
1,A_HV,theta_port.theta,162,162,0,-0,None
1,A_HV,theta_port.theta,163,163,0,-0,None
1,A_HV,theta_port.theta,164,164,0,-0,None
1,A_HV,theta_port.theta,165,165,0,-0,None
1,A_HV,theta_port.theta,166,166,0,-0,None
1,A_HV,theta_port.theta,167,167,0,-0,None
1,A_HV,theta_port.theta,168,168,0,-0,None
1,B_LV,theta,1,1,0,-0.0333333333333333,Basic
1,B_LV,theta,2,2,0,-0.0346666666666667,Basic
1,B_LV,theta,3,3,0,-0.0373333333333333,Basic
1,B_LV,theta,4,4,0,-0.0426666666666667,Basic
1,B_LV,theta,5,5,0,-0.0506666666666667,Basic
1,B_LV,theta,6,6,0,-0.0586666666666667,Basic
1,B_LV,theta,7,7,0,-0.0666666666666667,Basic
1,B_LV,theta,8,8,0,-0.0746666666666667,Basic
1,B_LV,theta,9,9,0,-0.0826666666666667,Basic
1,B_LV,theta,10,10,0,-0.0906666666666667,Basic
1,B_LV,theta,11,11,0,-0.096,Basic
1,B_LV,theta,12,12,0,-0.0986666666666667,Basic
1,B_LV,theta,13,13,0,-0.1,Basic
1,B_LV,theta,14,14,0,-0.0986666666666667,Basic
1,B_LV,theta,15,15,0,-0.096,Basic
1,B_LV,theta,16,16,0,-0.0906666666666667,Basic
1,B_LV,theta,17,17,0,-0.0826666666666667,Basic
1,B_LV,theta,18,18,0,-0.0746666666666667,Basic
1,B_LV,theta,19,19,0,-0.0666666666666667,Basic
1,B_LV,theta,20,20,0,-0.0586666666666667,Basic
1,B_LV,theta,21,21,0,-0.0506666666666667,Basic
1,B_LV,theta,22,22,0,-0.0426666666666667,Basic
1,B_LV,theta,23,23,0,-0.0373333333333333,Basic
1,B_LV,theta,24,24,0,-0.0346666666666667,Basic
1,B_LV,theta,25,25,0,-0.0333333333333333,Basic
1,B_LV,theta,26,26,0,-0.0346666666666667,Basic
1,B_LV,theta,27,27,0,-0.0373333333333333,Basic
1,B_LV,theta,28,28,0,-0.0426666666666667,Basic
1,B_LV,theta,29,29,0,-0.0506666666666667,Basic
1,B_LV,theta,30,30,0,-0.0586666666666667,Basic
1,B_LV,theta,31,31,0,-0.0666666666666667,Basic
1,B_LV,theta,32,32,0,-0.0746666666666667,Basic
1,B_LV,theta,33,33,0,-0.0826666666666667,Basic
1,B_LV,theta,34,34,0,-0.0906666666666667,Basic
1,B_LV,theta,35,35,0,-0.096,Basic
1,B_LV,theta,36,36,0,-0.0986666666666667,Basic
1,B_LV,theta,37,37,0,-0.1,Basic
1,B_LV,theta,38,38,0,-0.0986666666666667,Basic
1,B_LV,theta,39,39,0,-0.096,Basic
1,B_LV,theta,40,40,0,-0.0906666666666667,Basic
1,B_LV,theta,41,41,0,-0.0826666666666667,Basic
1,B_LV,theta,42,42,0,-0.0746666666666667,Basic
1,B_LV,theta,43,43,0,-0.0666666666666667,Basic
1,B_LV,theta,44,44,0,-0.0586666666666667,Basic
1,B_LV,theta,45,45,0,-0.0506666666666667,Basic
1,B_LV,theta,46,46,0,-0.0426666666666667,Basic
1,B_LV,theta,47,47,0,-0.0373333333333333,Basic
1,B_LV,theta,48,48,0,-0.0346666666666667,Basic
1,B_LV,theta,49,49,0,-0.0333333333333333,Basic
1,B_LV,theta,50,50,0,-0.0346666666666667,Basic
1,B_LV,theta,51,51,0,-0.0373333333333333,Basic
1,B_LV,theta,52,52,0,-0.0426666666666667,Basic
1,B_LV,theta,53,53,0,-0.0506666666666667,Basic
1,B_LV,theta,54,54,0,-0.0586666666666667,Basic
1,B_LV,theta,55,55,0,-0.0666666666666667,Basic
1,B_LV,theta,56,56,0,-0.0746666666666667,Basic
1,B_LV,theta,57,57,0,-0.0826666666666667,Basic
1,B_LV,theta,58,58,0,-0.0906666666666667,Basic
1,B_LV,theta,59,59,0,-0.096,Basic
1,B_LV,theta,60,60,0,-0.0986666666666667,Basic
1,B_LV,theta,61,61,0,-0.1,Basic
1,B_LV,theta,62,62,0,-0.0986666666666667,Basic
1,B_LV,theta,63,63,0,-0.096,Basic
1,B_LV,theta,64,64,0,-0.0906666666666667,Basic
1,B_LV,theta,65,65,0,-0.0826666666666667,Basic
1,B_LV,theta,66,66,0,-0.0746666666666667,Basic
1,B_LV,theta,67,67,0,-0.0666666666666667,Basic
1,B_LV,theta,68,68,0,-0.0586666666666667,Basic
1,B_LV,theta,69,69,0,-0.0506666666666667,Basic
1,B_LV,theta,70,70,0,-0.0426666666666667,Basic
1,B_LV,theta,71,71,0,-0.0373333333333333,Basic
1,B_LV,theta,72,72,0,-0.0346666666666667,Basic
1,B_LV,theta,73,73,0,-0.0333333333333333,Basic
1,B_LV,theta,74,74,0,-0.0346666666666667,Basic
1,B_LV,theta,75,75,0,-0.0373333333333333,Basic
1,B_LV,theta,76,76,0,-0.0426666666666667,Basic
1,B_LV,theta,77,77,0,-0.0506666666666667,Basic
1,B_LV,theta,78,78,0,-0.0586666666666667,Basic
1,B_LV,theta,79,79,0,-0.0666666666666667,Basic
1,B_LV,theta,80,80,0,-0.0746666666666667,Basic
1,B_LV,theta,81,81,0,-0.0826666666666667,Basic
1,B_LV,theta,82,82,0,-0.0906666666666667,Basic
1,B_LV,theta,83,83,0,-0.096,Basic
1,B_LV,theta,84,84,0,-0.0986666666666667,Basic
1,B_LV,theta,85,85,0,-0.1,Basic
1,B_LV,theta,86,86,0,-0.0986666666666667,Basic
1,B_LV,theta,87,87,0,-0.096,Basic
1,B_LV,theta,88,88,0,-0.0906666666666667,Basic
1,B_LV,theta,89,89,0,-0.0826666666666667,Basic
1,B_LV,theta,90,90,0,-0.0746666666666667,Basic
1,B_LV,theta,91,91,0,-0.0666666666666667,Basic
1,B_LV,theta,92,92,0,-0.0586666666666667,Basic
1,B_LV,theta,93,93,0,-0.0506666666666667,Basic
1,B_LV,theta,94,94,0,-0.0426666666666667,Basic
1,B_LV,theta,95,95,0,-0.0373333333333333,Basic
1,B_LV,theta,96,96,0,-0.0346666666666667,Basic
1,B_LV,theta,97,97,0,-0.0333333333333333,Basic
1,B_LV,theta,98,98,0,-0.0346666666666667,Basic
1,B_LV,theta,99,99,0,-0.0373333333333333,Basic
1,B_LV,theta,100,100,0,-0.0426666666666667,Basic
1,B_LV,theta,101,101,0,-0.0506666666666667,Basic
1,B_LV,theta,102,102,0,-0.0586666666666667,Basic
1,B_LV,theta,103,103,0,-0.0666666666666667,Basic
1,B_LV,theta,104,104,0,-0.0746666666666667,Basic
1,B_LV,theta,105,105,0,-0.0826666666666667,Basic
1,B_LV,theta,106,106,0,-0.0906666666666667,Basic
1,B_LV,theta,107,107,0,-0.096,Basic
1,B_LV,theta,108,108,0,-0.0986666666666667,Basic
1,B_LV,theta,109,109,0,-0.1,Basic
1,B_LV,theta,110,110,0,-0.0986666666666667,Basic
1,B_LV,theta,111,111,0,-0.096,Basic
1,B_LV,theta,112,112,0,-0.0906666666666667,Basic
1,B_LV,theta,113,113,0,-0.0826666666666667,Basic
1,B_LV,theta,114,114,0,-0.0746666666666667,Basic
1,B_LV,theta,115,115,0,-0.0666666666666667,Basic
1,B_LV,theta,116,116,0,-0.0586666666666667,Basic
1,B_LV,theta,117,117,0,-0.0506666666666667,Basic
1,B_LV,theta,118,118,0,-0.0426666666666667,Basic
1,B_LV,theta,119,119,0,-0.0373333333333333,Basic
1,B_LV,theta,120,120,0,-0.0346666666666667,Basic
1,B_LV,theta,121,121,0,-0.02,Basic
1,B_LV,theta,122,122,0,-0.0213333333333333,Basic
1,B_LV,theta,123,123,0,-0.024,Basic
1,B_LV,theta,124,124,0,-0.0293333333333333,Basic
1,B_LV,theta,125,125,0,-0.0373333333333333,Basic
1,B_LV,theta,126,126,0,-0.0453333333333334,Basic
1,B_LV,theta,127,127,0,-0.0533333333333333,Basic
1,B_LV,theta,128,128,0,-0.0613333333333333,Basic
1,B_LV,theta,129,129,0,-0.0693333333333333,Basic
1,B_LV,theta,130,130,0,-0.0773333333333334,Basic
1,B_LV,theta,131,131,0,-0.0826666666666667,Basic
1,B_LV,theta,132,132,0,-0.0853333333333333,Basic
1,B_LV,theta,133,133,0,-0.0866666666666667,Basic
1,B_LV,theta,134,134,0,-0.0853333333333333,Basic
1,B_LV,theta,135,135,0,-0.0826666666666667,Basic
1,B_LV,theta,136,136,0,-0.0773333333333334,Basic
1,B_LV,theta,137,137,0,-0.0693333333333333,Basic
1,B_LV,theta,138,138,0,-0.0613333333333333,Basic
1,B_LV,theta,139,139,0,-0.0533333333333333,Basic
1,B_LV,theta,140,140,0,-0.0453333333333334,Basic
1,B_LV,theta,141,141,0,-0.0373333333333333,Basic
1,B_LV,theta,142,142,0,-0.0293333333333333,Basic
1,B_LV,theta,143,143,0,-0.024,Basic
1,B_LV,theta,144,144,0,-0.0213333333333333,Basic
1,B_LV,theta,145,145,0,-0.02,Basic
1,B_LV,theta,146,146,0,-0.0213333333333333,Basic
1,B_LV,theta,147,147,0,-0.024,Basic
1,B_LV,theta,148,148,0,-0.0293333333333333,Basic
1,B_LV,theta,149,149,0,-0.0373333333333333,Basic
1,B_LV,theta,150,150,0,-0.0453333333333334,Basic
1,B_LV,theta,151,151,0,-0.0533333333333333,Basic
1,B_LV,theta,152,152,0,-0.0613333333333333,Basic
1,B_LV,theta,153,153,0,-0.0693333333333333,Basic
1,B_LV,theta,154,154,0,-0.0773333333333334,Basic
1,B_LV,theta,155,155,0,-0.0826666666666667,Basic
1,B_LV,theta,156,156,0,-0.0853333333333333,Basic
1,B_LV,theta,157,157,0,-0.0866666666666667,Basic
1,B_LV,theta,158,158,0,-0.0853333333333333,Basic
1,B_LV,theta,159,159,0,-0.0826666666666667,Basic
1,B_LV,theta,160,160,0,-0.0773333333333334,Basic
1,B_LV,theta,161,161,0,-0.0693333333333333,Basic
1,B_LV,theta,162,162,0,-0.0613333333333333,Basic
1,B_LV,theta,163,163,0,-0.0533333333333333,Basic
1,B_LV,theta,164,164,0,-0.0453333333333334,Basic
1,B_LV,theta,165,165,0,-0.0373333333333333,Basic
1,B_LV,theta,166,166,0,-0.0293333333333333,Basic
1,B_LV,theta,167,167,0,-0.024,Basic
1,B_LV,theta,168,168,0,-0.0213333333333333,Basic
1,B_LV,theta_zero,1,1,0,None,Basic
1,B_LV,theta_zero,2,2,0,None,Basic
1,B_LV,theta_zero,3,3,0,None,Basic
1,B_LV,theta_zero,4,4,0,None,Basic
1,B_LV,theta_zero,5,5,0,None,Basic
1,B_LV,theta_zero,6,6,0,None,Basic
1,B_LV,theta_zero,7,7,0,None,Basic
1,B_LV,theta_zero,8,8,0,None,Basic
1,B_LV,theta_zero,9,9,0,None,Basic
1,B_LV,theta_zero,10,10,0,None,Basic
1,B_LV,theta_zero,11,11,0,None,Basic
1,B_LV,theta_zero,12,12,0,None,Basic
1,B_LV,theta_zero,13,13,0,None,Basic
1,B_LV,theta_zero,14,14,0,None,Basic
1,B_LV,theta_zero,15,15,0,None,Basic
1,B_LV,theta_zero,16,16,0,None,Basic
1,B_LV,theta_zero,17,17,0,None,Basic
1,B_LV,theta_zero,18,18,0,None,Basic
1,B_LV,theta_zero,19,19,0,None,Basic
1,B_LV,theta_zero,20,20,0,None,Basic
1,B_LV,theta_zero,21,21,0,None,Basic
1,B_LV,theta_zero,22,22,0,None,Basic
1,B_LV,theta_zero,23,23,0,None,Basic
1,B_LV,theta_zero,24,24,0,None,Basic
1,B_LV,theta_zero,25,25,0,None,Basic
1,B_LV,theta_zero,26,26,0,None,Basic
1,B_LV,theta_zero,27,27,0,None,Basic
1,B_LV,theta_zero,28,28,0,None,Basic
1,B_LV,theta_zero,29,29,0,None,Basic
1,B_LV,theta_zero,30,30,0,None,Basic
1,B_LV,theta_zero,31,31,0,None,Basic
1,B_LV,theta_zero,32,32,0,None,Basic
1,B_LV,theta_zero,33,33,0,None,Basic
1,B_LV,theta_zero,34,34,0,None,Basic
1,B_LV,theta_zero,35,35,0,None,Basic
1,B_LV,theta_zero,36,36,0,None,Basic
1,B_LV,theta_zero,37,37,0,None,Basic
1,B_LV,theta_zero,38,38,0,None,Basic
1,B_LV,theta_zero,39,39,0,None,Basic
1,B_LV,theta_zero,40,40,0,None,Basic
1,B_LV,theta_zero,41,41,0,None,Basic
1,B_LV,theta_zero,42,42,0,None,Basic
1,B_LV,theta_zero,43,43,0,None,Basic
1,B_LV,theta_zero,44,44,0,None,Basic
1,B_LV,theta_zero,45,45,0,None,Basic
1,B_LV,theta_zero,46,46,0,None,Basic
1,B_LV,theta_zero,47,47,0,None,Basic
1,B_LV,theta_zero,48,48,0,None,Basic
1,B_LV,theta_zero,49,49,0,None,Basic
1,B_LV,theta_zero,50,50,0,None,Basic
1,B_LV,theta_zero,51,51,0,None,Basic
1,B_LV,theta_zero,52,52,0,None,Basic
1,B_LV,theta_zero,53,53,0,None,Basic
1,B_LV,theta_zero,54,54,0,None,Basic
1,B_LV,theta_zero,55,55,0,None,Basic
1,B_LV,theta_zero,56,56,0,None,Basic
1,B_LV,theta_zero,57,57,0,None,Basic
1,B_LV,theta_zero,58,58,0,None,Basic
1,B_LV,theta_zero,59,59,0,None,Basic
1,B_LV,theta_zero,60,60,0,None,Basic
1,B_LV,theta_zero,61,61,0,None,Basic
1,B_LV,theta_zero,62,62,0,None,Basic
1,B_LV,theta_zero,63,63,0,None,Basic
1,B_LV,theta_zero,64,64,0,None,Basic
1,B_LV,theta_zero,65,65,0,None,Basic
1,B_LV,theta_zero,66,66,0,None,Basic
1,B_LV,theta_zero,67,67,0,None,Basic
1,B_LV,theta_zero,68,68,0,None,Basic
1,B_LV,theta_zero,69,69,0,None,Basic
1,B_LV,theta_zero,70,70,0,None,Basic
1,B_LV,theta_zero,71,71,0,None,Basic
1,B_LV,theta_zero,72,72,0,None,Basic
1,B_LV,theta_zero,73,73,0,None,Basic
1,B_LV,theta_zero,74,74,0,None,Basic
1,B_LV,theta_zero,75,75,0,None,Basic
1,B_LV,theta_zero,76,76,0,None,Basic
1,B_LV,theta_zero,77,77,0,None,Basic
1,B_LV,theta_zero,78,78,0,None,Basic
1,B_LV,theta_zero,79,79,0,None,Basic
1,B_LV,theta_zero,80,80,0,None,Basic
1,B_LV,theta_zero,81,81,0,None,Basic
1,B_LV,theta_zero,82,82,0,None,Basic
1,B_LV,theta_zero,83,83,0,None,Basic
1,B_LV,theta_zero,84,84,0,None,Basic
1,B_LV,theta_zero,85,85,0,None,Basic
1,B_LV,theta_zero,86,86,0,None,Basic
1,B_LV,theta_zero,87,87,0,None,Basic
1,B_LV,theta_zero,88,88,0,None,Basic
1,B_LV,theta_zero,89,89,0,None,Basic
1,B_LV,theta_zero,90,90,0,None,Basic
1,B_LV,theta_zero,91,91,0,None,Basic
1,B_LV,theta_zero,92,92,0,None,Basic
1,B_LV,theta_zero,93,93,0,None,Basic
1,B_LV,theta_zero,94,94,0,None,Basic
1,B_LV,theta_zero,95,95,0,None,Basic
1,B_LV,theta_zero,96,96,0,None,Basic
1,B_LV,theta_zero,97,97,0,None,Basic
1,B_LV,theta_zero,98,98,0,None,Basic
1,B_LV,theta_zero,99,99,0,None,Basic
1,B_LV,theta_zero,100,100,0,None,Basic
1,B_LV,theta_zero,101,101,0,None,Basic
1,B_LV,theta_zero,102,102,0,None,Basic
1,B_LV,theta_zero,103,103,0,None,Basic
1,B_LV,theta_zero,104,104,0,None,Basic
1,B_LV,theta_zero,105,105,0,None,Basic
1,B_LV,theta_zero,106,106,0,None,Basic
1,B_LV,theta_zero,107,107,0,None,Basic
1,B_LV,theta_zero,108,108,0,None,Basic
1,B_LV,theta_zero,109,109,0,None,Basic
1,B_LV,theta_zero,110,110,0,None,Basic
1,B_LV,theta_zero,111,111,0,None,Basic
1,B_LV,theta_zero,112,112,0,None,Basic
1,B_LV,theta_zero,113,113,0,None,Basic
1,B_LV,theta_zero,114,114,0,None,Basic
1,B_LV,theta_zero,115,115,0,None,Basic
1,B_LV,theta_zero,116,116,0,None,Basic
1,B_LV,theta_zero,117,117,0,None,Basic
1,B_LV,theta_zero,118,118,0,None,Basic
1,B_LV,theta_zero,119,119,0,None,Basic
1,B_LV,theta_zero,120,120,0,None,Basic
1,B_LV,theta_zero,121,121,0,None,Basic
1,B_LV,theta_zero,122,122,0,None,Basic
1,B_LV,theta_zero,123,123,0,None,Basic
1,B_LV,theta_zero,124,124,0,None,Basic
1,B_LV,theta_zero,125,125,0,None,Basic
1,B_LV,theta_zero,126,126,0,None,Basic
1,B_LV,theta_zero,127,127,0,None,Basic
1,B_LV,theta_zero,128,128,0,None,Basic
1,B_LV,theta_zero,129,129,0,None,Basic
1,B_LV,theta_zero,130,130,0,None,Basic
1,B_LV,theta_zero,131,131,0,None,Basic
1,B_LV,theta_zero,132,132,0,None,Basic
1,B_LV,theta_zero,133,133,0,None,Basic
1,B_LV,theta_zero,134,134,0,None,Basic
1,B_LV,theta_zero,135,135,0,None,Basic
1,B_LV,theta_zero,136,136,0,None,Basic
1,B_LV,theta_zero,137,137,0,None,Basic
1,B_LV,theta_zero,138,138,0,None,Basic
1,B_LV,theta_zero,139,139,0,None,Basic
1,B_LV,theta_zero,140,140,0,None,Basic
1,B_LV,theta_zero,141,141,0,None,Basic
1,B_LV,theta_zero,142,142,0,None,Basic
1,B_LV,theta_zero,143,143,0,None,Basic
1,B_LV,theta_zero,144,144,0,None,Basic
1,B_LV,theta_zero,145,145,0,None,Basic
1,B_LV,theta_zero,146,146,0,None,Basic
1,B_LV,theta_zero,147,147,0,None,Basic
1,B_LV,theta_zero,148,148,0,None,Basic
1,B_LV,theta_zero,149,149,0,None,Basic
1,B_LV,theta_zero,150,150,0,None,Basic
1,B_LV,theta_zero,151,151,0,None,Basic
1,B_LV,theta_zero,152,152,0,None,Basic
1,B_LV,theta_zero,153,153,0,None,Basic
1,B_LV,theta_zero,154,154,0,None,Basic
1,B_LV,theta_zero,155,155,0,None,Basic
1,B_LV,theta_zero,156,156,0,None,Basic
1,B_LV,theta_zero,157,157,0,None,Basic
1,B_LV,theta_zero,158,158,0,None,Basic
1,B_LV,theta_zero,159,159,0,None,Basic
1,B_LV,theta_zero,160,160,0,None,Basic
1,B_LV,theta_zero,161,161,0,None,Basic
1,B_LV,theta_zero,162,162,0,None,Basic
1,B_LV,theta_zero,163,163,0,None,Basic
1,B_LV,theta_zero,164,164,0,None,Basic
1,B_LV,theta_zero,165,165,0,None,Basic
1,B_LV,theta_zero,166,166,0,None,Basic
1,B_LV,theta_zero,167,167,0,None,Basic
1,B_LV,theta_zero,168,168,0,None,Basic
1,B_LV,p_balance,1,1,0,None,Fixed value
1,B_LV,p_balance,2,2,0,None,Fixed value
1,B_LV,p_balance,3,3,0,None,Fixed value
1,B_LV,p_balance,4,4,0,None,Fixed value
1,B_LV,p_balance,5,5,0,None,Fixed value
1,B_LV,p_balance,6,6,0,None,Fixed value
1,B_LV,p_balance,7,7,0,None,Fixed value
1,B_LV,p_balance,8,8,0,None,Fixed value
1,B_LV,p_balance,9,9,0,None,Fixed value
1,B_LV,p_balance,10,10,0,None,Fixed value
1,B_LV,p_balance,11,11,0,None,Fixed value
1,B_LV,p_balance,12,12,0,None,Fixed value
1,B_LV,p_balance,13,13,0,None,Fixed value
1,B_LV,p_balance,14,14,0,None,Fixed value
1,B_LV,p_balance,15,15,0,None,Fixed value
1,B_LV,p_balance,16,16,0,None,Fixed value
1,B_LV,p_balance,17,17,0,None,Fixed value
1,B_LV,p_balance,18,18,0,None,Fixed value
1,B_LV,p_balance,19,19,0,None,Fixed value
1,B_LV,p_balance,20,20,0,None,Fixed value
1,B_LV,p_balance,21,21,0,None,Fixed value
1,B_LV,p_balance,22,22,0,None,Fixed value
1,B_LV,p_balance,23,23,0,None,Fixed value
1,B_LV,p_balance,24,24,0,None,Fixed value
1,B_LV,p_balance,25,25,0,None,Fixed value
1,B_LV,p_balance,26,26,0,None,Fixed value
1,B_LV,p_balance,27,27,0,None,Fixed value
1,B_LV,p_balance,28,28,0,None,Fixed value
1,B_LV,p_balance,29,29,0,None,Fixed value
1,B_LV,p_balance,30,30,0,None,Fixed value
1,B_LV,p_balance,31,31,0,None,Fixed value
1,B_LV,p_balance,32,32,0,None,Fixed value
1,B_LV,p_balance,33,33,0,None,Fixed value
1,B_LV,p_balance,34,34,0,None,Fixed value
1,B_LV,p_balance,35,35,0,None,Fixed value
1,B_LV,p_balance,36,36,0,None,Fixed value
1,B_LV,p_balance,37,37,0,None,Fixed value
1,B_LV,p_balance,38,38,0,None,Fixed value
1,B_LV,p_balance,39,39,0,None,Fixed value
1,B_LV,p_balance,40,40,0,None,Fixed value
1,B_LV,p_balance,41,41,0,None,Fixed value
1,B_LV,p_balance,42,42,0,None,Fixed value
1,B_LV,p_balance,43,43,0,None,Fixed value
1,B_LV,p_balance,44,44,0,None,Fixed value
1,B_LV,p_balance,45,45,0,None,Fixed value
1,B_LV,p_balance,46,46,0,None,Fixed value
1,B_LV,p_balance,47,47,0,None,Fixed value
1,B_LV,p_balance,48,48,0,None,Fixed value
1,B_LV,p_balance,49,49,0,None,Fixed value
1,B_LV,p_balance,50,50,0,None,Fixed value
1,B_LV,p_balance,51,51,0,None,Fixed value
1,B_LV,p_balance,52,52,0,None,Fixed value
1,B_LV,p_balance,53,53,0,None,Fixed value
1,B_LV,p_balance,54,54,0,None,Fixed value
1,B_LV,p_balance,55,55,0,None,Fixed value
1,B_LV,p_balance,56,56,0,None,Fixed value
1,B_LV,p_balance,57,57,0,None,Fixed value
1,B_LV,p_balance,58,58,0,None,Fixed value
1,B_LV,p_balance,59,59,0,None,Fixed value
1,B_LV,p_balance,60,60,0,None,Fixed value
1,B_LV,p_balance,61,61,0,None,Fixed value
1,B_LV,p_balance,62,62,0,None,Fixed value
1,B_LV,p_balance,63,63,0,None,Fixed value
1,B_LV,p_balance,64,64,0,None,Fixed value
1,B_LV,p_balance,65,65,0,None,Fixed value
1,B_LV,p_balance,66,66,0,None,Fixed value
1,B_LV,p_balance,67,67,0,None,Fixed value
1,B_LV,p_balance,68,68,0,None,Fixed value
1,B_LV,p_balance,69,69,0,None,Fixed value
1,B_LV,p_balance,70,70,0,None,Fixed value
1,B_LV,p_balance,71,71,0,None,Fixed value
1,B_LV,p_balance,72,72,0,None,Fixed value
1,B_LV,p_balance,73,73,0,None,Fixed value
1,B_LV,p_balance,74,74,0,None,Fixed value
1,B_LV,p_balance,75,75,0,None,Fixed value
1,B_LV,p_balance,76,76,0,None,Fixed value
1,B_LV,p_balance,77,77,0,None,Fixed value
1,B_LV,p_balance,78,78,0,None,Fixed value
1,B_LV,p_balance,79,79,0,None,Fixed value
1,B_LV,p_balance,80,80,0,None,Fixed value
1,B_LV,p_balance,81,81,0,None,Fixed value
1,B_LV,p_balance,82,82,0,None,Fixed value
1,B_LV,p_balance,83,83,0,None,Fixed value
1,B_LV,p_balance,84,84,0,None,Fixed value
1,B_LV,p_balance,85,85,0,None,Fixed value
1,B_LV,p_balance,86,86,0,None,Fixed value
1,B_LV,p_balance,87,87,0,None,Fixed value
1,B_LV,p_balance,88,88,0,None,Fixed value
1,B_LV,p_balance,89,89,0,None,Fixed value
1,B_LV,p_balance,90,90,0,None,Fixed value
1,B_LV,p_balance,91,91,0,None,Fixed value
1,B_LV,p_balance,92,92,0,None,Fixed value
1,B_LV,p_balance,93,93,0,None,Fixed value
1,B_LV,p_balance,94,94,0,None,Fixed value
1,B_LV,p_balance,95,95,0,None,Fixed value
1,B_LV,p_balance,96,96,0,None,Fixed value
1,B_LV,p_balance,97,97,0,None,Fixed value
1,B_LV,p_balance,98,98,0,None,Fixed value
1,B_LV,p_balance,99,99,0,None,Fixed value
1,B_LV,p_balance,100,100,0,None,Fixed value
1,B_LV,p_balance,101,101,0,None,Fixed value
1,B_LV,p_balance,102,102,0,None,Fixed value
1,B_LV,p_balance,103,103,0,None,Fixed value
1,B_LV,p_balance,104,104,0,None,Fixed value
1,B_LV,p_balance,105,105,0,None,Fixed value
1,B_LV,p_balance,106,106,0,None,Fixed value
1,B_LV,p_balance,107,107,0,None,Fixed value
1,B_LV,p_balance,108,108,0,None,Fixed value
1,B_LV,p_balance,109,109,0,None,Fixed value
1,B_LV,p_balance,110,110,0,None,Fixed value
1,B_LV,p_balance,111,111,0,None,Fixed value
1,B_LV,p_balance,112,112,0,None,Fixed value
1,B_LV,p_balance,113,113,0,None,Fixed value
1,B_LV,p_balance,114,114,0,None,Fixed value
1,B_LV,p_balance,115,115,0,None,Fixed value
1,B_LV,p_balance,116,116,0,None,Fixed value
1,B_LV,p_balance,117,117,0,None,Fixed value
1,B_LV,p_balance,118,118,0,None,Fixed value
1,B_LV,p_balance,119,119,0,None,Fixed value
1,B_LV,p_balance,120,120,0,None,Fixed value
1,B_LV,p_balance,121,121,0,None,Fixed value
1,B_LV,p_balance,122,122,0,None,Fixed value
1,B_LV,p_balance,123,123,0,None,Fixed value
1,B_LV,p_balance,124,124,0,None,Fixed value
1,B_LV,p_balance,125,125,0,None,Fixed value
1,B_LV,p_balance,126,126,0,None,Fixed value
1,B_LV,p_balance,127,127,0,None,Fixed value
1,B_LV,p_balance,128,128,0,None,Fixed value
1,B_LV,p_balance,129,129,0,None,Fixed value
1,B_LV,p_balance,130,130,0,None,Fixed value
1,B_LV,p_balance,131,131,0,None,Fixed value
1,B_LV,p_balance,132,132,0,None,Fixed value
1,B_LV,p_balance,133,133,0,None,Fixed value
1,B_LV,p_balance,134,134,0,None,Fixed value
1,B_LV,p_balance,135,135,0,None,Fixed value
1,B_LV,p_balance,136,136,0,None,Fixed value
1,B_LV,p_balance,137,137,0,None,Fixed value
1,B_LV,p_balance,138,138,0,None,Fixed value
1,B_LV,p_balance,139,139,0,None,Fixed value
1,B_LV,p_balance,140,140,0,None,Fixed value
1,B_LV,p_balance,141,141,0,None,Fixed value
1,B_LV,p_balance,142,142,0,None,Fixed value
1,B_LV,p_balance,143,143,0,None,Fixed value
1,B_LV,p_balance,144,144,0,None,Fixed value
1,B_LV,p_balance,145,145,0,None,Fixed value
1,B_LV,p_balance,146,146,0,None,Fixed value
1,B_LV,p_balance,147,147,0,None,Fixed value
1,B_LV,p_balance,148,148,0,None,Fixed value
1,B_LV,p_balance,149,149,0,None,Fixed value
1,B_LV,p_balance,150,150,0,None,Fixed value
1,B_LV,p_balance,151,151,0,None,Fixed value
1,B_LV,p_balance,152,152,0,None,Fixed value
1,B_LV,p_balance,153,153,0,None,Fixed value
1,B_LV,p_balance,154,154,0,None,Fixed value
1,B_LV,p_balance,155,155,0,None,Fixed value
1,B_LV,p_balance,156,156,0,None,Fixed value
1,B_LV,p_balance,157,157,0,None,Fixed value
1,B_LV,p_balance,158,158,0,None,Fixed value
1,B_LV,p_balance,159,159,0,None,Fixed value
1,B_LV,p_balance,160,160,0,None,Fixed value
1,B_LV,p_balance,161,161,0,None,Fixed value
1,B_LV,p_balance,162,162,0,None,Fixed value
1,B_LV,p_balance,163,163,0,None,Fixed value
1,B_LV,p_balance,164,164,0,None,Fixed value
1,B_LV,p_balance,165,165,0,None,Fixed value
1,B_LV,p_balance,166,166,0,None,Fixed value
1,B_LV,p_balance,167,167,0,None,Fixed value
1,B_LV,p_balance,168,168,0,None,Fixed value
1,B_LV,q_balance,None,None,None,None,Basic
1,B_LV,theta_port.theta,1,1,0,-0.0333333333333333,None
1,B_LV,theta_port.theta,2,2,0,-0.0346666666666667,None
1,B_LV,theta_port.theta,3,3,0,-0.0373333333333333,None
1,B_LV,theta_port.theta,4,4,0,-0.0426666666666667,None
1,B_LV,theta_port.theta,5,5,0,-0.0506666666666667,None
1,B_LV,theta_port.theta,6,6,0,-0.0586666666666667,None
1,B_LV,theta_port.theta,7,7,0,-0.0666666666666667,None
1,B_LV,theta_port.theta,8,8,0,-0.0746666666666667,None
1,B_LV,theta_port.theta,9,9,0,-0.0826666666666667,None
1,B_LV,theta_port.theta,10,10,0,-0.0906666666666667,None
1,B_LV,theta_port.theta,11,11,0,-0.096,None
1,B_LV,theta_port.theta,12,12,0,-0.0986666666666667,None
1,B_LV,theta_port.theta,13,13,0,-0.1,None
1,B_LV,theta_port.theta,14,14,0,-0.0986666666666667,None
1,B_LV,theta_port.theta,15,15,0,-0.096,None
1,B_LV,theta_port.theta,16,16,0,-0.0906666666666667,None
1,B_LV,theta_port.theta,17,17,0,-0.0826666666666667,None
1,B_LV,theta_port.theta,18,18,0,-0.0746666666666667,None
1,B_LV,theta_port.theta,19,19,0,-0.0666666666666667,None
1,B_LV,theta_port.theta,20,20,0,-0.0586666666666667,None
1,B_LV,theta_port.theta,21,21,0,-0.0506666666666667,None
1,B_LV,theta_port.theta,22,22,0,-0.0426666666666667,None
1,B_LV,theta_port.theta,23,23,0,-0.0373333333333333,None
1,B_LV,theta_port.theta,24,24,0,-0.0346666666666667,None
1,B_LV,theta_port.theta,25,25,0,-0.0333333333333333,None
1,B_LV,theta_port.theta,26,26,0,-0.0346666666666667,None
1,B_LV,theta_port.theta,27,27,0,-0.0373333333333333,None
1,B_LV,theta_port.theta,28,28,0,-0.0426666666666667,None
1,B_LV,theta_port.theta,29,29,0,-0.0506666666666667,None
1,B_LV,theta_port.theta,30,30,0,-0.0586666666666667,None
1,B_LV,theta_port.theta,31,31,0,-0.0666666666666667,None
1,B_LV,theta_port.theta,32,32,0,-0.0746666666666667,None
1,B_LV,theta_port.theta,33,33,0,-0.0826666666666667,None
1,B_LV,theta_port.theta,34,34,0,-0.0906666666666667,None
1,B_LV,theta_port.theta,35,35,0,-0.096,None
1,B_LV,theta_port.theta,36,36,0,-0.0986666666666667,None
1,B_LV,theta_port.theta,37,37,0,-0.1,None
1,B_LV,theta_port.theta,38,38,0,-0.0986666666666667,None
1,B_LV,theta_port.theta,39,39,0,-0.096,None
1,B_LV,theta_port.theta,40,40,0,-0.0906666666666667,None
1,B_LV,theta_port.theta,41,41,0,-0.0826666666666667,None
1,B_LV,theta_port.theta,42,42,0,-0.0746666666666667,None
1,B_LV,theta_port.theta,43,43,0,-0.0666666666666667,None
1,B_LV,theta_port.theta,44,44,0,-0.0586666666666667,None
1,B_LV,theta_port.theta,45,45,0,-0.0506666666666667,None
1,B_LV,theta_port.theta,46,46,0,-0.0426666666666667,None
1,B_LV,theta_port.theta,47,47,0,-0.0373333333333333,None
1,B_LV,theta_port.theta,48,48,0,-0.0346666666666667,None
1,B_LV,theta_port.theta,49,49,0,-0.0333333333333333,None
1,B_LV,theta_port.theta,50,50,0,-0.0346666666666667,None
1,B_LV,theta_port.theta,51,51,0,-0.0373333333333333,None
1,B_LV,theta_port.theta,52,52,0,-0.0426666666666667,None
1,B_LV,theta_port.theta,53,53,0,-0.0506666666666667,None
1,B_LV,theta_port.theta,54,54,0,-0.0586666666666667,None
1,B_LV,theta_port.theta,55,55,0,-0.0666666666666667,None
1,B_LV,theta_port.theta,56,56,0,-0.0746666666666667,None
1,B_LV,theta_port.theta,57,57,0,-0.0826666666666667,None
1,B_LV,theta_port.theta,58,58,0,-0.0906666666666667,None
1,B_LV,theta_port.theta,59,59,0,-0.096,None
1,B_LV,theta_port.theta,60,60,0,-0.0986666666666667,None
1,B_LV,theta_port.theta,61,61,0,-0.1,None
1,B_LV,theta_port.theta,62,62,0,-0.0986666666666667,None
1,B_LV,theta_port.theta,63,63,0,-0.096,None
1,B_LV,theta_port.theta,64,64,0,-0.0906666666666667,None
1,B_LV,theta_port.theta,65,65,0,-0.0826666666666667,None
1,B_LV,theta_port.theta,66,66,0,-0.0746666666666667,None
1,B_LV,theta_port.theta,67,67,0,-0.0666666666666667,None
1,B_LV,theta_port.theta,68,68,0,-0.0586666666666667,None
1,B_LV,theta_port.theta,69,69,0,-0.0506666666666667,None
1,B_LV,theta_port.theta,70,70,0,-0.0426666666666667,None
1,B_LV,theta_port.theta,71,71,0,-0.0373333333333333,None
1,B_LV,theta_port.theta,72,72,0,-0.0346666666666667,None
1,B_LV,theta_port.theta,73,73,0,-0.0333333333333333,None
1,B_LV,theta_port.theta,74,74,0,-0.0346666666666667,None
1,B_LV,theta_port.theta,75,75,0,-0.0373333333333333,None
1,B_LV,theta_port.theta,76,76,0,-0.0426666666666667,None
1,B_LV,theta_port.theta,77,77,0,-0.0506666666666667,None
1,B_LV,theta_port.theta,78,78,0,-0.0586666666666667,None
1,B_LV,theta_port.theta,79,79,0,-0.0666666666666667,None
1,B_LV,theta_port.theta,80,80,0,-0.0746666666666667,None
1,B_LV,theta_port.theta,81,81,0,-0.0826666666666667,None
1,B_LV,theta_port.theta,82,82,0,-0.0906666666666667,None
1,B_LV,theta_port.theta,83,83,0,-0.096,None
1,B_LV,theta_port.theta,84,84,0,-0.0986666666666667,None
1,B_LV,theta_port.theta,85,85,0,-0.1,None
1,B_LV,theta_port.theta,86,86,0,-0.0986666666666667,None
1,B_LV,theta_port.theta,87,87,0,-0.096,None
1,B_LV,theta_port.theta,88,88,0,-0.0906666666666667,None
1,B_LV,theta_port.theta,89,89,0,-0.0826666666666667,None
1,B_LV,theta_port.theta,90,90,0,-0.0746666666666667,None
1,B_LV,theta_port.theta,91,91,0,-0.0666666666666667,None
1,B_LV,theta_port.theta,92,92,0,-0.0586666666666667,None
1,B_LV,theta_port.theta,93,93,0,-0.0506666666666667,None
1,B_LV,theta_port.theta,94,94,0,-0.0426666666666667,None
1,B_LV,theta_port.theta,95,95,0,-0.0373333333333333,None
1,B_LV,theta_port.theta,96,96,0,-0.0346666666666667,None
1,B_LV,theta_port.theta,97,97,0,-0.0333333333333333,None
1,B_LV,theta_port.theta,98,98,0,-0.0346666666666667,None
1,B_LV,theta_port.theta,99,99,0,-0.0373333333333333,None
1,B_LV,theta_port.theta,100,100,0,-0.0426666666666667,None
1,B_LV,theta_port.theta,101,101,0,-0.0506666666666667,None
1,B_LV,theta_port.theta,102,102,0,-0.0586666666666667,None
1,B_LV,theta_port.theta,103,103,0,-0.0666666666666667,None
1,B_LV,theta_port.theta,104,104,0,-0.0746666666666667,None
1,B_LV,theta_port.theta,105,105,0,-0.0826666666666667,None
1,B_LV,theta_port.theta,106,106,0,-0.0906666666666667,None
1,B_LV,theta_port.theta,107,107,0,-0.096,None
1,B_LV,theta_port.theta,108,108,0,-0.0986666666666667,None
1,B_LV,theta_port.theta,109,109,0,-0.1,None
1,B_LV,theta_port.theta,110,110,0,-0.0986666666666667,None
1,B_LV,theta_port.theta,111,111,0,-0.096,None
1,B_LV,theta_port.theta,112,112,0,-0.0906666666666667,None
1,B_LV,theta_port.theta,113,113,0,-0.0826666666666667,None
1,B_LV,theta_port.theta,114,114,0,-0.0746666666666667,None
1,B_LV,theta_port.theta,115,115,0,-0.0666666666666667,None
1,B_LV,theta_port.theta,116,116,0,-0.0586666666666667,None
1,B_LV,theta_port.theta,117,117,0,-0.0506666666666667,None
1,B_LV,theta_port.theta,118,118,0,-0.0426666666666667,None
1,B_LV,theta_port.theta,119,119,0,-0.0373333333333333,None
1,B_LV,theta_port.theta,120,120,0,-0.0346666666666667,None
1,B_LV,theta_port.theta,121,121,0,-0.02,None
1,B_LV,theta_port.theta,122,122,0,-0.0213333333333333,None
1,B_LV,theta_port.theta,123,123,0,-0.024,None
1,B_LV,theta_port.theta,124,124,0,-0.0293333333333333,None
1,B_LV,theta_port.theta,125,125,0,-0.0373333333333333,None
1,B_LV,theta_port.theta,126,126,0,-0.0453333333333334,None
1,B_LV,theta_port.theta,127,127,0,-0.0533333333333333,None
1,B_LV,theta_port.theta,128,128,0,-0.0613333333333333,None
1,B_LV,theta_port.theta,129,129,0,-0.0693333333333333,None
1,B_LV,theta_port.theta,130,130,0,-0.0773333333333334,None
1,B_LV,theta_port.theta,131,131,0,-0.0826666666666667,None
1,B_LV,theta_port.theta,132,132,0,-0.0853333333333333,None
1,B_LV,theta_port.theta,133,133,0,-0.0866666666666667,None
1,B_LV,theta_port.theta,134,134,0,-0.0853333333333333,None
1,B_LV,theta_port.theta,135,135,0,-0.0826666666666667,None
1,B_LV,theta_port.theta,136,136,0,-0.0773333333333334,None
1,B_LV,theta_port.theta,137,137,0,-0.0693333333333333,None
1,B_LV,theta_port.theta,138,138,0,-0.0613333333333333,None
1,B_LV,theta_port.theta,139,139,0,-0.0533333333333333,None
1,B_LV,theta_port.theta,140,140,0,-0.0453333333333334,None
1,B_LV,theta_port.theta,141,141,0,-0.0373333333333333,None
1,B_LV,theta_port.theta,142,142,0,-0.0293333333333333,None
1,B_LV,theta_port.theta,143,143,0,-0.024,None
1,B_LV,theta_port.theta,144,144,0,-0.0213333333333333,None
1,B_LV,theta_port.theta,145,145,0,-0.02,None
1,B_LV,theta_port.theta,146,146,0,-0.0213333333333333,None
1,B_LV,theta_port.theta,147,147,0,-0.024,None
1,B_LV,theta_port.theta,148,148,0,-0.0293333333333333,None
1,B_LV,theta_port.theta,149,149,0,-0.0373333333333333,None
1,B_LV,theta_port.theta,150,150,0,-0.0453333333333334,None
1,B_LV,theta_port.theta,151,151,0,-0.0533333333333333,None
1,B_LV,theta_port.theta,152,152,0,-0.0613333333333333,None
1,B_LV,theta_port.theta,153,153,0,-0.0693333333333333,None
1,B_LV,theta_port.theta,154,154,0,-0.0773333333333334,None
1,B_LV,theta_port.theta,155,155,0,-0.0826666666666667,None
1,B_LV,theta_port.theta,156,156,0,-0.0853333333333333,None
1,B_LV,theta_port.theta,157,157,0,-0.0866666666666667,None
1,B_LV,theta_port.theta,158,158,0,-0.0853333333333333,None
1,B_LV,theta_port.theta,159,159,0,-0.0826666666666667,None
1,B_LV,theta_port.theta,160,160,0,-0.0773333333333334,None
1,B_LV,theta_port.theta,161,161,0,-0.0693333333333333,None
1,B_LV,theta_port.theta,162,162,0,-0.0613333333333333,None
1,B_LV,theta_port.theta,163,163,0,-0.0533333333333333,None
1,B_LV,theta_port.theta,164,164,0,-0.0453333333333334,None
1,B_LV,theta_port.theta,165,165,0,-0.0373333333333333,None
1,B_LV,theta_port.theta,166,166,0,-0.0293333333333333,None
1,B_LV,theta_port.theta,167,167,0,-0.024,None
1,B_LV,theta_port.theta,168,168,0,-0.0213333333333333,None
1,C_LV,theta,1,1,0,-0.0335399449036009,Basic
1,C_LV,theta,2,2,0,-0.0348815426997449,Basic
1,C_LV,theta,3,3,0,-0.037564738292033,Basic
1,C_LV,theta,4,4,0,-0.0429311294766091,Basic
1,C_LV,theta,5,5,0,-0.0509807162534734,Basic
1,C_LV,theta,6,6,0,-0.0590303030303376,Basic
1,C_LV,theta,7,7,0,-0.0670798898072018,Basic
1,C_LV,theta,8,8,0,-0.075129476584066,Basic
1,C_LV,theta,9,9,0,-0.0831790633609302,Basic
1,C_LV,theta,10,10,0,-0.0912286501377945,Basic
1,C_LV,theta,11,11,0,-0.0965950413223706,Basic
1,C_LV,theta,12,12,0,-0.0992782369146586,Basic
1,C_LV,theta,13,13,0,-0.100619834710803,Basic
1,C_LV,theta,14,14,0,-0.0992782369146586,Basic
1,C_LV,theta,15,15,0,-0.0965950413223706,Basic
1,C_LV,theta,16,16,0,-0.0912286501377945,Basic
1,C_LV,theta,17,17,0,-0.0831790633609302,Basic
1,C_LV,theta,18,18,0,-0.075129476584066,Basic
1,C_LV,theta,19,19,0,-0.0670798898072018,Basic
1,C_LV,theta,20,20,0,-0.0590303030303376,Basic
1,C_LV,theta,21,21,0,-0.0509807162534734,Basic
1,C_LV,theta,22,22,0,-0.0429311294766091,Basic
1,C_LV,theta,23,23,0,-0.037564738292033,Basic
1,C_LV,theta,24,24,0,-0.0348815426997449,Basic
1,C_LV,theta,25,25,0,-0.0335399449036009,Basic
1,C_LV,theta,26,26,0,-0.0348815426997449,Basic
1,C_LV,theta,27,27,0,-0.037564738292033,Basic
1,C_LV,theta,28,28,0,-0.0429311294766091,Basic
1,C_LV,theta,29,29,0,-0.0509807162534734,Basic
1,C_LV,theta,30,30,0,-0.0590303030303376,Basic
1,C_LV,theta,31,31,0,-0.0670798898072018,Basic
1,C_LV,theta,32,32,0,-0.075129476584066,Basic
1,C_LV,theta,33,33,0,-0.0831790633609302,Basic
1,C_LV,theta,34,34,0,-0.0912286501377945,Basic
1,C_LV,theta,35,35,0,-0.0965950413223706,Basic
1,C_LV,theta,36,36,0,-0.0992782369146586,Basic
1,C_LV,theta,37,37,0,-0.100619834710803,Basic
1,C_LV,theta,38,38,0,-0.0992782369146586,Basic
1,C_LV,theta,39,39,0,-0.0965950413223706,Basic
1,C_LV,theta,40,40,0,-0.0912286501377945,Basic
1,C_LV,theta,41,41,0,-0.0831790633609302,Basic
1,C_LV,theta,42,42,0,-0.075129476584066,Basic
1,C_LV,theta,43,43,0,-0.0670798898072018,Basic
1,C_LV,theta,44,44,0,-0.0590303030303376,Basic
1,C_LV,theta,45,45,0,-0.0509807162534734,Basic
1,C_LV,theta,46,46,0,-0.0429311294766091,Basic
1,C_LV,theta,47,47,0,-0.037564738292033,Basic
1,C_LV,theta,48,48,0,-0.0348815426997449,Basic
1,C_LV,theta,49,49,0,-0.0335399449036009,Basic
1,C_LV,theta,50,50,0,-0.0348815426997449,Basic
1,C_LV,theta,51,51,0,-0.037564738292033,Basic
1,C_LV,theta,52,52,0,-0.0429311294766091,Basic
1,C_LV,theta,53,53,0,-0.0509807162534734,Basic
1,C_LV,theta,54,54,0,-0.0590303030303376,Basic
1,C_LV,theta,55,55,0,-0.0670798898072018,Basic
1,C_LV,theta,56,56,0,-0.075129476584066,Basic
1,C_LV,theta,57,57,0,-0.0831790633609302,Basic
1,C_LV,theta,58,58,0,-0.0912286501377945,Basic
1,C_LV,theta,59,59,0,-0.0965950413223706,Basic
1,C_LV,theta,60,60,0,-0.0992782369146586,Basic
1,C_LV,theta,61,61,0,-0.100619834710803,Basic
1,C_LV,theta,62,62,0,-0.0992782369146586,Basic
1,C_LV,theta,63,63,0,-0.0965950413223706,Basic
1,C_LV,theta,64,64,0,-0.0912286501377945,Basic
1,C_LV,theta,65,65,0,-0.0831790633609302,Basic
1,C_LV,theta,66,66,0,-0.075129476584066,Basic
1,C_LV,theta,67,67,0,-0.0670798898072018,Basic
1,C_LV,theta,68,68,0,-0.0590303030303376,Basic
1,C_LV,theta,69,69,0,-0.0509807162534734,Basic
1,C_LV,theta,70,70,0,-0.0429311294766091,Basic
1,C_LV,theta,71,71,0,-0.037564738292033,Basic
1,C_LV,theta,72,72,0,-0.0348815426997449,Basic
1,C_LV,theta,73,73,0,-0.0335399449036009,Basic
1,C_LV,theta,74,74,0,-0.0348815426997449,Basic
1,C_LV,theta,75,75,0,-0.037564738292033,Basic
1,C_LV,theta,76,76,0,-0.0429311294766091,Basic
1,C_LV,theta,77,77,0,-0.0509807162534734,Basic
1,C_LV,theta,78,78,0,-0.0590303030303376,Basic
1,C_LV,theta,79,79,0,-0.0670798898072018,Basic
1,C_LV,theta,80,80,0,-0.075129476584066,Basic
1,C_LV,theta,81,81,0,-0.0831790633609302,Basic
1,C_LV,theta,82,82,0,-0.0912286501377945,Basic
1,C_LV,theta,83,83,0,-0.0965950413223706,Basic
1,C_LV,theta,84,84,0,-0.0992782369146586,Basic
1,C_LV,theta,85,85,0,-0.100619834710803,Basic
1,C_LV,theta,86,86,0,-0.0992782369146586,Basic
1,C_LV,theta,87,87,0,-0.0965950413223706,Basic
1,C_LV,theta,88,88,0,-0.0912286501377945,Basic
1,C_LV,theta,89,89,0,-0.0831790633609302,Basic
1,C_LV,theta,90,90,0,-0.075129476584066,Basic
1,C_LV,theta,91,91,0,-0.0670798898072018,Basic
1,C_LV,theta,92,92,0,-0.0590303030303376,Basic
1,C_LV,theta,93,93,0,-0.0509807162534734,Basic
1,C_LV,theta,94,94,0,-0.0429311294766091,Basic
1,C_LV,theta,95,95,0,-0.037564738292033,Basic
1,C_LV,theta,96,96,0,-0.0348815426997449,Basic
1,C_LV,theta,97,97,0,-0.0335399449036009,Basic
1,C_LV,theta,98,98,0,-0.0348815426997449,Basic
1,C_LV,theta,99,99,0,-0.037564738292033,Basic
1,C_LV,theta,100,100,0,-0.0429311294766091,Basic
1,C_LV,theta,101,101,0,-0.0509807162534734,Basic
1,C_LV,theta,102,102,0,-0.0590303030303376,Basic
1,C_LV,theta,103,103,0,-0.0670798898072018,Basic
1,C_LV,theta,104,104,0,-0.075129476584066,Basic
1,C_LV,theta,105,105,0,-0.0831790633609302,Basic
1,C_LV,theta,106,106,0,-0.0912286501377945,Basic
1,C_LV,theta,107,107,0,-0.0965950413223706,Basic
1,C_LV,theta,108,108,0,-0.0992782369146586,Basic
1,C_LV,theta,109,109,0,-0.100619834710803,Basic
1,C_LV,theta,110,110,0,-0.0992782369146586,Basic
1,C_LV,theta,111,111,0,-0.0965950413223706,Basic
1,C_LV,theta,112,112,0,-0.0912286501377945,Basic
1,C_LV,theta,113,113,0,-0.0831790633609302,Basic
1,C_LV,theta,114,114,0,-0.075129476584066,Basic
1,C_LV,theta,115,115,0,-0.0670798898072018,Basic
1,C_LV,theta,116,116,0,-0.0590303030303376,Basic
1,C_LV,theta,117,117,0,-0.0509807162534734,Basic
1,C_LV,theta,118,118,0,-0.0429311294766091,Basic
1,C_LV,theta,119,119,0,-0.037564738292033,Basic
1,C_LV,theta,120,120,0,-0.0348815426997449,Basic
1,C_LV,theta,121,121,0,-0.0201239669421605,Basic
1,C_LV,theta,122,122,0,-0.0214655647383046,Basic
1,C_LV,theta,123,123,0,-0.0241487603305926,Basic
1,C_LV,theta,124,124,0,-0.0295151515151688,Basic
1,C_LV,theta,125,125,0,-0.037564738292033,Basic
1,C_LV,theta,126,126,0,-0.0456143250688972,Basic
1,C_LV,theta,127,127,0,-0.0536639118457614,Basic
1,C_LV,theta,128,128,0,-0.0617134986226257,Basic
1,C_LV,theta,129,129,0,-0.0697630853994899,Basic
1,C_LV,theta,130,130,0,-0.0778126721763541,Basic
1,C_LV,theta,131,131,0,-0.0831790633609302,Basic
1,C_LV,theta,132,132,0,-0.0858622589532183,Basic
1,C_LV,theta,133,133,0,-0.0872038567493623,Basic
1,C_LV,theta,134,134,0,-0.0858622589532183,Basic
1,C_LV,theta,135,135,0,-0.0831790633609302,Basic
1,C_LV,theta,136,136,0,-0.0778126721763541,Basic
1,C_LV,theta,137,137,0,-0.0697630853994899,Basic
1,C_LV,theta,138,138,0,-0.0617134986226257,Basic
1,C_LV,theta,139,139,0,-0.0536639118457614,Basic
1,C_LV,theta,140,140,0,-0.0456143250688972,Basic
1,C_LV,theta,141,141,0,-0.037564738292033,Basic
1,C_LV,theta,142,142,0,-0.0295151515151688,Basic
1,C_LV,theta,143,143,0,-0.0241487603305926,Basic
1,C_LV,theta,144,144,0,-0.0214655647383046,Basic
1,C_LV,theta,145,145,0,-0.0201239669421605,Basic
1,C_LV,theta,146,146,0,-0.0214655647383046,Basic
1,C_LV,theta,147,147,0,-0.0241487603305926,Basic
1,C_LV,theta,148,148,0,-0.0295151515151688,Basic
1,C_LV,theta,149,149,0,-0.037564738292033,Basic
1,C_LV,theta,150,150,0,-0.0456143250688972,Basic
1,C_LV,theta,151,151,0,-0.0536639118457614,Basic
1,C_LV,theta,152,152,0,-0.0617134986226257,Basic
1,C_LV,theta,153,153,0,-0.0697630853994899,Basic
1,C_LV,theta,154,154,0,-0.0778126721763541,Basic
1,C_LV,theta,155,155,0,-0.0831790633609302,Basic
1,C_LV,theta,156,156,0,-0.0858622589532183,Basic
1,C_LV,theta,157,157,0,-0.0872038567493623,Basic
1,C_LV,theta,158,158,0,-0.0858622589532183,Basic
1,C_LV,theta,159,159,0,-0.0831790633609302,Basic
1,C_LV,theta,160,160,0,-0.0778126721763541,Basic
1,C_LV,theta,161,161,0,-0.0697630853994899,Basic
1,C_LV,theta,162,162,0,-0.0617134986226257,Basic
1,C_LV,theta,163,163,0,-0.0536639118457614,Basic
1,C_LV,theta,164,164,0,-0.0456143250688972,Basic
1,C_LV,theta,165,165,0,-0.037564738292033,Basic
1,C_LV,theta,166,166,0,-0.0295151515151688,Basic
1,C_LV,theta,167,167,0,-0.0241487603305926,Basic
1,C_LV,theta,168,168,0,-0.0214655647383046,Basic
1,C_LV,theta_zero,1,1,0,None,Basic
1,C_LV,theta_zero,2,2,0,None,Basic
1,C_LV,theta_zero,3,3,0,None,Basic
1,C_LV,theta_zero,4,4,0,None,Basic
1,C_LV,theta_zero,5,5,0,None,Basic
1,C_LV,theta_zero,6,6,0,None,Basic
1,C_LV,theta_zero,7,7,0,None,Basic
1,C_LV,theta_zero,8,8,0,None,Basic
1,C_LV,theta_zero,9,9,0,None,Basic
1,C_LV,theta_zero,10,10,0,None,Basic
1,C_LV,theta_zero,11,11,0,None,Basic
1,C_LV,theta_zero,12,12,0,None,Basic
1,C_LV,theta_zero,13,13,0,None,Basic
1,C_LV,theta_zero,14,14,0,None,Basic
1,C_LV,theta_zero,15,15,0,None,Basic
1,C_LV,theta_zero,16,16,0,None,Basic
1,C_LV,theta_zero,17,17,0,None,Basic
1,C_LV,theta_zero,18,18,0,None,Basic
1,C_LV,theta_zero,19,19,0,None,Basic
1,C_LV,theta_zero,20,20,0,None,Basic
1,C_LV,theta_zero,21,21,0,None,Basic
1,C_LV,theta_zero,22,22,0,None,Basic
1,C_LV,theta_zero,23,23,0,None,Basic
1,C_LV,theta_zero,24,24,0,None,Basic
1,C_LV,theta_zero,25,25,0,None,Basic
1,C_LV,theta_zero,26,26,0,None,Basic
1,C_LV,theta_zero,27,27,0,None,Basic
1,C_LV,theta_zero,28,28,0,None,Basic
1,C_LV,theta_zero,29,29,0,None,Basic
1,C_LV,theta_zero,30,30,0,None,Basic
1,C_LV,theta_zero,31,31,0,None,Basic
1,C_LV,theta_zero,32,32,0,None,Basic
1,C_LV,theta_zero,33,33,0,None,Basic
1,C_LV,theta_zero,34,34,0,None,Basic
1,C_LV,theta_zero,35,35,0,None,Basic
1,C_LV,theta_zero,36,36,0,None,Basic
1,C_LV,theta_zero,37,37,0,None,Basic
1,C_LV,theta_zero,38,38,0,None,Basic
1,C_LV,theta_zero,39,39,0,None,Basic
1,C_LV,theta_zero,40,40,0,None,Basic
1,C_LV,theta_zero,41,41,0,None,Basic
1,C_LV,theta_zero,42,42,0,None,Basic
1,C_LV,theta_zero,43,43,0,None,Basic
1,C_LV,theta_zero,44,44,0,None,Basic
1,C_LV,theta_zero,45,45,0,None,Basic
1,C_LV,theta_zero,46,46,0,None,Basic
1,C_LV,theta_zero,47,47,0,None,Basic
1,C_LV,theta_zero,48,48,0,None,Basic
1,C_LV,theta_zero,49,49,0,None,Basic
1,C_LV,theta_zero,50,50,0,None,Basic
1,C_LV,theta_zero,51,51,0,None,Basic
1,C_LV,theta_zero,52,52,0,None,Basic
1,C_LV,theta_zero,53,53,0,None,Basic
1,C_LV,theta_zero,54,54,0,None,Basic
1,C_LV,theta_zero,55,55,0,None,Basic
1,C_LV,theta_zero,56,56,0,None,Basic
1,C_LV,theta_zero,57,57,0,None,Basic
1,C_LV,theta_zero,58,58,0,None,Basic
1,C_LV,theta_zero,59,59,0,None,Basic
1,C_LV,theta_zero,60,60,0,None,Basic
1,C_LV,theta_zero,61,61,0,None,Basic
1,C_LV,theta_zero,62,62,0,None,Basic
1,C_LV,theta_zero,63,63,0,None,Basic
1,C_LV,theta_zero,64,64,0,None,Basic
1,C_LV,theta_zero,65,65,0,None,Basic
1,C_LV,theta_zero,66,66,0,None,Basic
1,C_LV,theta_zero,67,67,0,None,Basic
1,C_LV,theta_zero,68,68,0,None,Basic
1,C_LV,theta_zero,69,69,0,None,Basic
1,C_LV,theta_zero,70,70,0,None,Basic
1,C_LV,theta_zero,71,71,0,None,Basic
1,C_LV,theta_zero,72,72,0,None,Basic
1,C_LV,theta_zero,73,73,0,None,Basic
1,C_LV,theta_zero,74,74,0,None,Basic
1,C_LV,theta_zero,75,75,0,None,Basic
1,C_LV,theta_zero,76,76,0,None,Basic
1,C_LV,theta_zero,77,77,0,None,Basic
1,C_LV,theta_zero,78,78,0,None,Basic
1,C_LV,theta_zero,79,79,0,None,Basic
1,C_LV,theta_zero,80,80,0,None,Basic
1,C_LV,theta_zero,81,81,0,None,Basic
1,C_LV,theta_zero,82,82,0,None,Basic
1,C_LV,theta_zero,83,83,0,None,Basic
1,C_LV,theta_zero,84,84,0,None,Basic
1,C_LV,theta_zero,85,85,0,None,Basic
1,C_LV,theta_zero,86,86,0,None,Basic
1,C_LV,theta_zero,87,87,0,None,Basic
1,C_LV,theta_zero,88,88,0,None,Basic
1,C_LV,theta_zero,89,89,0,None,Basic
1,C_LV,theta_zero,90,90,0,None,Basic
1,C_LV,theta_zero,91,91,0,None,Basic
1,C_LV,theta_zero,92,92,0,None,Basic
1,C_LV,theta_zero,93,93,0,None,Basic
1,C_LV,theta_zero,94,94,0,None,Basic
1,C_LV,theta_zero,95,95,0,None,Basic
1,C_LV,theta_zero,96,96,0,None,Basic
1,C_LV,theta_zero,97,97,0,None,Basic
1,C_LV,theta_zero,98,98,0,None,Basic
1,C_LV,theta_zero,99,99,0,None,Basic
1,C_LV,theta_zero,100,100,0,None,Basic
1,C_LV,theta_zero,101,101,0,None,Basic
1,C_LV,theta_zero,102,102,0,None,Basic
1,C_LV,theta_zero,103,103,0,None,Basic
1,C_LV,theta_zero,104,104,0,None,Basic
1,C_LV,theta_zero,105,105,0,None,Basic
1,C_LV,theta_zero,106,106,0,None,Basic
1,C_LV,theta_zero,107,107,0,None,Basic
1,C_LV,theta_zero,108,108,0,None,Basic
1,C_LV,theta_zero,109,109,0,None,Basic
1,C_LV,theta_zero,110,110,0,None,Basic
1,C_LV,theta_zero,111,111,0,None,Basic
1,C_LV,theta_zero,112,112,0,None,Basic
1,C_LV,theta_zero,113,113,0,None,Basic
1,C_LV,theta_zero,114,114,0,None,Basic
1,C_LV,theta_zero,115,115,0,None,Basic
1,C_LV,theta_zero,116,116,0,None,Basic
1,C_LV,theta_zero,117,117,0,None,Basic
1,C_LV,theta_zero,118,118,0,None,Basic
1,C_LV,theta_zero,119,119,0,None,Basic
1,C_LV,theta_zero,120,120,0,None,Basic
1,C_LV,theta_zero,121,121,0,None,Basic
1,C_LV,theta_zero,122,122,0,None,Basic
1,C_LV,theta_zero,123,123,0,None,Basic
1,C_LV,theta_zero,124,124,0,None,Basic
1,C_LV,theta_zero,125,125,0,None,Basic
1,C_LV,theta_zero,126,126,0,None,Basic
1,C_LV,theta_zero,127,127,0,None,Basic
1,C_LV,theta_zero,128,128,0,None,Basic
1,C_LV,theta_zero,129,129,0,None,Basic
1,C_LV,theta_zero,130,130,0,None,Basic
1,C_LV,theta_zero,131,131,0,None,Basic
1,C_LV,theta_zero,132,132,0,None,Basic
1,C_LV,theta_zero,133,133,0,None,Basic
1,C_LV,theta_zero,134,134,0,None,Basic
1,C_LV,theta_zero,135,135,0,None,Basic
1,C_LV,theta_zero,136,136,0,None,Basic
1,C_LV,theta_zero,137,137,0,None,Basic
1,C_LV,theta_zero,138,138,0,None,Basic
1,C_LV,theta_zero,139,139,0,None,Basic
1,C_LV,theta_zero,140,140,0,None,Basic
1,C_LV,theta_zero,141,141,0,None,Basic
1,C_LV,theta_zero,142,142,0,None,Basic
1,C_LV,theta_zero,143,143,0,None,Basic
1,C_LV,theta_zero,144,144,0,None,Basic
1,C_LV,theta_zero,145,145,0,None,Basic
1,C_LV,theta_zero,146,146,0,None,Basic
1,C_LV,theta_zero,147,147,0,None,Basic
1,C_LV,theta_zero,148,148,0,None,Basic
1,C_LV,theta_zero,149,149,0,None,Basic
1,C_LV,theta_zero,150,150,0,None,Basic
1,C_LV,theta_zero,151,151,0,None,Basic
1,C_LV,theta_zero,152,152,0,None,Basic
1,C_LV,theta_zero,153,153,0,None,Basic
1,C_LV,theta_zero,154,154,0,None,Basic
1,C_LV,theta_zero,155,155,0,None,Basic
1,C_LV,theta_zero,156,156,0,None,Basic
1,C_LV,theta_zero,157,157,0,None,Basic
1,C_LV,theta_zero,158,158,0,None,Basic
1,C_LV,theta_zero,159,159,0,None,Basic
1,C_LV,theta_zero,160,160,0,None,Basic
1,C_LV,theta_zero,161,161,0,None,Basic
1,C_LV,theta_zero,162,162,0,None,Basic
1,C_LV,theta_zero,163,163,0,None,Basic
1,C_LV,theta_zero,164,164,0,None,Basic
1,C_LV,theta_zero,165,165,0,None,Basic
1,C_LV,theta_zero,166,166,0,None,Basic
1,C_LV,theta_zero,167,167,0,None,Basic
1,C_LV,theta_zero,168,168,0,None,Basic
1,C_LV,p_balance,1,1,0,None,Fixed value
1,C_LV,p_balance,2,2,0,None,Fixed value
1,C_LV,p_balance,3,3,0,None,Fixed value
1,C_LV,p_balance,4,4,0,None,Fixed value
1,C_LV,p_balance,5,5,0,None,Fixed value
1,C_LV,p_balance,6,6,0,None,Fixed value
1,C_LV,p_balance,7,7,0,None,Fixed value
1,C_LV,p_balance,8,8,0,None,Fixed value
1,C_LV,p_balance,9,9,0,None,Fixed value
1,C_LV,p_balance,10,10,0,None,Fixed value
1,C_LV,p_balance,11,11,0,None,Fixed value
1,C_LV,p_balance,12,12,0,None,Fixed value
1,C_LV,p_balance,13,13,0,None,Fixed value
1,C_LV,p_balance,14,14,0,None,Fixed value
1,C_LV,p_balance,15,15,0,None,Fixed value
1,C_LV,p_balance,16,16,0,None,Fixed value
1,C_LV,p_balance,17,17,0,None,Fixed value
1,C_LV,p_balance,18,18,0,None,Fixed value
1,C_LV,p_balance,19,19,0,None,Fixed value
1,C_LV,p_balance,20,20,0,None,Fixed value
1,C_LV,p_balance,21,21,0,None,Fixed value
1,C_LV,p_balance,22,22,0,None,Fixed value
1,C_LV,p_balance,23,23,0,None,Fixed value
1,C_LV,p_balance,24,24,0,None,Fixed value
1,C_LV,p_balance,25,25,0,None,Fixed value
1,C_LV,p_balance,26,26,0,None,Fixed value
1,C_LV,p_balance,27,27,0,None,Fixed value
1,C_LV,p_balance,28,28,0,None,Fixed value
1,C_LV,p_balance,29,29,0,None,Fixed value
1,C_LV,p_balance,30,30,0,None,Fixed value
1,C_LV,p_balance,31,31,0,None,Fixed value
1,C_LV,p_balance,32,32,0,None,Fixed value
1,C_LV,p_balance,33,33,0,None,Fixed value
1,C_LV,p_balance,34,34,0,None,Fixed value
1,C_LV,p_balance,35,35,0,None,Fixed value
1,C_LV,p_balance,36,36,0,None,Fixed value
1,C_LV,p_balance,37,37,0,None,Fixed value
1,C_LV,p_balance,38,38,0,None,Fixed value
1,C_LV,p_balance,39,39,0,None,Fixed value
1,C_LV,p_balance,40,40,0,None,Fixed value
1,C_LV,p_balance,41,41,0,None,Fixed value
1,C_LV,p_balance,42,42,0,None,Fixed value
1,C_LV,p_balance,43,43,0,None,Fixed value
1,C_LV,p_balance,44,44,0,None,Fixed value
1,C_LV,p_balance,45,45,0,None,Fixed value
1,C_LV,p_balance,46,46,0,None,Fixed value
1,C_LV,p_balance,47,47,0,None,Fixed value
1,C_LV,p_balance,48,48,0,None,Fixed value
1,C_LV,p_balance,49,49,0,None,Fixed value
1,C_LV,p_balance,50,50,0,None,Fixed value
1,C_LV,p_balance,51,51,0,None,Fixed value
1,C_LV,p_balance,52,52,0,None,Fixed value
1,C_LV,p_balance,53,53,0,None,Fixed value
1,C_LV,p_balance,54,54,0,None,Fixed value
1,C_LV,p_balance,55,55,0,None,Fixed value
1,C_LV,p_balance,56,56,0,None,Fixed value
1,C_LV,p_balance,57,57,0,None,Fixed value
1,C_LV,p_balance,58,58,0,None,Fixed value
1,C_LV,p_balance,59,59,0,None,Fixed value
1,C_LV,p_balance,60,60,0,None,Fixed value
1,C_LV,p_balance,61,61,0,None,Fixed value
1,C_LV,p_balance,62,62,0,None,Fixed value
1,C_LV,p_balance,63,63,0,None,Fixed value
1,C_LV,p_balance,64,64,0,None,Fixed value
1,C_LV,p_balance,65,65,0,None,Fixed value
1,C_LV,p_balance,66,66,0,None,Fixed value
1,C_LV,p_balance,67,67,0,None,Fixed value
1,C_LV,p_balance,68,68,0,None,Fixed value
1,C_LV,p_balance,69,69,0,None,Fixed value
1,C_LV,p_balance,70,70,0,None,Fixed value
1,C_LV,p_balance,71,71,0,None,Fixed value
1,C_LV,p_balance,72,72,0,None,Fixed value
1,C_LV,p_balance,73,73,0,None,Fixed value
1,C_LV,p_balance,74,74,0,None,Fixed value
1,C_LV,p_balance,75,75,0,None,Fixed value
1,C_LV,p_balance,76,76,0,None,Fixed value
1,C_LV,p_balance,77,77,0,None,Fixed value
1,C_LV,p_balance,78,78,0,None,Fixed value
1,C_LV,p_balance,79,79,0,None,Fixed value
1,C_LV,p_balance,80,80,0,None,Fixed value
1,C_LV,p_balance,81,81,0,None,Fixed value
1,C_LV,p_balance,82,82,0,None,Fixed value
1,C_LV,p_balance,83,83,0,None,Fixed value
1,C_LV,p_balance,84,84,0,None,Fixed value
1,C_LV,p_balance,85,85,0,None,Fixed value
1,C_LV,p_balance,86,86,0,None,Fixed value
1,C_LV,p_balance,87,87,0,None,Fixed value
1,C_LV,p_balance,88,88,0,None,Fixed value
1,C_LV,p_balance,89,89,0,None,Fixed value
1,C_LV,p_balance,90,90,0,None,Fixed value
1,C_LV,p_balance,91,91,0,None,Fixed value
1,C_LV,p_balance,92,92,0,None,Fixed value
1,C_LV,p_balance,93,93,0,None,Fixed value
1,C_LV,p_balance,94,94,0,None,Fixed value
1,C_LV,p_balance,95,95,0,None,Fixed value
1,C_LV,p_balance,96,96,0,None,Fixed value
1,C_LV,p_balance,97,97,0,None,Fixed value
1,C_LV,p_balance,98,98,0,None,Fixed value
1,C_LV,p_balance,99,99,0,None,Fixed value
1,C_LV,p_balance,100,100,0,None,Fixed value
1,C_LV,p_balance,101,101,0,None,Fixed value
1,C_LV,p_balance,102,102,0,None,Fixed value
1,C_LV,p_balance,103,103,0,None,Fixed value
1,C_LV,p_balance,104,104,0,None,Fixed value
1,C_LV,p_balance,105,105,0,None,Fixed value
1,C_LV,p_balance,106,106,0,None,Fixed value
1,C_LV,p_balance,107,107,0,None,Fixed value
1,C_LV,p_balance,108,108,0,None,Fixed value
1,C_LV,p_balance,109,109,0,None,Fixed value
1,C_LV,p_balance,110,110,0,None,Fixed value
1,C_LV,p_balance,111,111,0,None,Fixed value
1,C_LV,p_balance,112,112,0,None,Fixed value
1,C_LV,p_balance,113,113,0,None,Fixed value
1,C_LV,p_balance,114,114,0,None,Fixed value
1,C_LV,p_balance,115,115,0,None,Fixed value
1,C_LV,p_balance,116,116,0,None,Fixed value
1,C_LV,p_balance,117,117,0,None,Fixed value
1,C_LV,p_balance,118,118,0,None,Fixed value
1,C_LV,p_balance,119,119,0,None,Fixed value
1,C_LV,p_balance,120,120,0,None,Fixed value
1,C_LV,p_balance,121,121,0,None,Fixed value
1,C_LV,p_balance,122,122,0,None,Fixed value
1,C_LV,p_balance,123,123,0,None,Fixed value
1,C_LV,p_balance,124,124,0,None,Fixed value
1,C_LV,p_balance,125,125,0,None,Fixed value
1,C_LV,p_balance,126,126,0,None,Fixed value
1,C_LV,p_balance,127,127,0,None,Fixed value
1,C_LV,p_balance,128,128,0,None,Fixed value
1,C_LV,p_balance,129,129,0,None,Fixed value
1,C_LV,p_balance,130,130,0,None,Fixed value
1,C_LV,p_balance,131,131,0,None,Fixed value
1,C_LV,p_balance,132,132,0,None,Fixed value
1,C_LV,p_balance,133,133,0,None,Fixed value
1,C_LV,p_balance,134,134,0,None,Fixed value
1,C_LV,p_balance,135,135,0,None,Fixed value
1,C_LV,p_balance,136,136,0,None,Fixed value
1,C_LV,p_balance,137,137,0,None,Fixed value
1,C_LV,p_balance,138,138,0,None,Fixed value
1,C_LV,p_balance,139,139,0,None,Fixed value
1,C_LV,p_balance,140,140,0,None,Fixed value
1,C_LV,p_balance,141,141,0,None,Fixed value
1,C_LV,p_balance,142,142,0,None,Fixed value
1,C_LV,p_balance,143,143,0,None,Fixed value
1,C_LV,p_balance,144,144,0,None,Fixed value
1,C_LV,p_balance,145,145,0,None,Fixed value
1,C_LV,p_balance,146,146,0,None,Fixed value
1,C_LV,p_balance,147,147,0,None,Fixed value
1,C_LV,p_balance,148,148,0,None,Fixed value
1,C_LV,p_balance,149,149,0,None,Fixed value
1,C_LV,p_balance,150,150,0,None,Fixed value
1,C_LV,p_balance,151,151,0,None,Fixed value
1,C_LV,p_balance,152,152,0,None,Fixed value
1,C_LV,p_balance,153,153,0,None,Fixed value
1,C_LV,p_balance,154,154,0,None,Fixed value
1,C_LV,p_balance,155,155,0,None,Fixed value
1,C_LV,p_balance,156,156,0,None,Fixed value
1,C_LV,p_balance,157,157,0,None,Fixed value
1,C_LV,p_balance,158,158,0,None,Fixed value
1,C_LV,p_balance,159,159,0,None,Fixed value
1,C_LV,p_balance,160,160,0,None,Fixed value
1,C_LV,p_balance,161,161,0,None,Fixed value
1,C_LV,p_balance,162,162,0,None,Fixed value
1,C_LV,p_balance,163,163,0,None,Fixed value
1,C_LV,p_balance,164,164,0,None,Fixed value
1,C_LV,p_balance,165,165,0,None,Fixed value
1,C_LV,p_balance,166,166,0,None,Fixed value
1,C_LV,p_balance,167,167,0,None,Fixed value
1,C_LV,p_balance,168,168,0,None,Fixed value
1,C_LV,q_balance,None,None,None,None,Basic
1,C_LV,theta_port.theta,1,1,0,-0.0335399449036009,None
1,C_LV,theta_port.theta,2,2,0,-0.0348815426997449,None
1,C_LV,theta_port.theta,3,3,0,-0.037564738292033,None
1,C_LV,theta_port.theta,4,4,0,-0.0429311294766091,None
1,C_LV,theta_port.theta,5,5,0,-0.0509807162534734,None
1,C_LV,theta_port.theta,6,6,0,-0.0590303030303376,None
1,C_LV,theta_port.theta,7,7,0,-0.0670798898072018,None
1,C_LV,theta_port.theta,8,8,0,-0.075129476584066,None
1,C_LV,theta_port.theta,9,9,0,-0.0831790633609302,None
1,C_LV,theta_port.theta,10,10,0,-0.0912286501377945,None
1,C_LV,theta_port.theta,11,11,0,-0.0965950413223706,None
1,C_LV,theta_port.theta,12,12,0,-0.0992782369146586,None
1,C_LV,theta_port.theta,13,13,0,-0.100619834710803,None
1,C_LV,theta_port.theta,14,14,0,-0.0992782369146586,None
1,C_LV,theta_port.theta,15,15,0,-0.0965950413223706,None
1,C_LV,theta_port.theta,16,16,0,-0.0912286501377945,None
1,C_LV,theta_port.theta,17,17,0,-0.0831790633609302,None
1,C_LV,theta_port.theta,18,18,0,-0.075129476584066,None
1,C_LV,theta_port.theta,19,19,0,-0.0670798898072018,None
1,C_LV,theta_port.theta,20,20,0,-0.0590303030303376,None
1,C_LV,theta_port.theta,21,21,0,-0.0509807162534734,None
1,C_LV,theta_port.theta,22,22,0,-0.0429311294766091,None
1,C_LV,theta_port.theta,23,23,0,-0.037564738292033,None
1,C_LV,theta_port.theta,24,24,0,-0.0348815426997449,None
1,C_LV,theta_port.theta,25,25,0,-0.0335399449036009,None
1,C_LV,theta_port.theta,26,26,0,-0.0348815426997449,None
1,C_LV,theta_port.theta,27,27,0,-0.037564738292033,None
1,C_LV,theta_port.theta,28,28,0,-0.0429311294766091,None
1,C_LV,theta_port.theta,29,29,0,-0.0509807162534734,None
1,C_LV,theta_port.theta,30,30,0,-0.0590303030303376,None
1,C_LV,theta_port.theta,31,31,0,-0.0670798898072018,None
1,C_LV,theta_port.theta,32,32,0,-0.075129476584066,None
1,C_LV,theta_port.theta,33,33,0,-0.0831790633609302,None
1,C_LV,theta_port.theta,34,34,0,-0.0912286501377945,None
1,C_LV,theta_port.theta,35,35,0,-0.0965950413223706,None
1,C_LV,theta_port.theta,36,36,0,-0.0992782369146586,None
1,C_LV,theta_port.theta,37,37,0,-0.100619834710803,None
1,C_LV,theta_port.theta,38,38,0,-0.0992782369146586,None
1,C_LV,theta_port.theta,39,39,0,-0.0965950413223706,None
1,C_LV,theta_port.theta,40,40,0,-0.0912286501377945,None
1,C_LV,theta_port.theta,41,41,0,-0.0831790633609302,None
1,C_LV,theta_port.theta,42,42,0,-0.075129476584066,None
1,C_LV,theta_port.theta,43,43,0,-0.0670798898072018,None
1,C_LV,theta_port.theta,44,44,0,-0.0590303030303376,None
1,C_LV,theta_port.theta,45,45,0,-0.0509807162534734,None
1,C_LV,theta_port.theta,46,46,0,-0.0429311294766091,None
1,C_LV,theta_port.theta,47,47,0,-0.037564738292033,None
1,C_LV,theta_port.theta,48,48,0,-0.0348815426997449,None
1,C_LV,theta_port.theta,49,49,0,-0.0335399449036009,None
1,C_LV,theta_port.theta,50,50,0,-0.0348815426997449,None
1,C_LV,theta_port.theta,51,51,0,-0.037564738292033,None
1,C_LV,theta_port.theta,52,52,0,-0.0429311294766091,None
1,C_LV,theta_port.theta,53,53,0,-0.0509807162534734,None
1,C_LV,theta_port.theta,54,54,0,-0.0590303030303376,None
1,C_LV,theta_port.theta,55,55,0,-0.0670798898072018,None
1,C_LV,theta_port.theta,56,56,0,-0.075129476584066,None
1,C_LV,theta_port.theta,57,57,0,-0.0831790633609302,None
1,C_LV,theta_port.theta,58,58,0,-0.0912286501377945,None
1,C_LV,theta_port.theta,59,59,0,-0.0965950413223706,None
1,C_LV,theta_port.theta,60,60,0,-0.0992782369146586,None
1,C_LV,theta_port.theta,61,61,0,-0.100619834710803,None
1,C_LV,theta_port.theta,62,62,0,-0.0992782369146586,None
1,C_LV,theta_port.theta,63,63,0,-0.0965950413223706,None
1,C_LV,theta_port.theta,64,64,0,-0.0912286501377945,None
1,C_LV,theta_port.theta,65,65,0,-0.0831790633609302,None
1,C_LV,theta_port.theta,66,66,0,-0.075129476584066,None
1,C_LV,theta_port.theta,67,67,0,-0.0670798898072018,None
1,C_LV,theta_port.theta,68,68,0,-0.0590303030303376,None
1,C_LV,theta_port.theta,69,69,0,-0.0509807162534734,None
1,C_LV,theta_port.theta,70,70,0,-0.0429311294766091,None
1,C_LV,theta_port.theta,71,71,0,-0.037564738292033,None
1,C_LV,theta_port.theta,72,72,0,-0.0348815426997449,None
1,C_LV,theta_port.theta,73,73,0,-0.0335399449036009,None
1,C_LV,theta_port.theta,74,74,0,-0.0348815426997449,None
1,C_LV,theta_port.theta,75,75,0,-0.037564738292033,None
1,C_LV,theta_port.theta,76,76,0,-0.0429311294766091,None
1,C_LV,theta_port.theta,77,77,0,-0.0509807162534734,None
1,C_LV,theta_port.theta,78,78,0,-0.0590303030303376,None
1,C_LV,theta_port.theta,79,79,0,-0.0670798898072018,None
1,C_LV,theta_port.theta,80,80,0,-0.075129476584066,None
1,C_LV,theta_port.theta,81,81,0,-0.0831790633609302,None
1,C_LV,theta_port.theta,82,82,0,-0.0912286501377945,None
1,C_LV,theta_port.theta,83,83,0,-0.0965950413223706,None
1,C_LV,theta_port.theta,84,84,0,-0.0992782369146586,None
1,C_LV,theta_port.theta,85,85,0,-0.100619834710803,None
1,C_LV,theta_port.theta,86,86,0,-0.0992782369146586,None
1,C_LV,theta_port.theta,87,87,0,-0.0965950413223706,None
1,C_LV,theta_port.theta,88,88,0,-0.0912286501377945,None
1,C_LV,theta_port.theta,89,89,0,-0.0831790633609302,None
1,C_LV,theta_port.theta,90,90,0,-0.075129476584066,None
1,C_LV,theta_port.theta,91,91,0,-0.0670798898072018,None
1,C_LV,theta_port.theta,92,92,0,-0.0590303030303376,None
1,C_LV,theta_port.theta,93,93,0,-0.0509807162534734,None
1,C_LV,theta_port.theta,94,94,0,-0.0429311294766091,None
1,C_LV,theta_port.theta,95,95,0,-0.037564738292033,None
1,C_LV,theta_port.theta,96,96,0,-0.0348815426997449,None
1,C_LV,theta_port.theta,97,97,0,-0.0335399449036009,None
1,C_LV,theta_port.theta,98,98,0,-0.0348815426997449,None
1,C_LV,theta_port.theta,99,99,0,-0.037564738292033,None
1,C_LV,theta_port.theta,100,100,0,-0.0429311294766091,None
1,C_LV,theta_port.theta,101,101,0,-0.0509807162534734,None
1,C_LV,theta_port.theta,102,102,0,-0.0590303030303376,None
1,C_LV,theta_port.theta,103,103,0,-0.0670798898072018,None
1,C_LV,theta_port.theta,104,104,0,-0.075129476584066,None
1,C_LV,theta_port.theta,105,105,0,-0.0831790633609302,None
1,C_LV,theta_port.theta,106,106,0,-0.0912286501377945,None
1,C_LV,theta_port.theta,107,107,0,-0.0965950413223706,None
1,C_LV,theta_port.theta,108,108,0,-0.0992782369146586,None
1,C_LV,theta_port.theta,109,109,0,-0.100619834710803,None
1,C_LV,theta_port.theta,110,110,0,-0.0992782369146586,None
1,C_LV,theta_port.theta,111,111,0,-0.0965950413223706,None
1,C_LV,theta_port.theta,112,112,0,-0.0912286501377945,None
1,C_LV,theta_port.theta,113,113,0,-0.0831790633609302,None
1,C_LV,theta_port.theta,114,114,0,-0.075129476584066,None
1,C_LV,theta_port.theta,115,115,0,-0.0670798898072018,None
1,C_LV,theta_port.theta,116,116,0,-0.0590303030303376,None
1,C_LV,theta_port.theta,117,117,0,-0.0509807162534734,None
1,C_LV,theta_port.theta,118,118,0,-0.0429311294766091,None
1,C_LV,theta_port.theta,119,119,0,-0.037564738292033,None
1,C_LV,theta_port.theta,120,120,0,-0.0348815426997449,None
1,C_LV,theta_port.theta,121,121,0,-0.0201239669421605,None
1,C_LV,theta_port.theta,122,122,0,-0.0214655647383046,None
1,C_LV,theta_port.theta,123,123,0,-0.0241487603305926,None
1,C_LV,theta_port.theta,124,124,0,-0.0295151515151688,None
1,C_LV,theta_port.theta,125,125,0,-0.037564738292033,None
1,C_LV,theta_port.theta,126,126,0,-0.0456143250688972,None
1,C_LV,theta_port.theta,127,127,0,-0.0536639118457614,None
1,C_LV,theta_port.theta,128,128,0,-0.0617134986226257,None
1,C_LV,theta_port.theta,129,129,0,-0.0697630853994899,None
1,C_LV,theta_port.theta,130,130,0,-0.0778126721763541,None
1,C_LV,theta_port.theta,131,131,0,-0.0831790633609302,None
1,C_LV,theta_port.theta,132,132,0,-0.0858622589532183,None
1,C_LV,theta_port.theta,133,133,0,-0.0872038567493623,None
1,C_LV,theta_port.theta,134,134,0,-0.0858622589532183,None
1,C_LV,theta_port.theta,135,135,0,-0.0831790633609302,None
1,C_LV,theta_port.theta,136,136,0,-0.0778126721763541,None
1,C_LV,theta_port.theta,137,137,0,-0.0697630853994899,None
1,C_LV,theta_port.theta,138,138,0,-0.0617134986226257,None
1,C_LV,theta_port.theta,139,139,0,-0.0536639118457614,None
1,C_LV,theta_port.theta,140,140,0,-0.0456143250688972,None
1,C_LV,theta_port.theta,141,141,0,-0.037564738292033,None
1,C_LV,theta_port.theta,142,142,0,-0.0295151515151688,None
1,C_LV,theta_port.theta,143,143,0,-0.0241487603305926,None
1,C_LV,theta_port.theta,144,144,0,-0.0214655647383046,None
1,C_LV,theta_port.theta,145,145,0,-0.0201239669421605,None
1,C_LV,theta_port.theta,146,146,0,-0.0214655647383046,None
1,C_LV,theta_port.theta,147,147,0,-0.0241487603305926,None
1,C_LV,theta_port.theta,148,148,0,-0.0295151515151688,None
1,C_LV,theta_port.theta,149,149,0,-0.037564738292033,None
1,C_LV,theta_port.theta,150,150,0,-0.0456143250688972,None
1,C_LV,theta_port.theta,151,151,0,-0.0536639118457614,None
1,C_LV,theta_port.theta,152,152,0,-0.0617134986226257,None
1,C_LV,theta_port.theta,153,153,0,-0.0697630853994899,None
1,C_LV,theta_port.theta,154,154,0,-0.0778126721763541,None
1,C_LV,theta_port.theta,155,155,0,-0.0831790633609302,None
1,C_LV,theta_port.theta,156,156,0,-0.0858622589532183,None
1,C_LV,theta_port.theta,157,157,0,-0.0872038567493623,None
1,C_LV,theta_port.theta,158,158,0,-0.0858622589532183,None
1,C_LV,theta_port.theta,159,159,0,-0.0831790633609302,None
1,C_LV,theta_port.theta,160,160,0,-0.0778126721763541,None
1,C_LV,theta_port.theta,161,161,0,-0.0697630853994899,None
1,C_LV,theta_port.theta,162,162,0,-0.0617134986226257,None
1,C_LV,theta_port.theta,163,163,0,-0.0536639118457614,None
1,C_LV,theta_port.theta,164,164,0,-0.0456143250688972,None
1,C_LV,theta_port.theta,165,165,0,-0.037564738292033,None
1,C_LV,theta_port.theta,166,166,0,-0.0295151515151688,None
1,C_LV,theta_port.theta,167,167,0,-0.0241487603305926,None
1,C_LV,theta_port.theta,168,168,0,-0.0214655647383046,None
1,REF_A,theta_reference,None,None,None,None,Basic
1,G_A,p_nom,None,None,None,200,Fixed value
1,G_A,p,1,1,0,50,Basic
1,G_A,p,2,2,0,52,Basic
1,G_A,p,3,3,0,56,Basic
1,G_A,p,4,4,0,64,Basic
1,G_A,p,5,5,0,76,Basic
1,G_A,p,6,6,0,88,Basic
1,G_A,p,7,7,0,100,Basic
1,G_A,p,8,8,0,112,Basic
1,G_A,p,9,9,0,124,Basic
1,G_A,p,10,10,0,136,Basic
1,G_A,p,11,11,0,144,Basic
1,G_A,p,12,12,0,148,Basic
1,G_A,p,13,13,0,150,Basic
1,G_A,p,14,14,0,148,Basic
1,G_A,p,15,15,0,144,Basic
1,G_A,p,16,16,0,136,Basic
1,G_A,p,17,17,0,124,Basic
1,G_A,p,18,18,0,112,Basic
1,G_A,p,19,19,0,100,Basic
1,G_A,p,20,20,0,88,Basic
1,G_A,p,21,21,0,76,Basic
1,G_A,p,22,22,0,64,Basic
1,G_A,p,23,23,0,56,Basic
1,G_A,p,24,24,0,52,Basic
1,G_A,p,25,25,0,50,Basic
1,G_A,p,26,26,0,52,Basic
1,G_A,p,27,27,0,56,Basic
1,G_A,p,28,28,0,64,Basic
1,G_A,p,29,29,0,76,Basic
1,G_A,p,30,30,0,88,Basic
1,G_A,p,31,31,0,100,Basic
1,G_A,p,32,32,0,112,Basic
1,G_A,p,33,33,0,124,Basic
1,G_A,p,34,34,0,136,Basic
1,G_A,p,35,35,0,144,Basic
1,G_A,p,36,36,0,148,Basic
1,G_A,p,37,37,0,150,Basic
1,G_A,p,38,38,0,148,Basic
1,G_A,p,39,39,0,144,Basic
1,G_A,p,40,40,0,136,Basic
1,G_A,p,41,41,0,124,Basic
1,G_A,p,42,42,0,112,Basic
1,G_A,p,43,43,0,100,Basic
1,G_A,p,44,44,0,88,Basic
1,G_A,p,45,45,0,76,Basic
1,G_A,p,46,46,0,64,Basic
1,G_A,p,47,47,0,56,Basic
1,G_A,p,48,48,0,52,Basic
1,G_A,p,49,49,0,50,Basic
1,G_A,p,50,50,0,52,Basic
1,G_A,p,51,51,0,56,Basic
1,G_A,p,52,52,0,64,Basic
1,G_A,p,53,53,0,76,Basic
1,G_A,p,54,54,0,88,Basic
1,G_A,p,55,55,0,100,Basic
1,G_A,p,56,56,0,112,Basic
1,G_A,p,57,57,0,124,Basic
1,G_A,p,58,58,0,136,Basic
1,G_A,p,59,59,0,144,Basic
1,G_A,p,60,60,0,148,Basic
1,G_A,p,61,61,0,150,Basic
1,G_A,p,62,62,0,148,Basic
1,G_A,p,63,63,0,144,Basic
1,G_A,p,64,64,0,136,Basic
1,G_A,p,65,65,0,124,Basic
1,G_A,p,66,66,0,112,Basic
1,G_A,p,67,67,0,100,Basic
1,G_A,p,68,68,0,88,Basic
1,G_A,p,69,69,0,76,Basic
1,G_A,p,70,70,0,64,Basic
1,G_A,p,71,71,0,56,Basic
1,G_A,p,72,72,0,52,Basic
1,G_A,p,73,73,0,50,Basic
1,G_A,p,74,74,0,52,Basic
1,G_A,p,75,75,0,56,Basic
1,G_A,p,76,76,0,64,Basic
1,G_A,p,77,77,0,76,Basic
1,G_A,p,78,78,0,88,Basic
1,G_A,p,79,79,0,100,Basic
1,G_A,p,80,80,0,112,Basic
1,G_A,p,81,81,0,124,Basic
1,G_A,p,82,82,0,136,Basic
1,G_A,p,83,83,0,144,Basic
1,G_A,p,84,84,0,148,Basic
1,G_A,p,85,85,0,150,Basic
1,G_A,p,86,86,0,148,Basic
1,G_A,p,87,87,0,144,Basic
1,G_A,p,88,88,0,136,Basic
1,G_A,p,89,89,0,124,Basic
1,G_A,p,90,90,0,112,Basic
1,G_A,p,91,91,0,100,Basic
1,G_A,p,92,92,0,88,Basic
1,G_A,p,93,93,0,76,Basic
1,G_A,p,94,94,0,64,Basic
1,G_A,p,95,95,0,56,Basic
1,G_A,p,96,96,0,52,Basic
1,G_A,p,97,97,0,50,Basic
1,G_A,p,98,98,0,52,Basic
1,G_A,p,99,99,0,56,Basic
1,G_A,p,100,100,0,64,Basic
1,G_A,p,101,101,0,76,Basic
1,G_A,p,102,102,0,88,Basic
1,G_A,p,103,103,0,100,Basic
1,G_A,p,104,104,0,112,Basic
1,G_A,p,105,105,0,124,Basic
1,G_A,p,106,106,0,136,Basic
1,G_A,p,107,107,0,144,Basic
1,G_A,p,108,108,0,148,Basic
1,G_A,p,109,109,0,150,Basic
1,G_A,p,110,110,0,148,Basic
1,G_A,p,111,111,0,144,Basic
1,G_A,p,112,112,0,136,Basic
1,G_A,p,113,113,0,124,Basic
1,G_A,p,114,114,0,112,Basic
1,G_A,p,115,115,0,100,Basic
1,G_A,p,116,116,0,88,Basic
1,G_A,p,117,117,0,76,Basic
1,G_A,p,118,118,0,64,Basic
1,G_A,p,119,119,0,56,Basic
1,G_A,p,120,120,0,52,Basic
1,G_A,p,121,121,0,30,Basic
1,G_A,p,122,122,0,32,Basic
1,G_A,p,123,123,0,36,Basic
1,G_A,p,124,124,0,44,Basic
1,G_A,p,125,125,0,56,Basic
1,G_A,p,126,126,0,68,Basic
1,G_A,p,127,127,0,80,Basic
1,G_A,p,128,128,0,92,Basic
1,G_A,p,129,129,0,104,Basic
1,G_A,p,130,130,0,116,Basic
1,G_A,p,131,131,0,124,Basic
1,G_A,p,132,132,0,128,Basic
1,G_A,p,133,133,0,130,Basic
1,G_A,p,134,134,0,128,Basic
1,G_A,p,135,135,0,124,Basic
1,G_A,p,136,136,0,116,Basic
1,G_A,p,137,137,0,104,Basic
1,G_A,p,138,138,0,92,Basic
1,G_A,p,139,139,0,80,Basic
1,G_A,p,140,140,0,68,Basic
1,G_A,p,141,141,0,56,Basic
1,G_A,p,142,142,0,44,Basic
1,G_A,p,143,143,0,36,Basic
1,G_A,p,144,144,0,32,Basic
1,G_A,p,145,145,0,30,Basic
1,G_A,p,146,146,0,32,Basic
1,G_A,p,147,147,0,36,Basic
1,G_A,p,148,148,0,44,Basic
1,G_A,p,149,149,0,56,Basic
1,G_A,p,150,150,0,68,Basic
1,G_A,p,151,151,0,80,Basic
1,G_A,p,152,152,0,92,Basic
1,G_A,p,153,153,0,104,Basic
1,G_A,p,154,154,0,116,Basic
1,G_A,p,155,155,0,124,Basic
1,G_A,p,156,156,0,128,Basic
1,G_A,p,157,157,0,130,Basic
1,G_A,p,158,158,0,128,Basic
1,G_A,p,159,159,0,124,Basic
1,G_A,p,160,160,0,116,Basic
1,G_A,p,161,161,0,104,Basic
1,G_A,p,162,162,0,92,Basic
1,G_A,p,163,163,0,80,Basic
1,G_A,p,164,164,0,68,Basic
1,G_A,p,165,165,0,56,Basic
1,G_A,p,166,166,0,44,Basic
1,G_A,p,167,167,0,36,Basic
1,G_A,p,168,168,0,32,Basic
1,G_A,min_dispatch,1,1,0,None,Basic
1,G_A,min_dispatch,2,2,0,None,Basic
1,G_A,min_dispatch,3,3,0,None,Basic
1,G_A,min_dispatch,4,4,0,None,Basic
1,G_A,min_dispatch,5,5,0,None,Basic
1,G_A,min_dispatch,6,6,0,None,Basic
1,G_A,min_dispatch,7,7,0,None,Basic
1,G_A,min_dispatch,8,8,0,None,Basic
1,G_A,min_dispatch,9,9,0,None,Basic
1,G_A,min_dispatch,10,10,0,None,Basic
1,G_A,min_dispatch,11,11,0,None,Basic
1,G_A,min_dispatch,12,12,0,None,Basic
1,G_A,min_dispatch,13,13,0,None,Basic
1,G_A,min_dispatch,14,14,0,None,Basic
1,G_A,min_dispatch,15,15,0,None,Basic
1,G_A,min_dispatch,16,16,0,None,Basic
1,G_A,min_dispatch,17,17,0,None,Basic
1,G_A,min_dispatch,18,18,0,None,Basic
1,G_A,min_dispatch,19,19,0,None,Basic
1,G_A,min_dispatch,20,20,0,None,Basic
1,G_A,min_dispatch,21,21,0,None,Basic
1,G_A,min_dispatch,22,22,0,None,Basic
1,G_A,min_dispatch,23,23,0,None,Basic
1,G_A,min_dispatch,24,24,0,None,Basic
1,G_A,min_dispatch,25,25,0,None,Basic
1,G_A,min_dispatch,26,26,0,None,Basic
1,G_A,min_dispatch,27,27,0,None,Basic
1,G_A,min_dispatch,28,28,0,None,Basic
1,G_A,min_dispatch,29,29,0,None,Basic
1,G_A,min_dispatch,30,30,0,None,Basic
1,G_A,min_dispatch,31,31,0,None,Basic
1,G_A,min_dispatch,32,32,0,None,Basic
1,G_A,min_dispatch,33,33,0,None,Basic
1,G_A,min_dispatch,34,34,0,None,Basic
1,G_A,min_dispatch,35,35,0,None,Basic
1,G_A,min_dispatch,36,36,0,None,Basic
1,G_A,min_dispatch,37,37,0,None,Basic
1,G_A,min_dispatch,38,38,0,None,Basic
1,G_A,min_dispatch,39,39,0,None,Basic
1,G_A,min_dispatch,40,40,0,None,Basic
1,G_A,min_dispatch,41,41,0,None,Basic
1,G_A,min_dispatch,42,42,0,None,Basic
1,G_A,min_dispatch,43,43,0,None,Basic
1,G_A,min_dispatch,44,44,0,None,Basic
1,G_A,min_dispatch,45,45,0,None,Basic
1,G_A,min_dispatch,46,46,0,None,Basic
1,G_A,min_dispatch,47,47,0,None,Basic
1,G_A,min_dispatch,48,48,0,None,Basic
1,G_A,min_dispatch,49,49,0,None,Basic
1,G_A,min_dispatch,50,50,0,None,Basic
1,G_A,min_dispatch,51,51,0,None,Basic
1,G_A,min_dispatch,52,52,0,None,Basic
1,G_A,min_dispatch,53,53,0,None,Basic
1,G_A,min_dispatch,54,54,0,None,Basic
1,G_A,min_dispatch,55,55,0,None,Basic
1,G_A,min_dispatch,56,56,0,None,Basic
1,G_A,min_dispatch,57,57,0,None,Basic
1,G_A,min_dispatch,58,58,0,None,Basic
1,G_A,min_dispatch,59,59,0,None,Basic
1,G_A,min_dispatch,60,60,0,None,Basic
1,G_A,min_dispatch,61,61,0,None,Basic
1,G_A,min_dispatch,62,62,0,None,Basic
1,G_A,min_dispatch,63,63,0,None,Basic
1,G_A,min_dispatch,64,64,0,None,Basic
1,G_A,min_dispatch,65,65,0,None,Basic
1,G_A,min_dispatch,66,66,0,None,Basic
1,G_A,min_dispatch,67,67,0,None,Basic
1,G_A,min_dispatch,68,68,0,None,Basic
1,G_A,min_dispatch,69,69,0,None,Basic
1,G_A,min_dispatch,70,70,0,None,Basic
1,G_A,min_dispatch,71,71,0,None,Basic
1,G_A,min_dispatch,72,72,0,None,Basic
1,G_A,min_dispatch,73,73,0,None,Basic
1,G_A,min_dispatch,74,74,0,None,Basic
1,G_A,min_dispatch,75,75,0,None,Basic
1,G_A,min_dispatch,76,76,0,None,Basic
1,G_A,min_dispatch,77,77,0,None,Basic
1,G_A,min_dispatch,78,78,0,None,Basic
1,G_A,min_dispatch,79,79,0,None,Basic
1,G_A,min_dispatch,80,80,0,None,Basic
1,G_A,min_dispatch,81,81,0,None,Basic
1,G_A,min_dispatch,82,82,0,None,Basic
1,G_A,min_dispatch,83,83,0,None,Basic
1,G_A,min_dispatch,84,84,0,None,Basic
1,G_A,min_dispatch,85,85,0,None,Basic
1,G_A,min_dispatch,86,86,0,None,Basic
1,G_A,min_dispatch,87,87,0,None,Basic
1,G_A,min_dispatch,88,88,0,None,Basic
1,G_A,min_dispatch,89,89,0,None,Basic
1,G_A,min_dispatch,90,90,0,None,Basic
1,G_A,min_dispatch,91,91,0,None,Basic
1,G_A,min_dispatch,92,92,0,None,Basic
1,G_A,min_dispatch,93,93,0,None,Basic
1,G_A,min_dispatch,94,94,0,None,Basic
1,G_A,min_dispatch,95,95,0,None,Basic
1,G_A,min_dispatch,96,96,0,None,Basic
1,G_A,min_dispatch,97,97,0,None,Basic
1,G_A,min_dispatch,98,98,0,None,Basic
1,G_A,min_dispatch,99,99,0,None,Basic
1,G_A,min_dispatch,100,100,0,None,Basic
1,G_A,min_dispatch,101,101,0,None,Basic
1,G_A,min_dispatch,102,102,0,None,Basic
1,G_A,min_dispatch,103,103,0,None,Basic
1,G_A,min_dispatch,104,104,0,None,Basic
1,G_A,min_dispatch,105,105,0,None,Basic
1,G_A,min_dispatch,106,106,0,None,Basic
1,G_A,min_dispatch,107,107,0,None,Basic
1,G_A,min_dispatch,108,108,0,None,Basic
1,G_A,min_dispatch,109,109,0,None,Basic
1,G_A,min_dispatch,110,110,0,None,Basic
1,G_A,min_dispatch,111,111,0,None,Basic
1,G_A,min_dispatch,112,112,0,None,Basic
1,G_A,min_dispatch,113,113,0,None,Basic
1,G_A,min_dispatch,114,114,0,None,Basic
1,G_A,min_dispatch,115,115,0,None,Basic
1,G_A,min_dispatch,116,116,0,None,Basic
1,G_A,min_dispatch,117,117,0,None,Basic
1,G_A,min_dispatch,118,118,0,None,Basic
1,G_A,min_dispatch,119,119,0,None,Basic
1,G_A,min_dispatch,120,120,0,None,Basic
1,G_A,min_dispatch,121,121,0,None,Basic
1,G_A,min_dispatch,122,122,0,None,Basic
1,G_A,min_dispatch,123,123,0,None,Basic
1,G_A,min_dispatch,124,124,0,None,Basic
1,G_A,min_dispatch,125,125,0,None,Basic
1,G_A,min_dispatch,126,126,0,None,Basic
1,G_A,min_dispatch,127,127,0,None,Basic
1,G_A,min_dispatch,128,128,0,None,Basic
1,G_A,min_dispatch,129,129,0,None,Basic
1,G_A,min_dispatch,130,130,0,None,Basic
1,G_A,min_dispatch,131,131,0,None,Basic
1,G_A,min_dispatch,132,132,0,None,Basic
1,G_A,min_dispatch,133,133,0,None,Basic
1,G_A,min_dispatch,134,134,0,None,Basic
1,G_A,min_dispatch,135,135,0,None,Basic
1,G_A,min_dispatch,136,136,0,None,Basic
1,G_A,min_dispatch,137,137,0,None,Basic
1,G_A,min_dispatch,138,138,0,None,Basic
1,G_A,min_dispatch,139,139,0,None,Basic
1,G_A,min_dispatch,140,140,0,None,Basic
1,G_A,min_dispatch,141,141,0,None,Basic
1,G_A,min_dispatch,142,142,0,None,Basic
1,G_A,min_dispatch,143,143,0,None,Basic
1,G_A,min_dispatch,144,144,0,None,Basic
1,G_A,min_dispatch,145,145,0,None,Basic
1,G_A,min_dispatch,146,146,0,None,Basic
1,G_A,min_dispatch,147,147,0,None,Basic
1,G_A,min_dispatch,148,148,0,None,Basic
1,G_A,min_dispatch,149,149,0,None,Basic
1,G_A,min_dispatch,150,150,0,None,Basic
1,G_A,min_dispatch,151,151,0,None,Basic
1,G_A,min_dispatch,152,152,0,None,Basic
1,G_A,min_dispatch,153,153,0,None,Basic
1,G_A,min_dispatch,154,154,0,None,Basic
1,G_A,min_dispatch,155,155,0,None,Basic
1,G_A,min_dispatch,156,156,0,None,Basic
1,G_A,min_dispatch,157,157,0,None,Basic
1,G_A,min_dispatch,158,158,0,None,Basic
1,G_A,min_dispatch,159,159,0,None,Basic
1,G_A,min_dispatch,160,160,0,None,Basic
1,G_A,min_dispatch,161,161,0,None,Basic
1,G_A,min_dispatch,162,162,0,None,Basic
1,G_A,min_dispatch,163,163,0,None,Basic
1,G_A,min_dispatch,164,164,0,None,Basic
1,G_A,min_dispatch,165,165,0,None,Basic
1,G_A,min_dispatch,166,166,0,None,Basic
1,G_A,min_dispatch,167,167,0,None,Basic
1,G_A,min_dispatch,168,168,0,None,Basic
1,G_A,max_dispatch,1,1,0,None,Basic
1,G_A,max_dispatch,2,2,0,None,Basic
1,G_A,max_dispatch,3,3,0,None,Basic
1,G_A,max_dispatch,4,4,0,None,Basic
1,G_A,max_dispatch,5,5,0,None,Basic
1,G_A,max_dispatch,6,6,0,None,Basic
1,G_A,max_dispatch,7,7,0,None,Basic
1,G_A,max_dispatch,8,8,0,None,Basic
1,G_A,max_dispatch,9,9,0,None,Basic
1,G_A,max_dispatch,10,10,0,None,Basic
1,G_A,max_dispatch,11,11,0,None,Basic
1,G_A,max_dispatch,12,12,0,None,Basic
1,G_A,max_dispatch,13,13,0,None,Basic
1,G_A,max_dispatch,14,14,0,None,Basic
1,G_A,max_dispatch,15,15,0,None,Basic
1,G_A,max_dispatch,16,16,0,None,Basic
1,G_A,max_dispatch,17,17,0,None,Basic
1,G_A,max_dispatch,18,18,0,None,Basic
1,G_A,max_dispatch,19,19,0,None,Basic
1,G_A,max_dispatch,20,20,0,None,Basic
1,G_A,max_dispatch,21,21,0,None,Basic
1,G_A,max_dispatch,22,22,0,None,Basic
1,G_A,max_dispatch,23,23,0,None,Basic
1,G_A,max_dispatch,24,24,0,None,Basic
1,G_A,max_dispatch,25,25,0,None,Basic
1,G_A,max_dispatch,26,26,0,None,Basic
1,G_A,max_dispatch,27,27,0,None,Basic
1,G_A,max_dispatch,28,28,0,None,Basic
1,G_A,max_dispatch,29,29,0,None,Basic
1,G_A,max_dispatch,30,30,0,None,Basic
1,G_A,max_dispatch,31,31,0,None,Basic
1,G_A,max_dispatch,32,32,0,None,Basic
1,G_A,max_dispatch,33,33,0,None,Basic
1,G_A,max_dispatch,34,34,0,None,Basic
1,G_A,max_dispatch,35,35,0,None,Basic
1,G_A,max_dispatch,36,36,0,None,Basic
1,G_A,max_dispatch,37,37,0,None,Basic
1,G_A,max_dispatch,38,38,0,None,Basic
1,G_A,max_dispatch,39,39,0,None,Basic
1,G_A,max_dispatch,40,40,0,None,Basic
1,G_A,max_dispatch,41,41,0,None,Basic
1,G_A,max_dispatch,42,42,0,None,Basic
1,G_A,max_dispatch,43,43,0,None,Basic
1,G_A,max_dispatch,44,44,0,None,Basic
1,G_A,max_dispatch,45,45,0,None,Basic
1,G_A,max_dispatch,46,46,0,None,Basic
1,G_A,max_dispatch,47,47,0,None,Basic
1,G_A,max_dispatch,48,48,0,None,Basic
1,G_A,max_dispatch,49,49,0,None,Basic
1,G_A,max_dispatch,50,50,0,None,Basic
1,G_A,max_dispatch,51,51,0,None,Basic
1,G_A,max_dispatch,52,52,0,None,Basic
1,G_A,max_dispatch,53,53,0,None,Basic
1,G_A,max_dispatch,54,54,0,None,Basic
1,G_A,max_dispatch,55,55,0,None,Basic
1,G_A,max_dispatch,56,56,0,None,Basic
1,G_A,max_dispatch,57,57,0,None,Basic
1,G_A,max_dispatch,58,58,0,None,Basic
1,G_A,max_dispatch,59,59,0,None,Basic
1,G_A,max_dispatch,60,60,0,None,Basic
1,G_A,max_dispatch,61,61,0,None,Basic
1,G_A,max_dispatch,62,62,0,None,Basic
1,G_A,max_dispatch,63,63,0,None,Basic
1,G_A,max_dispatch,64,64,0,None,Basic
1,G_A,max_dispatch,65,65,0,None,Basic
1,G_A,max_dispatch,66,66,0,None,Basic
1,G_A,max_dispatch,67,67,0,None,Basic
1,G_A,max_dispatch,68,68,0,None,Basic
1,G_A,max_dispatch,69,69,0,None,Basic
1,G_A,max_dispatch,70,70,0,None,Basic
1,G_A,max_dispatch,71,71,0,None,Basic
1,G_A,max_dispatch,72,72,0,None,Basic
1,G_A,max_dispatch,73,73,0,None,Basic
1,G_A,max_dispatch,74,74,0,None,Basic
1,G_A,max_dispatch,75,75,0,None,Basic
1,G_A,max_dispatch,76,76,0,None,Basic
1,G_A,max_dispatch,77,77,0,None,Basic
1,G_A,max_dispatch,78,78,0,None,Basic
1,G_A,max_dispatch,79,79,0,None,Basic
1,G_A,max_dispatch,80,80,0,None,Basic
1,G_A,max_dispatch,81,81,0,None,Basic
1,G_A,max_dispatch,82,82,0,None,Basic
1,G_A,max_dispatch,83,83,0,None,Basic
1,G_A,max_dispatch,84,84,0,None,Basic
1,G_A,max_dispatch,85,85,0,None,Basic
1,G_A,max_dispatch,86,86,0,None,Basic
1,G_A,max_dispatch,87,87,0,None,Basic
1,G_A,max_dispatch,88,88,0,None,Basic
1,G_A,max_dispatch,89,89,0,None,Basic
1,G_A,max_dispatch,90,90,0,None,Basic
1,G_A,max_dispatch,91,91,0,None,Basic
1,G_A,max_dispatch,92,92,0,None,Basic
1,G_A,max_dispatch,93,93,0,None,Basic
1,G_A,max_dispatch,94,94,0,None,Basic
1,G_A,max_dispatch,95,95,0,None,Basic
1,G_A,max_dispatch,96,96,0,None,Basic
1,G_A,max_dispatch,97,97,0,None,Basic
1,G_A,max_dispatch,98,98,0,None,Basic
1,G_A,max_dispatch,99,99,0,None,Basic
1,G_A,max_dispatch,100,100,0,None,Basic
1,G_A,max_dispatch,101,101,0,None,Basic
1,G_A,max_dispatch,102,102,0,None,Basic
1,G_A,max_dispatch,103,103,0,None,Basic
1,G_A,max_dispatch,104,104,0,None,Basic
1,G_A,max_dispatch,105,105,0,None,Basic
1,G_A,max_dispatch,106,106,0,None,Basic
1,G_A,max_dispatch,107,107,0,None,Basic
1,G_A,max_dispatch,108,108,0,None,Basic
1,G_A,max_dispatch,109,109,0,None,Basic
1,G_A,max_dispatch,110,110,0,None,Basic
1,G_A,max_dispatch,111,111,0,None,Basic
1,G_A,max_dispatch,112,112,0,None,Basic
1,G_A,max_dispatch,113,113,0,None,Basic
1,G_A,max_dispatch,114,114,0,None,Basic
1,G_A,max_dispatch,115,115,0,None,Basic
1,G_A,max_dispatch,116,116,0,None,Basic
1,G_A,max_dispatch,117,117,0,None,Basic
1,G_A,max_dispatch,118,118,0,None,Basic
1,G_A,max_dispatch,119,119,0,None,Basic
1,G_A,max_dispatch,120,120,0,None,Basic
1,G_A,max_dispatch,121,121,0,None,Basic
1,G_A,max_dispatch,122,122,0,None,Basic
1,G_A,max_dispatch,123,123,0,None,Basic
1,G_A,max_dispatch,124,124,0,None,Basic
1,G_A,max_dispatch,125,125,0,None,Basic
1,G_A,max_dispatch,126,126,0,None,Basic
1,G_A,max_dispatch,127,127,0,None,Basic
1,G_A,max_dispatch,128,128,0,None,Basic
1,G_A,max_dispatch,129,129,0,None,Basic
1,G_A,max_dispatch,130,130,0,None,Basic
1,G_A,max_dispatch,131,131,0,None,Basic
1,G_A,max_dispatch,132,132,0,None,Basic
1,G_A,max_dispatch,133,133,0,None,Basic
1,G_A,max_dispatch,134,134,0,None,Basic
1,G_A,max_dispatch,135,135,0,None,Basic
1,G_A,max_dispatch,136,136,0,None,Basic
1,G_A,max_dispatch,137,137,0,None,Basic
1,G_A,max_dispatch,138,138,0,None,Basic
1,G_A,max_dispatch,139,139,0,None,Basic
1,G_A,max_dispatch,140,140,0,None,Basic
1,G_A,max_dispatch,141,141,0,None,Basic
1,G_A,max_dispatch,142,142,0,None,Basic
1,G_A,max_dispatch,143,143,0,None,Basic
1,G_A,max_dispatch,144,144,0,None,Basic
1,G_A,max_dispatch,145,145,0,None,Basic
1,G_A,max_dispatch,146,146,0,None,Basic
1,G_A,max_dispatch,147,147,0,None,Basic
1,G_A,max_dispatch,148,148,0,None,Basic
1,G_A,max_dispatch,149,149,0,None,Basic
1,G_A,max_dispatch,150,150,0,None,Basic
1,G_A,max_dispatch,151,151,0,None,Basic
1,G_A,max_dispatch,152,152,0,None,Basic
1,G_A,max_dispatch,153,153,0,None,Basic
1,G_A,max_dispatch,154,154,0,None,Basic
1,G_A,max_dispatch,155,155,0,None,Basic
1,G_A,max_dispatch,156,156,0,None,Basic
1,G_A,max_dispatch,157,157,0,None,Basic
1,G_A,max_dispatch,158,158,0,None,Basic
1,G_A,max_dispatch,159,159,0,None,Basic
1,G_A,max_dispatch,160,160,0,None,Basic
1,G_A,max_dispatch,161,161,0,None,Basic
1,G_A,max_dispatch,162,162,0,None,Basic
1,G_A,max_dispatch,163,163,0,None,Basic
1,G_A,max_dispatch,164,164,0,None,Basic
1,G_A,max_dispatch,165,165,0,None,Basic
1,G_A,max_dispatch,166,166,0,None,Basic
1,G_A,max_dispatch,167,167,0,None,Basic
1,G_A,max_dispatch,168,168,0,None,Basic
1,G_A,min_production,None,None,None,None,Basic
1,G_A,max_production,None,None,None,None,Basic
1,G_A,emission_port.emission,1,1,0,0,None
1,G_A,emission_port.emission,2,2,0,0,None
1,G_A,emission_port.emission,3,3,0,0,None
1,G_A,emission_port.emission,4,4,0,0,None
1,G_A,emission_port.emission,5,5,0,0,None
1,G_A,emission_port.emission,6,6,0,0,None
1,G_A,emission_port.emission,7,7,0,0,None
1,G_A,emission_port.emission,8,8,0,0,None
1,G_A,emission_port.emission,9,9,0,0,None
1,G_A,emission_port.emission,10,10,0,0,None
1,G_A,emission_port.emission,11,11,0,0,None
1,G_A,emission_port.emission,12,12,0,0,None
1,G_A,emission_port.emission,13,13,0,0,None
1,G_A,emission_port.emission,14,14,0,0,None
1,G_A,emission_port.emission,15,15,0,0,None
1,G_A,emission_port.emission,16,16,0,0,None
1,G_A,emission_port.emission,17,17,0,0,None
1,G_A,emission_port.emission,18,18,0,0,None
1,G_A,emission_port.emission,19,19,0,0,None
1,G_A,emission_port.emission,20,20,0,0,None
1,G_A,emission_port.emission,21,21,0,0,None
1,G_A,emission_port.emission,22,22,0,0,None
1,G_A,emission_port.emission,23,23,0,0,None
1,G_A,emission_port.emission,24,24,0,0,None
1,G_A,emission_port.emission,25,25,0,0,None
1,G_A,emission_port.emission,26,26,0,0,None
1,G_A,emission_port.emission,27,27,0,0,None
1,G_A,emission_port.emission,28,28,0,0,None
1,G_A,emission_port.emission,29,29,0,0,None
1,G_A,emission_port.emission,30,30,0,0,None
1,G_A,emission_port.emission,31,31,0,0,None
1,G_A,emission_port.emission,32,32,0,0,None
1,G_A,emission_port.emission,33,33,0,0,None
1,G_A,emission_port.emission,34,34,0,0,None
1,G_A,emission_port.emission,35,35,0,0,None
1,G_A,emission_port.emission,36,36,0,0,None
1,G_A,emission_port.emission,37,37,0,0,None
1,G_A,emission_port.emission,38,38,0,0,None
1,G_A,emission_port.emission,39,39,0,0,None
1,G_A,emission_port.emission,40,40,0,0,None
1,G_A,emission_port.emission,41,41,0,0,None
1,G_A,emission_port.emission,42,42,0,0,None
1,G_A,emission_port.emission,43,43,0,0,None
1,G_A,emission_port.emission,44,44,0,0,None
1,G_A,emission_port.emission,45,45,0,0,None
1,G_A,emission_port.emission,46,46,0,0,None
1,G_A,emission_port.emission,47,47,0,0,None
1,G_A,emission_port.emission,48,48,0,0,None
1,G_A,emission_port.emission,49,49,0,0,None
1,G_A,emission_port.emission,50,50,0,0,None
1,G_A,emission_port.emission,51,51,0,0,None
1,G_A,emission_port.emission,52,52,0,0,None
1,G_A,emission_port.emission,53,53,0,0,None
1,G_A,emission_port.emission,54,54,0,0,None
1,G_A,emission_port.emission,55,55,0,0,None
1,G_A,emission_port.emission,56,56,0,0,None
1,G_A,emission_port.emission,57,57,0,0,None
1,G_A,emission_port.emission,58,58,0,0,None
1,G_A,emission_port.emission,59,59,0,0,None
1,G_A,emission_port.emission,60,60,0,0,None
1,G_A,emission_port.emission,61,61,0,0,None
1,G_A,emission_port.emission,62,62,0,0,None
1,G_A,emission_port.emission,63,63,0,0,None
1,G_A,emission_port.emission,64,64,0,0,None
1,G_A,emission_port.emission,65,65,0,0,None
1,G_A,emission_port.emission,66,66,0,0,None
1,G_A,emission_port.emission,67,67,0,0,None
1,G_A,emission_port.emission,68,68,0,0,None
1,G_A,emission_port.emission,69,69,0,0,None
1,G_A,emission_port.emission,70,70,0,0,None
1,G_A,emission_port.emission,71,71,0,0,None
1,G_A,emission_port.emission,72,72,0,0,None
1,G_A,emission_port.emission,73,73,0,0,None
1,G_A,emission_port.emission,74,74,0,0,None
1,G_A,emission_port.emission,75,75,0,0,None
1,G_A,emission_port.emission,76,76,0,0,None
1,G_A,emission_port.emission,77,77,0,0,None
1,G_A,emission_port.emission,78,78,0,0,None
1,G_A,emission_port.emission,79,79,0,0,None
1,G_A,emission_port.emission,80,80,0,0,None
1,G_A,emission_port.emission,81,81,0,0,None
1,G_A,emission_port.emission,82,82,0,0,None
1,G_A,emission_port.emission,83,83,0,0,None
1,G_A,emission_port.emission,84,84,0,0,None
1,G_A,emission_port.emission,85,85,0,0,None
1,G_A,emission_port.emission,86,86,0,0,None
1,G_A,emission_port.emission,87,87,0,0,None
1,G_A,emission_port.emission,88,88,0,0,None
1,G_A,emission_port.emission,89,89,0,0,None
1,G_A,emission_port.emission,90,90,0,0,None
1,G_A,emission_port.emission,91,91,0,0,None
1,G_A,emission_port.emission,92,92,0,0,None
1,G_A,emission_port.emission,93,93,0,0,None
1,G_A,emission_port.emission,94,94,0,0,None
1,G_A,emission_port.emission,95,95,0,0,None
1,G_A,emission_port.emission,96,96,0,0,None
1,G_A,emission_port.emission,97,97,0,0,None
1,G_A,emission_port.emission,98,98,0,0,None
1,G_A,emission_port.emission,99,99,0,0,None
1,G_A,emission_port.emission,100,100,0,0,None
1,G_A,emission_port.emission,101,101,0,0,None
1,G_A,emission_port.emission,102,102,0,0,None
1,G_A,emission_port.emission,103,103,0,0,None
1,G_A,emission_port.emission,104,104,0,0,None
1,G_A,emission_port.emission,105,105,0,0,None
1,G_A,emission_port.emission,106,106,0,0,None
1,G_A,emission_port.emission,107,107,0,0,None
1,G_A,emission_port.emission,108,108,0,0,None
1,G_A,emission_port.emission,109,109,0,0,None
1,G_A,emission_port.emission,110,110,0,0,None
1,G_A,emission_port.emission,111,111,0,0,None
1,G_A,emission_port.emission,112,112,0,0,None
1,G_A,emission_port.emission,113,113,0,0,None
1,G_A,emission_port.emission,114,114,0,0,None
1,G_A,emission_port.emission,115,115,0,0,None
1,G_A,emission_port.emission,116,116,0,0,None
1,G_A,emission_port.emission,117,117,0,0,None
1,G_A,emission_port.emission,118,118,0,0,None
1,G_A,emission_port.emission,119,119,0,0,None
1,G_A,emission_port.emission,120,120,0,0,None
1,G_A,emission_port.emission,121,121,0,0,None
1,G_A,emission_port.emission,122,122,0,0,None
1,G_A,emission_port.emission,123,123,0,0,None
1,G_A,emission_port.emission,124,124,0,0,None
1,G_A,emission_port.emission,125,125,0,0,None
1,G_A,emission_port.emission,126,126,0,0,None
1,G_A,emission_port.emission,127,127,0,0,None
1,G_A,emission_port.emission,128,128,0,0,None
1,G_A,emission_port.emission,129,129,0,0,None
1,G_A,emission_port.emission,130,130,0,0,None
1,G_A,emission_port.emission,131,131,0,0,None
1,G_A,emission_port.emission,132,132,0,0,None
1,G_A,emission_port.emission,133,133,0,0,None
1,G_A,emission_port.emission,134,134,0,0,None
1,G_A,emission_port.emission,135,135,0,0,None
1,G_A,emission_port.emission,136,136,0,0,None
1,G_A,emission_port.emission,137,137,0,0,None
1,G_A,emission_port.emission,138,138,0,0,None
1,G_A,emission_port.emission,139,139,0,0,None
1,G_A,emission_port.emission,140,140,0,0,None
1,G_A,emission_port.emission,141,141,0,0,None
1,G_A,emission_port.emission,142,142,0,0,None
1,G_A,emission_port.emission,143,143,0,0,None
1,G_A,emission_port.emission,144,144,0,0,None
1,G_A,emission_port.emission,145,145,0,0,None
1,G_A,emission_port.emission,146,146,0,0,None
1,G_A,emission_port.emission,147,147,0,0,None
1,G_A,emission_port.emission,148,148,0,0,None
1,G_A,emission_port.emission,149,149,0,0,None
1,G_A,emission_port.emission,150,150,0,0,None
1,G_A,emission_port.emission,151,151,0,0,None
1,G_A,emission_port.emission,152,152,0,0,None
1,G_A,emission_port.emission,153,153,0,0,None
1,G_A,emission_port.emission,154,154,0,0,None
1,G_A,emission_port.emission,155,155,0,0,None
1,G_A,emission_port.emission,156,156,0,0,None
1,G_A,emission_port.emission,157,157,0,0,None
1,G_A,emission_port.emission,158,158,0,0,None
1,G_A,emission_port.emission,159,159,0,0,None
1,G_A,emission_port.emission,160,160,0,0,None
1,G_A,emission_port.emission,161,161,0,0,None
1,G_A,emission_port.emission,162,162,0,0,None
1,G_A,emission_port.emission,163,163,0,0,None
1,G_A,emission_port.emission,164,164,0,0,None
1,G_A,emission_port.emission,165,165,0,0,None
1,G_A,emission_port.emission,166,166,0,0,None
1,G_A,emission_port.emission,167,167,0,0,None
1,G_A,emission_port.emission,168,168,0,0,None
1,G_A,p_balance_port.flow,1,1,0,50,None
1,G_A,p_balance_port.flow,2,2,0,52,None
1,G_A,p_balance_port.flow,3,3,0,56,None
1,G_A,p_balance_port.flow,4,4,0,64,None
1,G_A,p_balance_port.flow,5,5,0,76,None
1,G_A,p_balance_port.flow,6,6,0,88,None
1,G_A,p_balance_port.flow,7,7,0,100,None
1,G_A,p_balance_port.flow,8,8,0,112,None
1,G_A,p_balance_port.flow,9,9,0,124,None
1,G_A,p_balance_port.flow,10,10,0,136,None
1,G_A,p_balance_port.flow,11,11,0,144,None
1,G_A,p_balance_port.flow,12,12,0,148,None
1,G_A,p_balance_port.flow,13,13,0,150,None
1,G_A,p_balance_port.flow,14,14,0,148,None
1,G_A,p_balance_port.flow,15,15,0,144,None
1,G_A,p_balance_port.flow,16,16,0,136,None
1,G_A,p_balance_port.flow,17,17,0,124,None
1,G_A,p_balance_port.flow,18,18,0,112,None
1,G_A,p_balance_port.flow,19,19,0,100,None
1,G_A,p_balance_port.flow,20,20,0,88,None
1,G_A,p_balance_port.flow,21,21,0,76,None
1,G_A,p_balance_port.flow,22,22,0,64,None
1,G_A,p_balance_port.flow,23,23,0,56,None
1,G_A,p_balance_port.flow,24,24,0,52,None
1,G_A,p_balance_port.flow,25,25,0,50,None
1,G_A,p_balance_port.flow,26,26,0,52,None
1,G_A,p_balance_port.flow,27,27,0,56,None
1,G_A,p_balance_port.flow,28,28,0,64,None
1,G_A,p_balance_port.flow,29,29,0,76,None
1,G_A,p_balance_port.flow,30,30,0,88,None
1,G_A,p_balance_port.flow,31,31,0,100,None
1,G_A,p_balance_port.flow,32,32,0,112,None
1,G_A,p_balance_port.flow,33,33,0,124,None
1,G_A,p_balance_port.flow,34,34,0,136,None
1,G_A,p_balance_port.flow,35,35,0,144,None
1,G_A,p_balance_port.flow,36,36,0,148,None
1,G_A,p_balance_port.flow,37,37,0,150,None
1,G_A,p_balance_port.flow,38,38,0,148,None
1,G_A,p_balance_port.flow,39,39,0,144,None
1,G_A,p_balance_port.flow,40,40,0,136,None
1,G_A,p_balance_port.flow,41,41,0,124,None
1,G_A,p_balance_port.flow,42,42,0,112,None
1,G_A,p_balance_port.flow,43,43,0,100,None
1,G_A,p_balance_port.flow,44,44,0,88,None
1,G_A,p_balance_port.flow,45,45,0,76,None
1,G_A,p_balance_port.flow,46,46,0,64,None
1,G_A,p_balance_port.flow,47,47,0,56,None
1,G_A,p_balance_port.flow,48,48,0,52,None
1,G_A,p_balance_port.flow,49,49,0,50,None
1,G_A,p_balance_port.flow,50,50,0,52,None
1,G_A,p_balance_port.flow,51,51,0,56,None
1,G_A,p_balance_port.flow,52,52,0,64,None
1,G_A,p_balance_port.flow,53,53,0,76,None
1,G_A,p_balance_port.flow,54,54,0,88,None
1,G_A,p_balance_port.flow,55,55,0,100,None
1,G_A,p_balance_port.flow,56,56,0,112,None
1,G_A,p_balance_port.flow,57,57,0,124,None
1,G_A,p_balance_port.flow,58,58,0,136,None
1,G_A,p_balance_port.flow,59,59,0,144,None
1,G_A,p_balance_port.flow,60,60,0,148,None
1,G_A,p_balance_port.flow,61,61,0,150,None
1,G_A,p_balance_port.flow,62,62,0,148,None
1,G_A,p_balance_port.flow,63,63,0,144,None
1,G_A,p_balance_port.flow,64,64,0,136,None
1,G_A,p_balance_port.flow,65,65,0,124,None
1,G_A,p_balance_port.flow,66,66,0,112,None
1,G_A,p_balance_port.flow,67,67,0,100,None
1,G_A,p_balance_port.flow,68,68,0,88,None
1,G_A,p_balance_port.flow,69,69,0,76,None
1,G_A,p_balance_port.flow,70,70,0,64,None
1,G_A,p_balance_port.flow,71,71,0,56,None
1,G_A,p_balance_port.flow,72,72,0,52,None
1,G_A,p_balance_port.flow,73,73,0,50,None
1,G_A,p_balance_port.flow,74,74,0,52,None
1,G_A,p_balance_port.flow,75,75,0,56,None
1,G_A,p_balance_port.flow,76,76,0,64,None
1,G_A,p_balance_port.flow,77,77,0,76,None
1,G_A,p_balance_port.flow,78,78,0,88,None
1,G_A,p_balance_port.flow,79,79,0,100,None
1,G_A,p_balance_port.flow,80,80,0,112,None
1,G_A,p_balance_port.flow,81,81,0,124,None
1,G_A,p_balance_port.flow,82,82,0,136,None
1,G_A,p_balance_port.flow,83,83,0,144,None
1,G_A,p_balance_port.flow,84,84,0,148,None
1,G_A,p_balance_port.flow,85,85,0,150,None
1,G_A,p_balance_port.flow,86,86,0,148,None
1,G_A,p_balance_port.flow,87,87,0,144,None
1,G_A,p_balance_port.flow,88,88,0,136,None
1,G_A,p_balance_port.flow,89,89,0,124,None
1,G_A,p_balance_port.flow,90,90,0,112,None
1,G_A,p_balance_port.flow,91,91,0,100,None
1,G_A,p_balance_port.flow,92,92,0,88,None
1,G_A,p_balance_port.flow,93,93,0,76,None
1,G_A,p_balance_port.flow,94,94,0,64,None
1,G_A,p_balance_port.flow,95,95,0,56,None
1,G_A,p_balance_port.flow,96,96,0,52,None
1,G_A,p_balance_port.flow,97,97,0,50,None
1,G_A,p_balance_port.flow,98,98,0,52,None
1,G_A,p_balance_port.flow,99,99,0,56,None
1,G_A,p_balance_port.flow,100,100,0,64,None
1,G_A,p_balance_port.flow,101,101,0,76,None
1,G_A,p_balance_port.flow,102,102,0,88,None
1,G_A,p_balance_port.flow,103,103,0,100,None
1,G_A,p_balance_port.flow,104,104,0,112,None
1,G_A,p_balance_port.flow,105,105,0,124,None
1,G_A,p_balance_port.flow,106,106,0,136,None
1,G_A,p_balance_port.flow,107,107,0,144,None
1,G_A,p_balance_port.flow,108,108,0,148,None
1,G_A,p_balance_port.flow,109,109,0,150,None
1,G_A,p_balance_port.flow,110,110,0,148,None
1,G_A,p_balance_port.flow,111,111,0,144,None
1,G_A,p_balance_port.flow,112,112,0,136,None
1,G_A,p_balance_port.flow,113,113,0,124,None
1,G_A,p_balance_port.flow,114,114,0,112,None
1,G_A,p_balance_port.flow,115,115,0,100,None
1,G_A,p_balance_port.flow,116,116,0,88,None
1,G_A,p_balance_port.flow,117,117,0,76,None
1,G_A,p_balance_port.flow,118,118,0,64,None
1,G_A,p_balance_port.flow,119,119,0,56,None
1,G_A,p_balance_port.flow,120,120,0,52,None
1,G_A,p_balance_port.flow,121,121,0,30,None
1,G_A,p_balance_port.flow,122,122,0,32,None
1,G_A,p_balance_port.flow,123,123,0,36,None
1,G_A,p_balance_port.flow,124,124,0,44,None
1,G_A,p_balance_port.flow,125,125,0,56,None
1,G_A,p_balance_port.flow,126,126,0,68,None
1,G_A,p_balance_port.flow,127,127,0,80,None
1,G_A,p_balance_port.flow,128,128,0,92,None
1,G_A,p_balance_port.flow,129,129,0,104,None
1,G_A,p_balance_port.flow,130,130,0,116,None
1,G_A,p_balance_port.flow,131,131,0,124,None
1,G_A,p_balance_port.flow,132,132,0,128,None
1,G_A,p_balance_port.flow,133,133,0,130,None
1,G_A,p_balance_port.flow,134,134,0,128,None
1,G_A,p_balance_port.flow,135,135,0,124,None
1,G_A,p_balance_port.flow,136,136,0,116,None
1,G_A,p_balance_port.flow,137,137,0,104,None
1,G_A,p_balance_port.flow,138,138,0,92,None
1,G_A,p_balance_port.flow,139,139,0,80,None
1,G_A,p_balance_port.flow,140,140,0,68,None
1,G_A,p_balance_port.flow,141,141,0,56,None
1,G_A,p_balance_port.flow,142,142,0,44,None
1,G_A,p_balance_port.flow,143,143,0,36,None
1,G_A,p_balance_port.flow,144,144,0,32,None
1,G_A,p_balance_port.flow,145,145,0,30,None
1,G_A,p_balance_port.flow,146,146,0,32,None
1,G_A,p_balance_port.flow,147,147,0,36,None
1,G_A,p_balance_port.flow,148,148,0,44,None
1,G_A,p_balance_port.flow,149,149,0,56,None
1,G_A,p_balance_port.flow,150,150,0,68,None
1,G_A,p_balance_port.flow,151,151,0,80,None
1,G_A,p_balance_port.flow,152,152,0,92,None
1,G_A,p_balance_port.flow,153,153,0,104,None
1,G_A,p_balance_port.flow,154,154,0,116,None
1,G_A,p_balance_port.flow,155,155,0,124,None
1,G_A,p_balance_port.flow,156,156,0,128,None
1,G_A,p_balance_port.flow,157,157,0,130,None
1,G_A,p_balance_port.flow,158,158,0,128,None
1,G_A,p_balance_port.flow,159,159,0,124,None
1,G_A,p_balance_port.flow,160,160,0,116,None
1,G_A,p_balance_port.flow,161,161,0,104,None
1,G_A,p_balance_port.flow,162,162,0,92,None
1,G_A,p_balance_port.flow,163,163,0,80,None
1,G_A,p_balance_port.flow,164,164,0,68,None
1,G_A,p_balance_port.flow,165,165,0,56,None
1,G_A,p_balance_port.flow,166,166,0,44,None
1,G_A,p_balance_port.flow,167,167,0,36,None
1,G_A,p_balance_port.flow,168,168,0,32,None
1,G_C,p_nom,None,None,None,50,Fixed value
1,G_C,p,1,1,0,-0,Basic
1,G_C,p,2,2,0,-0,Basic
1,G_C,p,3,3,0,-0,Basic
1,G_C,p,4,4,0,-0,Basic
1,G_C,p,5,5,0,-0,Basic
1,G_C,p,6,6,0,-0,Basic
1,G_C,p,7,7,0,-0,Basic
1,G_C,p,8,8,0,-0,Basic
1,G_C,p,9,9,0,-0,Basic
1,G_C,p,10,10,0,-0,Basic
1,G_C,p,11,11,0,-0,Basic
1,G_C,p,12,12,0,-0,Basic
1,G_C,p,13,13,0,-0,Basic
1,G_C,p,14,14,0,-0,Basic
1,G_C,p,15,15,0,-0,Basic
1,G_C,p,16,16,0,-0,Basic
1,G_C,p,17,17,0,-0,Basic
1,G_C,p,18,18,0,-0,Basic
1,G_C,p,19,19,0,-0,Basic
1,G_C,p,20,20,0,-0,Basic
1,G_C,p,21,21,0,-0,Basic
1,G_C,p,22,22,0,-0,Basic
1,G_C,p,23,23,0,-0,Basic
1,G_C,p,24,24,0,-0,Basic
1,G_C,p,25,25,0,-0,Basic
1,G_C,p,26,26,0,-0,Basic
1,G_C,p,27,27,0,-0,Basic
1,G_C,p,28,28,0,-0,Basic
1,G_C,p,29,29,0,-0,Basic
1,G_C,p,30,30,0,-0,Basic
1,G_C,p,31,31,0,-0,Basic
1,G_C,p,32,32,0,-0,Basic
1,G_C,p,33,33,0,-0,Basic
1,G_C,p,34,34,0,-0,Basic
1,G_C,p,35,35,0,-0,Basic
1,G_C,p,36,36,0,-0,Basic
1,G_C,p,37,37,0,-0,Basic
1,G_C,p,38,38,0,-0,Basic
1,G_C,p,39,39,0,-0,Basic
1,G_C,p,40,40,0,-0,Basic
1,G_C,p,41,41,0,-0,Basic
1,G_C,p,42,42,0,-0,Basic
1,G_C,p,43,43,0,-0,Basic
1,G_C,p,44,44,0,-0,Basic
1,G_C,p,45,45,0,-0,Basic
1,G_C,p,46,46,0,-0,Basic
1,G_C,p,47,47,0,-0,Basic
1,G_C,p,48,48,0,-0,Basic
1,G_C,p,49,49,0,-0,Basic
1,G_C,p,50,50,0,-0,Basic
1,G_C,p,51,51,0,-0,Basic
1,G_C,p,52,52,0,-0,Basic
1,G_C,p,53,53,0,-0,Basic
1,G_C,p,54,54,0,-0,Basic
1,G_C,p,55,55,0,-0,Basic
1,G_C,p,56,56,0,-0,Basic
1,G_C,p,57,57,0,-0,Basic
1,G_C,p,58,58,0,-0,Basic
1,G_C,p,59,59,0,-0,Basic
1,G_C,p,60,60,0,-0,Basic
1,G_C,p,61,61,0,-0,Basic
1,G_C,p,62,62,0,-0,Basic
1,G_C,p,63,63,0,-0,Basic
1,G_C,p,64,64,0,-0,Basic
1,G_C,p,65,65,0,-0,Basic
1,G_C,p,66,66,0,-0,Basic
1,G_C,p,67,67,0,-0,Basic
1,G_C,p,68,68,0,-0,Basic
1,G_C,p,69,69,0,-0,Basic
1,G_C,p,70,70,0,-0,Basic
1,G_C,p,71,71,0,-0,Basic
1,G_C,p,72,72,0,-0,Basic
1,G_C,p,73,73,0,-0,Basic
1,G_C,p,74,74,0,-0,Basic
1,G_C,p,75,75,0,-0,Basic
1,G_C,p,76,76,0,-0,Basic
1,G_C,p,77,77,0,-0,Basic
1,G_C,p,78,78,0,-0,Basic
1,G_C,p,79,79,0,-0,Basic
1,G_C,p,80,80,0,-0,Basic
1,G_C,p,81,81,0,-0,Basic
1,G_C,p,82,82,0,-0,Basic
1,G_C,p,83,83,0,-0,Basic
1,G_C,p,84,84,0,-0,Basic
1,G_C,p,85,85,0,-0,Basic
1,G_C,p,86,86,0,-0,Basic
1,G_C,p,87,87,0,-0,Basic
1,G_C,p,88,88,0,-0,Basic
1,G_C,p,89,89,0,-0,Basic
1,G_C,p,90,90,0,-0,Basic
1,G_C,p,91,91,0,-0,Basic
1,G_C,p,92,92,0,-0,Basic
1,G_C,p,93,93,0,-0,Basic
1,G_C,p,94,94,0,-0,Basic
1,G_C,p,95,95,0,-0,Basic
1,G_C,p,96,96,0,-0,Basic
1,G_C,p,97,97,0,-0,Basic
1,G_C,p,98,98,0,-0,Basic
1,G_C,p,99,99,0,-0,Basic
1,G_C,p,100,100,0,-0,Basic
1,G_C,p,101,101,0,-0,Basic
1,G_C,p,102,102,0,-0,Basic
1,G_C,p,103,103,0,-0,Basic
1,G_C,p,104,104,0,-0,Basic
1,G_C,p,105,105,0,-0,Basic
1,G_C,p,106,106,0,-0,Basic
1,G_C,p,107,107,0,-0,Basic
1,G_C,p,108,108,0,-0,Basic
1,G_C,p,109,109,0,-0,Basic
1,G_C,p,110,110,0,-0,Basic
1,G_C,p,111,111,0,-0,Basic
1,G_C,p,112,112,0,-0,Basic
1,G_C,p,113,113,0,-0,Basic
1,G_C,p,114,114,0,-0,Basic
1,G_C,p,115,115,0,-0,Basic
1,G_C,p,116,116,0,-0,Basic
1,G_C,p,117,117,0,-0,Basic
1,G_C,p,118,118,0,-0,Basic
1,G_C,p,119,119,0,-0,Basic
1,G_C,p,120,120,0,-0,Basic
1,G_C,p,121,121,0,-0,Basic
1,G_C,p,122,122,0,-0,Basic
1,G_C,p,123,123,0,-0,Basic
1,G_C,p,124,124,0,-0,Basic
1,G_C,p,125,125,0,-0,Basic
1,G_C,p,126,126,0,-0,Basic
1,G_C,p,127,127,0,-0,Basic
1,G_C,p,128,128,0,-0,Basic
1,G_C,p,129,129,0,-0,Basic
1,G_C,p,130,130,0,-0,Basic
1,G_C,p,131,131,0,-0,Basic
1,G_C,p,132,132,0,-0,Basic
1,G_C,p,133,133,0,-0,Basic
1,G_C,p,134,134,0,-0,Basic
1,G_C,p,135,135,0,-0,Basic
1,G_C,p,136,136,0,-0,Basic
1,G_C,p,137,137,0,-0,Basic
1,G_C,p,138,138,0,-0,Basic
1,G_C,p,139,139,0,-0,Basic
1,G_C,p,140,140,0,-0,Basic
1,G_C,p,141,141,0,-0,Basic
1,G_C,p,142,142,0,-0,Basic
1,G_C,p,143,143,0,-0,Basic
1,G_C,p,144,144,0,-0,Basic
1,G_C,p,145,145,0,-0,Basic
1,G_C,p,146,146,0,-0,Basic
1,G_C,p,147,147,0,-0,Basic
1,G_C,p,148,148,0,-0,Basic
1,G_C,p,149,149,0,-0,Basic
1,G_C,p,150,150,0,-0,Basic
1,G_C,p,151,151,0,-0,Basic
1,G_C,p,152,152,0,-0,Basic
1,G_C,p,153,153,0,-0,Basic
1,G_C,p,154,154,0,-0,Basic
1,G_C,p,155,155,0,-0,Basic
1,G_C,p,156,156,0,-0,Basic
1,G_C,p,157,157,0,-0,Basic
1,G_C,p,158,158,0,-0,Basic
1,G_C,p,159,159,0,-0,Basic
1,G_C,p,160,160,0,-0,Basic
1,G_C,p,161,161,0,-0,Basic
1,G_C,p,162,162,0,-0,Basic
1,G_C,p,163,163,0,-0,Basic
1,G_C,p,164,164,0,-0,Basic
1,G_C,p,165,165,0,-0,Basic
1,G_C,p,166,166,0,-0,Basic
1,G_C,p,167,167,0,-0,Basic
1,G_C,p,168,168,0,-0,Basic
1,G_C,min_dispatch,1,1,0,None,At lower bound
1,G_C,min_dispatch,2,2,0,None,At lower bound
1,G_C,min_dispatch,3,3,0,None,At lower bound
1,G_C,min_dispatch,4,4,0,None,At lower bound
1,G_C,min_dispatch,5,5,0,None,At lower bound
1,G_C,min_dispatch,6,6,0,None,At lower bound
1,G_C,min_dispatch,7,7,0,None,At lower bound
1,G_C,min_dispatch,8,8,0,None,At lower bound
1,G_C,min_dispatch,9,9,0,None,At lower bound
1,G_C,min_dispatch,10,10,0,None,At lower bound
1,G_C,min_dispatch,11,11,0,None,At lower bound
1,G_C,min_dispatch,12,12,0,None,At lower bound
1,G_C,min_dispatch,13,13,0,None,At lower bound
1,G_C,min_dispatch,14,14,0,None,At lower bound
1,G_C,min_dispatch,15,15,0,None,At lower bound
1,G_C,min_dispatch,16,16,0,None,At lower bound
1,G_C,min_dispatch,17,17,0,None,At lower bound
1,G_C,min_dispatch,18,18,0,None,At lower bound
1,G_C,min_dispatch,19,19,0,None,At lower bound
1,G_C,min_dispatch,20,20,0,None,At lower bound
1,G_C,min_dispatch,21,21,0,None,At lower bound
1,G_C,min_dispatch,22,22,0,None,At lower bound
1,G_C,min_dispatch,23,23,0,None,At lower bound
1,G_C,min_dispatch,24,24,0,None,At lower bound
1,G_C,min_dispatch,25,25,0,None,At lower bound
1,G_C,min_dispatch,26,26,0,None,At lower bound
1,G_C,min_dispatch,27,27,0,None,At lower bound
1,G_C,min_dispatch,28,28,0,None,At lower bound
1,G_C,min_dispatch,29,29,0,None,At lower bound
1,G_C,min_dispatch,30,30,0,None,At lower bound
1,G_C,min_dispatch,31,31,0,None,At lower bound
1,G_C,min_dispatch,32,32,0,None,At lower bound
1,G_C,min_dispatch,33,33,0,None,At lower bound
1,G_C,min_dispatch,34,34,0,None,At lower bound
1,G_C,min_dispatch,35,35,0,None,At lower bound
1,G_C,min_dispatch,36,36,0,None,At lower bound
1,G_C,min_dispatch,37,37,0,None,At lower bound
1,G_C,min_dispatch,38,38,0,None,At lower bound
1,G_C,min_dispatch,39,39,0,None,At lower bound
1,G_C,min_dispatch,40,40,0,None,At lower bound
1,G_C,min_dispatch,41,41,0,None,At lower bound
1,G_C,min_dispatch,42,42,0,None,At lower bound
1,G_C,min_dispatch,43,43,0,None,At lower bound
1,G_C,min_dispatch,44,44,0,None,At lower bound
1,G_C,min_dispatch,45,45,0,None,At lower bound
1,G_C,min_dispatch,46,46,0,None,At lower bound
1,G_C,min_dispatch,47,47,0,None,At lower bound
1,G_C,min_dispatch,48,48,0,None,At lower bound
1,G_C,min_dispatch,49,49,0,None,At lower bound
1,G_C,min_dispatch,50,50,0,None,At lower bound
1,G_C,min_dispatch,51,51,0,None,At lower bound
1,G_C,min_dispatch,52,52,0,None,At lower bound
1,G_C,min_dispatch,53,53,0,None,At lower bound
1,G_C,min_dispatch,54,54,0,None,At lower bound
1,G_C,min_dispatch,55,55,0,None,At lower bound
1,G_C,min_dispatch,56,56,0,None,At lower bound
1,G_C,min_dispatch,57,57,0,None,At lower bound
1,G_C,min_dispatch,58,58,0,None,At lower bound
1,G_C,min_dispatch,59,59,0,None,At lower bound
1,G_C,min_dispatch,60,60,0,None,At lower bound
1,G_C,min_dispatch,61,61,0,None,At lower bound
1,G_C,min_dispatch,62,62,0,None,At lower bound
1,G_C,min_dispatch,63,63,0,None,At lower bound
1,G_C,min_dispatch,64,64,0,None,At lower bound
1,G_C,min_dispatch,65,65,0,None,At lower bound
1,G_C,min_dispatch,66,66,0,None,At lower bound
1,G_C,min_dispatch,67,67,0,None,At lower bound
1,G_C,min_dispatch,68,68,0,None,At lower bound
1,G_C,min_dispatch,69,69,0,None,At lower bound
1,G_C,min_dispatch,70,70,0,None,At lower bound
1,G_C,min_dispatch,71,71,0,None,At lower bound
1,G_C,min_dispatch,72,72,0,None,At lower bound
1,G_C,min_dispatch,73,73,0,None,At lower bound
1,G_C,min_dispatch,74,74,0,None,At lower bound
1,G_C,min_dispatch,75,75,0,None,At lower bound
1,G_C,min_dispatch,76,76,0,None,At lower bound
1,G_C,min_dispatch,77,77,0,None,At lower bound
1,G_C,min_dispatch,78,78,0,None,At lower bound
1,G_C,min_dispatch,79,79,0,None,At lower bound
1,G_C,min_dispatch,80,80,0,None,At lower bound
1,G_C,min_dispatch,81,81,0,None,At lower bound
1,G_C,min_dispatch,82,82,0,None,At lower bound
1,G_C,min_dispatch,83,83,0,None,At lower bound
1,G_C,min_dispatch,84,84,0,None,At lower bound
1,G_C,min_dispatch,85,85,0,None,At lower bound
1,G_C,min_dispatch,86,86,0,None,At lower bound
1,G_C,min_dispatch,87,87,0,None,At lower bound
1,G_C,min_dispatch,88,88,0,None,At lower bound
1,G_C,min_dispatch,89,89,0,None,At lower bound
1,G_C,min_dispatch,90,90,0,None,At lower bound
1,G_C,min_dispatch,91,91,0,None,At lower bound
1,G_C,min_dispatch,92,92,0,None,At lower bound
1,G_C,min_dispatch,93,93,0,None,At lower bound
1,G_C,min_dispatch,94,94,0,None,At lower bound
1,G_C,min_dispatch,95,95,0,None,At lower bound
1,G_C,min_dispatch,96,96,0,None,At lower bound
1,G_C,min_dispatch,97,97,0,None,At lower bound
1,G_C,min_dispatch,98,98,0,None,At lower bound
1,G_C,min_dispatch,99,99,0,None,At lower bound
1,G_C,min_dispatch,100,100,0,None,At lower bound
1,G_C,min_dispatch,101,101,0,None,At lower bound
1,G_C,min_dispatch,102,102,0,None,At lower bound
1,G_C,min_dispatch,103,103,0,None,At lower bound
1,G_C,min_dispatch,104,104,0,None,At lower bound
1,G_C,min_dispatch,105,105,0,None,At lower bound
1,G_C,min_dispatch,106,106,0,None,At lower bound
1,G_C,min_dispatch,107,107,0,None,At lower bound
1,G_C,min_dispatch,108,108,0,None,At lower bound
1,G_C,min_dispatch,109,109,0,None,At lower bound
1,G_C,min_dispatch,110,110,0,None,At lower bound
1,G_C,min_dispatch,111,111,0,None,At lower bound
1,G_C,min_dispatch,112,112,0,None,At lower bound
1,G_C,min_dispatch,113,113,0,None,At lower bound
1,G_C,min_dispatch,114,114,0,None,At lower bound
1,G_C,min_dispatch,115,115,0,None,At lower bound
1,G_C,min_dispatch,116,116,0,None,At lower bound
1,G_C,min_dispatch,117,117,0,None,At lower bound
1,G_C,min_dispatch,118,118,0,None,At lower bound
1,G_C,min_dispatch,119,119,0,None,At lower bound
1,G_C,min_dispatch,120,120,0,None,At lower bound
1,G_C,min_dispatch,121,121,0,None,At lower bound
1,G_C,min_dispatch,122,122,0,None,At lower bound
1,G_C,min_dispatch,123,123,0,None,At lower bound
1,G_C,min_dispatch,124,124,0,None,At lower bound
1,G_C,min_dispatch,125,125,0,None,At lower bound
1,G_C,min_dispatch,126,126,0,None,At lower bound
1,G_C,min_dispatch,127,127,0,None,At lower bound
1,G_C,min_dispatch,128,128,0,None,At lower bound
1,G_C,min_dispatch,129,129,0,None,At lower bound
1,G_C,min_dispatch,130,130,0,None,At lower bound
1,G_C,min_dispatch,131,131,0,None,At lower bound
1,G_C,min_dispatch,132,132,0,None,At lower bound
1,G_C,min_dispatch,133,133,0,None,At lower bound
1,G_C,min_dispatch,134,134,0,None,At lower bound
1,G_C,min_dispatch,135,135,0,None,At lower bound
1,G_C,min_dispatch,136,136,0,None,At lower bound
1,G_C,min_dispatch,137,137,0,None,At lower bound
1,G_C,min_dispatch,138,138,0,None,At lower bound
1,G_C,min_dispatch,139,139,0,None,At lower bound
1,G_C,min_dispatch,140,140,0,None,At lower bound
1,G_C,min_dispatch,141,141,0,None,At lower bound
1,G_C,min_dispatch,142,142,0,None,At lower bound
1,G_C,min_dispatch,143,143,0,None,At lower bound
1,G_C,min_dispatch,144,144,0,None,At lower bound
1,G_C,min_dispatch,145,145,0,None,At lower bound
1,G_C,min_dispatch,146,146,0,None,At lower bound
1,G_C,min_dispatch,147,147,0,None,At lower bound
1,G_C,min_dispatch,148,148,0,None,At lower bound
1,G_C,min_dispatch,149,149,0,None,At lower bound
1,G_C,min_dispatch,150,150,0,None,At lower bound
1,G_C,min_dispatch,151,151,0,None,At lower bound
1,G_C,min_dispatch,152,152,0,None,At lower bound
1,G_C,min_dispatch,153,153,0,None,At lower bound
1,G_C,min_dispatch,154,154,0,None,At lower bound
1,G_C,min_dispatch,155,155,0,None,At lower bound
1,G_C,min_dispatch,156,156,0,None,At lower bound
1,G_C,min_dispatch,157,157,0,None,At lower bound
1,G_C,min_dispatch,158,158,0,None,At lower bound
1,G_C,min_dispatch,159,159,0,None,At lower bound
1,G_C,min_dispatch,160,160,0,None,At lower bound
1,G_C,min_dispatch,161,161,0,None,At lower bound
1,G_C,min_dispatch,162,162,0,None,At lower bound
1,G_C,min_dispatch,163,163,0,None,At lower bound
1,G_C,min_dispatch,164,164,0,None,At lower bound
1,G_C,min_dispatch,165,165,0,None,At lower bound
1,G_C,min_dispatch,166,166,0,None,At lower bound
1,G_C,min_dispatch,167,167,0,None,At lower bound
1,G_C,min_dispatch,168,168,0,None,At lower bound
1,G_C,max_dispatch,1,1,0,None,Basic
1,G_C,max_dispatch,2,2,0,None,Basic
1,G_C,max_dispatch,3,3,0,None,Basic
1,G_C,max_dispatch,4,4,0,None,Basic
1,G_C,max_dispatch,5,5,0,None,Basic
1,G_C,max_dispatch,6,6,0,None,Basic
1,G_C,max_dispatch,7,7,0,None,Basic
1,G_C,max_dispatch,8,8,0,None,Basic
1,G_C,max_dispatch,9,9,0,None,Basic
1,G_C,max_dispatch,10,10,0,None,Basic
1,G_C,max_dispatch,11,11,0,None,Basic
1,G_C,max_dispatch,12,12,0,None,Basic
1,G_C,max_dispatch,13,13,0,None,Basic
1,G_C,max_dispatch,14,14,0,None,Basic
1,G_C,max_dispatch,15,15,0,None,Basic
1,G_C,max_dispatch,16,16,0,None,Basic
1,G_C,max_dispatch,17,17,0,None,Basic
1,G_C,max_dispatch,18,18,0,None,Basic
1,G_C,max_dispatch,19,19,0,None,Basic
1,G_C,max_dispatch,20,20,0,None,Basic
1,G_C,max_dispatch,21,21,0,None,Basic
1,G_C,max_dispatch,22,22,0,None,Basic
1,G_C,max_dispatch,23,23,0,None,Basic
1,G_C,max_dispatch,24,24,0,None,Basic
1,G_C,max_dispatch,25,25,0,None,Basic
1,G_C,max_dispatch,26,26,0,None,Basic
1,G_C,max_dispatch,27,27,0,None,Basic
1,G_C,max_dispatch,28,28,0,None,Basic
1,G_C,max_dispatch,29,29,0,None,Basic
1,G_C,max_dispatch,30,30,0,None,Basic
1,G_C,max_dispatch,31,31,0,None,Basic
1,G_C,max_dispatch,32,32,0,None,Basic
1,G_C,max_dispatch,33,33,0,None,Basic
1,G_C,max_dispatch,34,34,0,None,Basic
1,G_C,max_dispatch,35,35,0,None,Basic
1,G_C,max_dispatch,36,36,0,None,Basic
1,G_C,max_dispatch,37,37,0,None,Basic
1,G_C,max_dispatch,38,38,0,None,Basic
1,G_C,max_dispatch,39,39,0,None,Basic
1,G_C,max_dispatch,40,40,0,None,Basic
1,G_C,max_dispatch,41,41,0,None,Basic
1,G_C,max_dispatch,42,42,0,None,Basic
1,G_C,max_dispatch,43,43,0,None,Basic
1,G_C,max_dispatch,44,44,0,None,Basic
1,G_C,max_dispatch,45,45,0,None,Basic
1,G_C,max_dispatch,46,46,0,None,Basic
1,G_C,max_dispatch,47,47,0,None,Basic
1,G_C,max_dispatch,48,48,0,None,Basic
1,G_C,max_dispatch,49,49,0,None,Basic
1,G_C,max_dispatch,50,50,0,None,Basic
1,G_C,max_dispatch,51,51,0,None,Basic
1,G_C,max_dispatch,52,52,0,None,Basic
1,G_C,max_dispatch,53,53,0,None,Basic
1,G_C,max_dispatch,54,54,0,None,Basic
1,G_C,max_dispatch,55,55,0,None,Basic
1,G_C,max_dispatch,56,56,0,None,Basic
1,G_C,max_dispatch,57,57,0,None,Basic
1,G_C,max_dispatch,58,58,0,None,Basic
1,G_C,max_dispatch,59,59,0,None,Basic
1,G_C,max_dispatch,60,60,0,None,Basic
1,G_C,max_dispatch,61,61,0,None,Basic
1,G_C,max_dispatch,62,62,0,None,Basic
1,G_C,max_dispatch,63,63,0,None,Basic
1,G_C,max_dispatch,64,64,0,None,Basic
1,G_C,max_dispatch,65,65,0,None,Basic
1,G_C,max_dispatch,66,66,0,None,Basic
1,G_C,max_dispatch,67,67,0,None,Basic
1,G_C,max_dispatch,68,68,0,None,Basic
1,G_C,max_dispatch,69,69,0,None,Basic
1,G_C,max_dispatch,70,70,0,None,Basic
1,G_C,max_dispatch,71,71,0,None,Basic
1,G_C,max_dispatch,72,72,0,None,Basic
1,G_C,max_dispatch,73,73,0,None,Basic
1,G_C,max_dispatch,74,74,0,None,Basic
1,G_C,max_dispatch,75,75,0,None,Basic
1,G_C,max_dispatch,76,76,0,None,Basic
1,G_C,max_dispatch,77,77,0,None,Basic
1,G_C,max_dispatch,78,78,0,None,Basic
1,G_C,max_dispatch,79,79,0,None,Basic
1,G_C,max_dispatch,80,80,0,None,Basic
1,G_C,max_dispatch,81,81,0,None,Basic
1,G_C,max_dispatch,82,82,0,None,Basic
1,G_C,max_dispatch,83,83,0,None,Basic
1,G_C,max_dispatch,84,84,0,None,Basic
1,G_C,max_dispatch,85,85,0,None,Basic
1,G_C,max_dispatch,86,86,0,None,Basic
1,G_C,max_dispatch,87,87,0,None,Basic
1,G_C,max_dispatch,88,88,0,None,Basic
1,G_C,max_dispatch,89,89,0,None,Basic
1,G_C,max_dispatch,90,90,0,None,Basic
1,G_C,max_dispatch,91,91,0,None,Basic
1,G_C,max_dispatch,92,92,0,None,Basic
1,G_C,max_dispatch,93,93,0,None,Basic
1,G_C,max_dispatch,94,94,0,None,Basic
1,G_C,max_dispatch,95,95,0,None,Basic
1,G_C,max_dispatch,96,96,0,None,Basic
1,G_C,max_dispatch,97,97,0,None,Basic
1,G_C,max_dispatch,98,98,0,None,Basic
1,G_C,max_dispatch,99,99,0,None,Basic
1,G_C,max_dispatch,100,100,0,None,Basic
1,G_C,max_dispatch,101,101,0,None,Basic
1,G_C,max_dispatch,102,102,0,None,Basic
1,G_C,max_dispatch,103,103,0,None,Basic
1,G_C,max_dispatch,104,104,0,None,Basic
1,G_C,max_dispatch,105,105,0,None,Basic
1,G_C,max_dispatch,106,106,0,None,Basic
1,G_C,max_dispatch,107,107,0,None,Basic
1,G_C,max_dispatch,108,108,0,None,Basic
1,G_C,max_dispatch,109,109,0,None,Basic
1,G_C,max_dispatch,110,110,0,None,Basic
1,G_C,max_dispatch,111,111,0,None,Basic
1,G_C,max_dispatch,112,112,0,None,Basic
1,G_C,max_dispatch,113,113,0,None,Basic
1,G_C,max_dispatch,114,114,0,None,Basic
1,G_C,max_dispatch,115,115,0,None,Basic
1,G_C,max_dispatch,116,116,0,None,Basic
1,G_C,max_dispatch,117,117,0,None,Basic
1,G_C,max_dispatch,118,118,0,None,Basic
1,G_C,max_dispatch,119,119,0,None,Basic
1,G_C,max_dispatch,120,120,0,None,Basic
1,G_C,max_dispatch,121,121,0,None,Basic
1,G_C,max_dispatch,122,122,0,None,Basic
1,G_C,max_dispatch,123,123,0,None,Basic
1,G_C,max_dispatch,124,124,0,None,Basic
1,G_C,max_dispatch,125,125,0,None,Basic
1,G_C,max_dispatch,126,126,0,None,Basic
1,G_C,max_dispatch,127,127,0,None,Basic
1,G_C,max_dispatch,128,128,0,None,Basic
1,G_C,max_dispatch,129,129,0,None,Basic
1,G_C,max_dispatch,130,130,0,None,Basic
1,G_C,max_dispatch,131,131,0,None,Basic
1,G_C,max_dispatch,132,132,0,None,Basic
1,G_C,max_dispatch,133,133,0,None,Basic
1,G_C,max_dispatch,134,134,0,None,Basic
1,G_C,max_dispatch,135,135,0,None,Basic
1,G_C,max_dispatch,136,136,0,None,Basic
1,G_C,max_dispatch,137,137,0,None,Basic
1,G_C,max_dispatch,138,138,0,None,Basic
1,G_C,max_dispatch,139,139,0,None,Basic
1,G_C,max_dispatch,140,140,0,None,Basic
1,G_C,max_dispatch,141,141,0,None,Basic
1,G_C,max_dispatch,142,142,0,None,Basic
1,G_C,max_dispatch,143,143,0,None,Basic
1,G_C,max_dispatch,144,144,0,None,Basic
1,G_C,max_dispatch,145,145,0,None,Basic
1,G_C,max_dispatch,146,146,0,None,Basic
1,G_C,max_dispatch,147,147,0,None,Basic
1,G_C,max_dispatch,148,148,0,None,Basic
1,G_C,max_dispatch,149,149,0,None,Basic
1,G_C,max_dispatch,150,150,0,None,Basic
1,G_C,max_dispatch,151,151,0,None,Basic
1,G_C,max_dispatch,152,152,0,None,Basic
1,G_C,max_dispatch,153,153,0,None,Basic
1,G_C,max_dispatch,154,154,0,None,Basic
1,G_C,max_dispatch,155,155,0,None,Basic
1,G_C,max_dispatch,156,156,0,None,Basic
1,G_C,max_dispatch,157,157,0,None,Basic
1,G_C,max_dispatch,158,158,0,None,Basic
1,G_C,max_dispatch,159,159,0,None,Basic
1,G_C,max_dispatch,160,160,0,None,Basic
1,G_C,max_dispatch,161,161,0,None,Basic
1,G_C,max_dispatch,162,162,0,None,Basic
1,G_C,max_dispatch,163,163,0,None,Basic
1,G_C,max_dispatch,164,164,0,None,Basic
1,G_C,max_dispatch,165,165,0,None,Basic
1,G_C,max_dispatch,166,166,0,None,Basic
1,G_C,max_dispatch,167,167,0,None,Basic
1,G_C,max_dispatch,168,168,0,None,Basic
1,G_C,min_production,None,None,None,None,Basic
1,G_C,max_production,None,None,None,None,Basic
1,G_C,emission_port.emission,1,1,0,-0,None
1,G_C,emission_port.emission,2,2,0,-0,None
1,G_C,emission_port.emission,3,3,0,-0,None
1,G_C,emission_port.emission,4,4,0,-0,None
1,G_C,emission_port.emission,5,5,0,-0,None
1,G_C,emission_port.emission,6,6,0,-0,None
1,G_C,emission_port.emission,7,7,0,-0,None
1,G_C,emission_port.emission,8,8,0,-0,None
1,G_C,emission_port.emission,9,9,0,-0,None
1,G_C,emission_port.emission,10,10,0,-0,None
1,G_C,emission_port.emission,11,11,0,-0,None
1,G_C,emission_port.emission,12,12,0,-0,None
1,G_C,emission_port.emission,13,13,0,-0,None
1,G_C,emission_port.emission,14,14,0,-0,None
1,G_C,emission_port.emission,15,15,0,-0,None
1,G_C,emission_port.emission,16,16,0,-0,None
1,G_C,emission_port.emission,17,17,0,-0,None
1,G_C,emission_port.emission,18,18,0,-0,None
1,G_C,emission_port.emission,19,19,0,-0,None
1,G_C,emission_port.emission,20,20,0,-0,None
1,G_C,emission_port.emission,21,21,0,-0,None
1,G_C,emission_port.emission,22,22,0,-0,None
1,G_C,emission_port.emission,23,23,0,-0,None
1,G_C,emission_port.emission,24,24,0,-0,None
1,G_C,emission_port.emission,25,25,0,-0,None
1,G_C,emission_port.emission,26,26,0,-0,None
1,G_C,emission_port.emission,27,27,0,-0,None
1,G_C,emission_port.emission,28,28,0,-0,None
1,G_C,emission_port.emission,29,29,0,-0,None
1,G_C,emission_port.emission,30,30,0,-0,None
1,G_C,emission_port.emission,31,31,0,-0,None
1,G_C,emission_port.emission,32,32,0,-0,None
1,G_C,emission_port.emission,33,33,0,-0,None
1,G_C,emission_port.emission,34,34,0,-0,None
1,G_C,emission_port.emission,35,35,0,-0,None
1,G_C,emission_port.emission,36,36,0,-0,None
1,G_C,emission_port.emission,37,37,0,-0,None
1,G_C,emission_port.emission,38,38,0,-0,None
1,G_C,emission_port.emission,39,39,0,-0,None
1,G_C,emission_port.emission,40,40,0,-0,None
1,G_C,emission_port.emission,41,41,0,-0,None
1,G_C,emission_port.emission,42,42,0,-0,None
1,G_C,emission_port.emission,43,43,0,-0,None
1,G_C,emission_port.emission,44,44,0,-0,None
1,G_C,emission_port.emission,45,45,0,-0,None
1,G_C,emission_port.emission,46,46,0,-0,None
1,G_C,emission_port.emission,47,47,0,-0,None
1,G_C,emission_port.emission,48,48,0,-0,None
1,G_C,emission_port.emission,49,49,0,-0,None
1,G_C,emission_port.emission,50,50,0,-0,None
1,G_C,emission_port.emission,51,51,0,-0,None
1,G_C,emission_port.emission,52,52,0,-0,None
1,G_C,emission_port.emission,53,53,0,-0,None
1,G_C,emission_port.emission,54,54,0,-0,None
1,G_C,emission_port.emission,55,55,0,-0,None
1,G_C,emission_port.emission,56,56,0,-0,None
1,G_C,emission_port.emission,57,57,0,-0,None
1,G_C,emission_port.emission,58,58,0,-0,None
1,G_C,emission_port.emission,59,59,0,-0,None
1,G_C,emission_port.emission,60,60,0,-0,None
1,G_C,emission_port.emission,61,61,0,-0,None
1,G_C,emission_port.emission,62,62,0,-0,None
1,G_C,emission_port.emission,63,63,0,-0,None
1,G_C,emission_port.emission,64,64,0,-0,None
1,G_C,emission_port.emission,65,65,0,-0,None
1,G_C,emission_port.emission,66,66,0,-0,None
1,G_C,emission_port.emission,67,67,0,-0,None
1,G_C,emission_port.emission,68,68,0,-0,None
1,G_C,emission_port.emission,69,69,0,-0,None
1,G_C,emission_port.emission,70,70,0,-0,None
1,G_C,emission_port.emission,71,71,0,-0,None
1,G_C,emission_port.emission,72,72,0,-0,None
1,G_C,emission_port.emission,73,73,0,-0,None
1,G_C,emission_port.emission,74,74,0,-0,None
1,G_C,emission_port.emission,75,75,0,-0,None
1,G_C,emission_port.emission,76,76,0,-0,None
1,G_C,emission_port.emission,77,77,0,-0,None
1,G_C,emission_port.emission,78,78,0,-0,None
1,G_C,emission_port.emission,79,79,0,-0,None
1,G_C,emission_port.emission,80,80,0,-0,None
1,G_C,emission_port.emission,81,81,0,-0,None
1,G_C,emission_port.emission,82,82,0,-0,None
1,G_C,emission_port.emission,83,83,0,-0,None
1,G_C,emission_port.emission,84,84,0,-0,None
1,G_C,emission_port.emission,85,85,0,-0,None
1,G_C,emission_port.emission,86,86,0,-0,None
1,G_C,emission_port.emission,87,87,0,-0,None
1,G_C,emission_port.emission,88,88,0,-0,None
1,G_C,emission_port.emission,89,89,0,-0,None
1,G_C,emission_port.emission,90,90,0,-0,None
1,G_C,emission_port.emission,91,91,0,-0,None
1,G_C,emission_port.emission,92,92,0,-0,None
1,G_C,emission_port.emission,93,93,0,-0,None
1,G_C,emission_port.emission,94,94,0,-0,None
1,G_C,emission_port.emission,95,95,0,-0,None
1,G_C,emission_port.emission,96,96,0,-0,None
1,G_C,emission_port.emission,97,97,0,-0,None
1,G_C,emission_port.emission,98,98,0,-0,None
1,G_C,emission_port.emission,99,99,0,-0,None
1,G_C,emission_port.emission,100,100,0,-0,None
1,G_C,emission_port.emission,101,101,0,-0,None
1,G_C,emission_port.emission,102,102,0,-0,None
1,G_C,emission_port.emission,103,103,0,-0,None
1,G_C,emission_port.emission,104,104,0,-0,None
1,G_C,emission_port.emission,105,105,0,-0,None
1,G_C,emission_port.emission,106,106,0,-0,None
1,G_C,emission_port.emission,107,107,0,-0,None
1,G_C,emission_port.emission,108,108,0,-0,None
1,G_C,emission_port.emission,109,109,0,-0,None
1,G_C,emission_port.emission,110,110,0,-0,None
1,G_C,emission_port.emission,111,111,0,-0,None
1,G_C,emission_port.emission,112,112,0,-0,None
1,G_C,emission_port.emission,113,113,0,-0,None
1,G_C,emission_port.emission,114,114,0,-0,None
1,G_C,emission_port.emission,115,115,0,-0,None
1,G_C,emission_port.emission,116,116,0,-0,None
1,G_C,emission_port.emission,117,117,0,-0,None
1,G_C,emission_port.emission,118,118,0,-0,None
1,G_C,emission_port.emission,119,119,0,-0,None
1,G_C,emission_port.emission,120,120,0,-0,None
1,G_C,emission_port.emission,121,121,0,-0,None
1,G_C,emission_port.emission,122,122,0,-0,None
1,G_C,emission_port.emission,123,123,0,-0,None
1,G_C,emission_port.emission,124,124,0,-0,None
1,G_C,emission_port.emission,125,125,0,-0,None
1,G_C,emission_port.emission,126,126,0,-0,None
1,G_C,emission_port.emission,127,127,0,-0,None
1,G_C,emission_port.emission,128,128,0,-0,None
1,G_C,emission_port.emission,129,129,0,-0,None
1,G_C,emission_port.emission,130,130,0,-0,None
1,G_C,emission_port.emission,131,131,0,-0,None
1,G_C,emission_port.emission,132,132,0,-0,None
1,G_C,emission_port.emission,133,133,0,-0,None
1,G_C,emission_port.emission,134,134,0,-0,None
1,G_C,emission_port.emission,135,135,0,-0,None
1,G_C,emission_port.emission,136,136,0,-0,None
1,G_C,emission_port.emission,137,137,0,-0,None
1,G_C,emission_port.emission,138,138,0,-0,None
1,G_C,emission_port.emission,139,139,0,-0,None
1,G_C,emission_port.emission,140,140,0,-0,None
1,G_C,emission_port.emission,141,141,0,-0,None
1,G_C,emission_port.emission,142,142,0,-0,None
1,G_C,emission_port.emission,143,143,0,-0,None
1,G_C,emission_port.emission,144,144,0,-0,None
1,G_C,emission_port.emission,145,145,0,-0,None
1,G_C,emission_port.emission,146,146,0,-0,None
1,G_C,emission_port.emission,147,147,0,-0,None
1,G_C,emission_port.emission,148,148,0,-0,None
1,G_C,emission_port.emission,149,149,0,-0,None
1,G_C,emission_port.emission,150,150,0,-0,None
1,G_C,emission_port.emission,151,151,0,-0,None
1,G_C,emission_port.emission,152,152,0,-0,None
1,G_C,emission_port.emission,153,153,0,-0,None
1,G_C,emission_port.emission,154,154,0,-0,None
1,G_C,emission_port.emission,155,155,0,-0,None
1,G_C,emission_port.emission,156,156,0,-0,None
1,G_C,emission_port.emission,157,157,0,-0,None
1,G_C,emission_port.emission,158,158,0,-0,None
1,G_C,emission_port.emission,159,159,0,-0,None
1,G_C,emission_port.emission,160,160,0,-0,None
1,G_C,emission_port.emission,161,161,0,-0,None
1,G_C,emission_port.emission,162,162,0,-0,None
1,G_C,emission_port.emission,163,163,0,-0,None
1,G_C,emission_port.emission,164,164,0,-0,None
1,G_C,emission_port.emission,165,165,0,-0,None
1,G_C,emission_port.emission,166,166,0,-0,None
1,G_C,emission_port.emission,167,167,0,-0,None
1,G_C,emission_port.emission,168,168,0,-0,None
1,G_C,p_balance_port.flow,1,1,0,-0,None
1,G_C,p_balance_port.flow,2,2,0,-0,None
1,G_C,p_balance_port.flow,3,3,0,-0,None
1,G_C,p_balance_port.flow,4,4,0,-0,None
1,G_C,p_balance_port.flow,5,5,0,-0,None
1,G_C,p_balance_port.flow,6,6,0,-0,None
1,G_C,p_balance_port.flow,7,7,0,-0,None
1,G_C,p_balance_port.flow,8,8,0,-0,None
1,G_C,p_balance_port.flow,9,9,0,-0,None
1,G_C,p_balance_port.flow,10,10,0,-0,None
1,G_C,p_balance_port.flow,11,11,0,-0,None
1,G_C,p_balance_port.flow,12,12,0,-0,None
1,G_C,p_balance_port.flow,13,13,0,-0,None
1,G_C,p_balance_port.flow,14,14,0,-0,None
1,G_C,p_balance_port.flow,15,15,0,-0,None
1,G_C,p_balance_port.flow,16,16,0,-0,None
1,G_C,p_balance_port.flow,17,17,0,-0,None
1,G_C,p_balance_port.flow,18,18,0,-0,None
1,G_C,p_balance_port.flow,19,19,0,-0,None
1,G_C,p_balance_port.flow,20,20,0,-0,None
1,G_C,p_balance_port.flow,21,21,0,-0,None
1,G_C,p_balance_port.flow,22,22,0,-0,None
1,G_C,p_balance_port.flow,23,23,0,-0,None
1,G_C,p_balance_port.flow,24,24,0,-0,None
1,G_C,p_balance_port.flow,25,25,0,-0,None
1,G_C,p_balance_port.flow,26,26,0,-0,None
1,G_C,p_balance_port.flow,27,27,0,-0,None
1,G_C,p_balance_port.flow,28,28,0,-0,None
1,G_C,p_balance_port.flow,29,29,0,-0,None
1,G_C,p_balance_port.flow,30,30,0,-0,None
1,G_C,p_balance_port.flow,31,31,0,-0,None
1,G_C,p_balance_port.flow,32,32,0,-0,None
1,G_C,p_balance_port.flow,33,33,0,-0,None
1,G_C,p_balance_port.flow,34,34,0,-0,None
1,G_C,p_balance_port.flow,35,35,0,-0,None
1,G_C,p_balance_port.flow,36,36,0,-0,None
1,G_C,p_balance_port.flow,37,37,0,-0,None
1,G_C,p_balance_port.flow,38,38,0,-0,None
1,G_C,p_balance_port.flow,39,39,0,-0,None
1,G_C,p_balance_port.flow,40,40,0,-0,None
1,G_C,p_balance_port.flow,41,41,0,-0,None
1,G_C,p_balance_port.flow,42,42,0,-0,None
1,G_C,p_balance_port.flow,43,43,0,-0,None
1,G_C,p_balance_port.flow,44,44,0,-0,None
1,G_C,p_balance_port.flow,45,45,0,-0,None
1,G_C,p_balance_port.flow,46,46,0,-0,None
1,G_C,p_balance_port.flow,47,47,0,-0,None
1,G_C,p_balance_port.flow,48,48,0,-0,None
1,G_C,p_balance_port.flow,49,49,0,-0,None
1,G_C,p_balance_port.flow,50,50,0,-0,None
1,G_C,p_balance_port.flow,51,51,0,-0,None
1,G_C,p_balance_port.flow,52,52,0,-0,None
1,G_C,p_balance_port.flow,53,53,0,-0,None
1,G_C,p_balance_port.flow,54,54,0,-0,None
1,G_C,p_balance_port.flow,55,55,0,-0,None
1,G_C,p_balance_port.flow,56,56,0,-0,None
1,G_C,p_balance_port.flow,57,57,0,-0,None
1,G_C,p_balance_port.flow,58,58,0,-0,None
1,G_C,p_balance_port.flow,59,59,0,-0,None
1,G_C,p_balance_port.flow,60,60,0,-0,None
1,G_C,p_balance_port.flow,61,61,0,-0,None
1,G_C,p_balance_port.flow,62,62,0,-0,None
1,G_C,p_balance_port.flow,63,63,0,-0,None
1,G_C,p_balance_port.flow,64,64,0,-0,None
1,G_C,p_balance_port.flow,65,65,0,-0,None
1,G_C,p_balance_port.flow,66,66,0,-0,None
1,G_C,p_balance_port.flow,67,67,0,-0,None
1,G_C,p_balance_port.flow,68,68,0,-0,None
1,G_C,p_balance_port.flow,69,69,0,-0,None
1,G_C,p_balance_port.flow,70,70,0,-0,None
1,G_C,p_balance_port.flow,71,71,0,-0,None
1,G_C,p_balance_port.flow,72,72,0,-0,None
1,G_C,p_balance_port.flow,73,73,0,-0,None
1,G_C,p_balance_port.flow,74,74,0,-0,None
1,G_C,p_balance_port.flow,75,75,0,-0,None
1,G_C,p_balance_port.flow,76,76,0,-0,None
1,G_C,p_balance_port.flow,77,77,0,-0,None
1,G_C,p_balance_port.flow,78,78,0,-0,None
1,G_C,p_balance_port.flow,79,79,0,-0,None
1,G_C,p_balance_port.flow,80,80,0,-0,None
1,G_C,p_balance_port.flow,81,81,0,-0,None
1,G_C,p_balance_port.flow,82,82,0,-0,None
1,G_C,p_balance_port.flow,83,83,0,-0,None
1,G_C,p_balance_port.flow,84,84,0,-0,None
1,G_C,p_balance_port.flow,85,85,0,-0,None
1,G_C,p_balance_port.flow,86,86,0,-0,None
1,G_C,p_balance_port.flow,87,87,0,-0,None
1,G_C,p_balance_port.flow,88,88,0,-0,None
1,G_C,p_balance_port.flow,89,89,0,-0,None
1,G_C,p_balance_port.flow,90,90,0,-0,None
1,G_C,p_balance_port.flow,91,91,0,-0,None
1,G_C,p_balance_port.flow,92,92,0,-0,None
1,G_C,p_balance_port.flow,93,93,0,-0,None
1,G_C,p_balance_port.flow,94,94,0,-0,None
1,G_C,p_balance_port.flow,95,95,0,-0,None
1,G_C,p_balance_port.flow,96,96,0,-0,None
1,G_C,p_balance_port.flow,97,97,0,-0,None
1,G_C,p_balance_port.flow,98,98,0,-0,None
1,G_C,p_balance_port.flow,99,99,0,-0,None
1,G_C,p_balance_port.flow,100,100,0,-0,None
1,G_C,p_balance_port.flow,101,101,0,-0,None
1,G_C,p_balance_port.flow,102,102,0,-0,None
1,G_C,p_balance_port.flow,103,103,0,-0,None
1,G_C,p_balance_port.flow,104,104,0,-0,None
1,G_C,p_balance_port.flow,105,105,0,-0,None
1,G_C,p_balance_port.flow,106,106,0,-0,None
1,G_C,p_balance_port.flow,107,107,0,-0,None
1,G_C,p_balance_port.flow,108,108,0,-0,None
1,G_C,p_balance_port.flow,109,109,0,-0,None
1,G_C,p_balance_port.flow,110,110,0,-0,None
1,G_C,p_balance_port.flow,111,111,0,-0,None
1,G_C,p_balance_port.flow,112,112,0,-0,None
1,G_C,p_balance_port.flow,113,113,0,-0,None
1,G_C,p_balance_port.flow,114,114,0,-0,None
1,G_C,p_balance_port.flow,115,115,0,-0,None
1,G_C,p_balance_port.flow,116,116,0,-0,None
1,G_C,p_balance_port.flow,117,117,0,-0,None
1,G_C,p_balance_port.flow,118,118,0,-0,None
1,G_C,p_balance_port.flow,119,119,0,-0,None
1,G_C,p_balance_port.flow,120,120,0,-0,None
1,G_C,p_balance_port.flow,121,121,0,-0,None
1,G_C,p_balance_port.flow,122,122,0,-0,None
1,G_C,p_balance_port.flow,123,123,0,-0,None
1,G_C,p_balance_port.flow,124,124,0,-0,None
1,G_C,p_balance_port.flow,125,125,0,-0,None
1,G_C,p_balance_port.flow,126,126,0,-0,None
1,G_C,p_balance_port.flow,127,127,0,-0,None
1,G_C,p_balance_port.flow,128,128,0,-0,None
1,G_C,p_balance_port.flow,129,129,0,-0,None
1,G_C,p_balance_port.flow,130,130,0,-0,None
1,G_C,p_balance_port.flow,131,131,0,-0,None
1,G_C,p_balance_port.flow,132,132,0,-0,None
1,G_C,p_balance_port.flow,133,133,0,-0,None
1,G_C,p_balance_port.flow,134,134,0,-0,None
1,G_C,p_balance_port.flow,135,135,0,-0,None
1,G_C,p_balance_port.flow,136,136,0,-0,None
1,G_C,p_balance_port.flow,137,137,0,-0,None
1,G_C,p_balance_port.flow,138,138,0,-0,None
1,G_C,p_balance_port.flow,139,139,0,-0,None
1,G_C,p_balance_port.flow,140,140,0,-0,None
1,G_C,p_balance_port.flow,141,141,0,-0,None
1,G_C,p_balance_port.flow,142,142,0,-0,None
1,G_C,p_balance_port.flow,143,143,0,-0,None
1,G_C,p_balance_port.flow,144,144,0,-0,None
1,G_C,p_balance_port.flow,145,145,0,-0,None
1,G_C,p_balance_port.flow,146,146,0,-0,None
1,G_C,p_balance_port.flow,147,147,0,-0,None
1,G_C,p_balance_port.flow,148,148,0,-0,None
1,G_C,p_balance_port.flow,149,149,0,-0,None
1,G_C,p_balance_port.flow,150,150,0,-0,None
1,G_C,p_balance_port.flow,151,151,0,-0,None
1,G_C,p_balance_port.flow,152,152,0,-0,None
1,G_C,p_balance_port.flow,153,153,0,-0,None
1,G_C,p_balance_port.flow,154,154,0,-0,None
1,G_C,p_balance_port.flow,155,155,0,-0,None
1,G_C,p_balance_port.flow,156,156,0,-0,None
1,G_C,p_balance_port.flow,157,157,0,-0,None
1,G_C,p_balance_port.flow,158,158,0,-0,None
1,G_C,p_balance_port.flow,159,159,0,-0,None
1,G_C,p_balance_port.flow,160,160,0,-0,None
1,G_C,p_balance_port.flow,161,161,0,-0,None
1,G_C,p_balance_port.flow,162,162,0,-0,None
1,G_C,p_balance_port.flow,163,163,0,-0,None
1,G_C,p_balance_port.flow,164,164,0,-0,None
1,G_C,p_balance_port.flow,165,165,0,-0,None
1,G_C,p_balance_port.flow,166,166,0,-0,None
1,G_C,p_balance_port.flow,167,167,0,-0,None
1,G_C,p_balance_port.flow,168,168,0,-0,None
1,L_B,q_balance_port.flow,None,None,None,-0,None
1,L_B,p_balance_port.flow,1,1,0,-25,None
1,L_B,p_balance_port.flow,2,2,0,-26,None
1,L_B,p_balance_port.flow,3,3,0,-28,None
1,L_B,p_balance_port.flow,4,4,0,-32,None
1,L_B,p_balance_port.flow,5,5,0,-38,None
1,L_B,p_balance_port.flow,6,6,0,-44,None
1,L_B,p_balance_port.flow,7,7,0,-50,None
1,L_B,p_balance_port.flow,8,8,0,-56,None
1,L_B,p_balance_port.flow,9,9,0,-62,None
1,L_B,p_balance_port.flow,10,10,0,-68,None
1,L_B,p_balance_port.flow,11,11,0,-72,None
1,L_B,p_balance_port.flow,12,12,0,-74,None
1,L_B,p_balance_port.flow,13,13,0,-75,None
1,L_B,p_balance_port.flow,14,14,0,-74,None
1,L_B,p_balance_port.flow,15,15,0,-72,None
1,L_B,p_balance_port.flow,16,16,0,-68,None
1,L_B,p_balance_port.flow,17,17,0,-62,None
1,L_B,p_balance_port.flow,18,18,0,-56,None
1,L_B,p_balance_port.flow,19,19,0,-50,None
1,L_B,p_balance_port.flow,20,20,0,-44,None
1,L_B,p_balance_port.flow,21,21,0,-38,None
1,L_B,p_balance_port.flow,22,22,0,-32,None
1,L_B,p_balance_port.flow,23,23,0,-28,None
1,L_B,p_balance_port.flow,24,24,0,-26,None
1,L_B,p_balance_port.flow,25,25,0,-25,None
1,L_B,p_balance_port.flow,26,26,0,-26,None
1,L_B,p_balance_port.flow,27,27,0,-28,None
1,L_B,p_balance_port.flow,28,28,0,-32,None
1,L_B,p_balance_port.flow,29,29,0,-38,None
1,L_B,p_balance_port.flow,30,30,0,-44,None
1,L_B,p_balance_port.flow,31,31,0,-50,None
1,L_B,p_balance_port.flow,32,32,0,-56,None
1,L_B,p_balance_port.flow,33,33,0,-62,None
1,L_B,p_balance_port.flow,34,34,0,-68,None
1,L_B,p_balance_port.flow,35,35,0,-72,None
1,L_B,p_balance_port.flow,36,36,0,-74,None
1,L_B,p_balance_port.flow,37,37,0,-75,None
1,L_B,p_balance_port.flow,38,38,0,-74,None
1,L_B,p_balance_port.flow,39,39,0,-72,None
1,L_B,p_balance_port.flow,40,40,0,-68,None
1,L_B,p_balance_port.flow,41,41,0,-62,None
1,L_B,p_balance_port.flow,42,42,0,-56,None
1,L_B,p_balance_port.flow,43,43,0,-50,None
1,L_B,p_balance_port.flow,44,44,0,-44,None
1,L_B,p_balance_port.flow,45,45,0,-38,None
1,L_B,p_balance_port.flow,46,46,0,-32,None
1,L_B,p_balance_port.flow,47,47,0,-28,None
1,L_B,p_balance_port.flow,48,48,0,-26,None
1,L_B,p_balance_port.flow,49,49,0,-25,None
1,L_B,p_balance_port.flow,50,50,0,-26,None
1,L_B,p_balance_port.flow,51,51,0,-28,None
1,L_B,p_balance_port.flow,52,52,0,-32,None
1,L_B,p_balance_port.flow,53,53,0,-38,None
1,L_B,p_balance_port.flow,54,54,0,-44,None
1,L_B,p_balance_port.flow,55,55,0,-50,None
1,L_B,p_balance_port.flow,56,56,0,-56,None
1,L_B,p_balance_port.flow,57,57,0,-62,None
1,L_B,p_balance_port.flow,58,58,0,-68,None
1,L_B,p_balance_port.flow,59,59,0,-72,None
1,L_B,p_balance_port.flow,60,60,0,-74,None
1,L_B,p_balance_port.flow,61,61,0,-75,None
1,L_B,p_balance_port.flow,62,62,0,-74,None
1,L_B,p_balance_port.flow,63,63,0,-72,None
1,L_B,p_balance_port.flow,64,64,0,-68,None
1,L_B,p_balance_port.flow,65,65,0,-62,None
1,L_B,p_balance_port.flow,66,66,0,-56,None
1,L_B,p_balance_port.flow,67,67,0,-50,None
1,L_B,p_balance_port.flow,68,68,0,-44,None
1,L_B,p_balance_port.flow,69,69,0,-38,None
1,L_B,p_balance_port.flow,70,70,0,-32,None
1,L_B,p_balance_port.flow,71,71,0,-28,None
1,L_B,p_balance_port.flow,72,72,0,-26,None
1,L_B,p_balance_port.flow,73,73,0,-25,None
1,L_B,p_balance_port.flow,74,74,0,-26,None
1,L_B,p_balance_port.flow,75,75,0,-28,None
1,L_B,p_balance_port.flow,76,76,0,-32,None
1,L_B,p_balance_port.flow,77,77,0,-38,None
1,L_B,p_balance_port.flow,78,78,0,-44,None
1,L_B,p_balance_port.flow,79,79,0,-50,None
1,L_B,p_balance_port.flow,80,80,0,-56,None
1,L_B,p_balance_port.flow,81,81,0,-62,None
1,L_B,p_balance_port.flow,82,82,0,-68,None
1,L_B,p_balance_port.flow,83,83,0,-72,None
1,L_B,p_balance_port.flow,84,84,0,-74,None
1,L_B,p_balance_port.flow,85,85,0,-75,None
1,L_B,p_balance_port.flow,86,86,0,-74,None
1,L_B,p_balance_port.flow,87,87,0,-72,None
1,L_B,p_balance_port.flow,88,88,0,-68,None
1,L_B,p_balance_port.flow,89,89,0,-62,None
1,L_B,p_balance_port.flow,90,90,0,-56,None
1,L_B,p_balance_port.flow,91,91,0,-50,None
1,L_B,p_balance_port.flow,92,92,0,-44,None
1,L_B,p_balance_port.flow,93,93,0,-38,None
1,L_B,p_balance_port.flow,94,94,0,-32,None
1,L_B,p_balance_port.flow,95,95,0,-28,None
1,L_B,p_balance_port.flow,96,96,0,-26,None
1,L_B,p_balance_port.flow,97,97,0,-25,None
1,L_B,p_balance_port.flow,98,98,0,-26,None
1,L_B,p_balance_port.flow,99,99,0,-28,None
1,L_B,p_balance_port.flow,100,100,0,-32,None
1,L_B,p_balance_port.flow,101,101,0,-38,None
1,L_B,p_balance_port.flow,102,102,0,-44,None
1,L_B,p_balance_port.flow,103,103,0,-50,None
1,L_B,p_balance_port.flow,104,104,0,-56,None
1,L_B,p_balance_port.flow,105,105,0,-62,None
1,L_B,p_balance_port.flow,106,106,0,-68,None
1,L_B,p_balance_port.flow,107,107,0,-72,None
1,L_B,p_balance_port.flow,108,108,0,-74,None
1,L_B,p_balance_port.flow,109,109,0,-75,None
1,L_B,p_balance_port.flow,110,110,0,-74,None
1,L_B,p_balance_port.flow,111,111,0,-72,None
1,L_B,p_balance_port.flow,112,112,0,-68,None
1,L_B,p_balance_port.flow,113,113,0,-62,None
1,L_B,p_balance_port.flow,114,114,0,-56,None
1,L_B,p_balance_port.flow,115,115,0,-50,None
1,L_B,p_balance_port.flow,116,116,0,-44,None
1,L_B,p_balance_port.flow,117,117,0,-38,None
1,L_B,p_balance_port.flow,118,118,0,-32,None
1,L_B,p_balance_port.flow,119,119,0,-28,None
1,L_B,p_balance_port.flow,120,120,0,-26,None
1,L_B,p_balance_port.flow,121,121,0,-15,None
1,L_B,p_balance_port.flow,122,122,0,-16,None
1,L_B,p_balance_port.flow,123,123,0,-18,None
1,L_B,p_balance_port.flow,124,124,0,-22,None
1,L_B,p_balance_port.flow,125,125,0,-28,None
1,L_B,p_balance_port.flow,126,126,0,-34,None
1,L_B,p_balance_port.flow,127,127,0,-40,None
1,L_B,p_balance_port.flow,128,128,0,-46,None
1,L_B,p_balance_port.flow,129,129,0,-52,None
1,L_B,p_balance_port.flow,130,130,0,-58,None
1,L_B,p_balance_port.flow,131,131,0,-62,None
1,L_B,p_balance_port.flow,132,132,0,-64,None
1,L_B,p_balance_port.flow,133,133,0,-65,None
1,L_B,p_balance_port.flow,134,134,0,-64,None
1,L_B,p_balance_port.flow,135,135,0,-62,None
1,L_B,p_balance_port.flow,136,136,0,-58,None
1,L_B,p_balance_port.flow,137,137,0,-52,None
1,L_B,p_balance_port.flow,138,138,0,-46,None
1,L_B,p_balance_port.flow,139,139,0,-40,None
1,L_B,p_balance_port.flow,140,140,0,-34,None
1,L_B,p_balance_port.flow,141,141,0,-28,None
1,L_B,p_balance_port.flow,142,142,0,-22,None
1,L_B,p_balance_port.flow,143,143,0,-18,None
1,L_B,p_balance_port.flow,144,144,0,-16,None
1,L_B,p_balance_port.flow,145,145,0,-15,None
1,L_B,p_balance_port.flow,146,146,0,-16,None
1,L_B,p_balance_port.flow,147,147,0,-18,None
1,L_B,p_balance_port.flow,148,148,0,-22,None
1,L_B,p_balance_port.flow,149,149,0,-28,None
1,L_B,p_balance_port.flow,150,150,0,-34,None
1,L_B,p_balance_port.flow,151,151,0,-40,None
1,L_B,p_balance_port.flow,152,152,0,-46,None
1,L_B,p_balance_port.flow,153,153,0,-52,None
1,L_B,p_balance_port.flow,154,154,0,-58,None
1,L_B,p_balance_port.flow,155,155,0,-62,None
1,L_B,p_balance_port.flow,156,156,0,-64,None
1,L_B,p_balance_port.flow,157,157,0,-65,None
1,L_B,p_balance_port.flow,158,158,0,-64,None
1,L_B,p_balance_port.flow,159,159,0,-62,None
1,L_B,p_balance_port.flow,160,160,0,-58,None
1,L_B,p_balance_port.flow,161,161,0,-52,None
1,L_B,p_balance_port.flow,162,162,0,-46,None
1,L_B,p_balance_port.flow,163,163,0,-40,None
1,L_B,p_balance_port.flow,164,164,0,-34,None
1,L_B,p_balance_port.flow,165,165,0,-28,None
1,L_B,p_balance_port.flow,166,166,0,-22,None
1,L_B,p_balance_port.flow,167,167,0,-18,None
1,L_B,p_balance_port.flow,168,168,0,-16,None
1,L_C,q_balance_port.flow,None,None,None,-0,None
1,L_C,p_balance_port.flow,1,1,0,-25,None
1,L_C,p_balance_port.flow,2,2,0,-26,None
1,L_C,p_balance_port.flow,3,3,0,-28,None
1,L_C,p_balance_port.flow,4,4,0,-32,None
1,L_C,p_balance_port.flow,5,5,0,-38,None
1,L_C,p_balance_port.flow,6,6,0,-44,None
1,L_C,p_balance_port.flow,7,7,0,-50,None
1,L_C,p_balance_port.flow,8,8,0,-56,None
1,L_C,p_balance_port.flow,9,9,0,-62,None
1,L_C,p_balance_port.flow,10,10,0,-68,None
1,L_C,p_balance_port.flow,11,11,0,-72,None
1,L_C,p_balance_port.flow,12,12,0,-74,None
1,L_C,p_balance_port.flow,13,13,0,-75,None
1,L_C,p_balance_port.flow,14,14,0,-74,None
1,L_C,p_balance_port.flow,15,15,0,-72,None
1,L_C,p_balance_port.flow,16,16,0,-68,None
1,L_C,p_balance_port.flow,17,17,0,-62,None
1,L_C,p_balance_port.flow,18,18,0,-56,None
1,L_C,p_balance_port.flow,19,19,0,-50,None
1,L_C,p_balance_port.flow,20,20,0,-44,None
1,L_C,p_balance_port.flow,21,21,0,-38,None
1,L_C,p_balance_port.flow,22,22,0,-32,None
1,L_C,p_balance_port.flow,23,23,0,-28,None
1,L_C,p_balance_port.flow,24,24,0,-26,None
1,L_C,p_balance_port.flow,25,25,0,-25,None
1,L_C,p_balance_port.flow,26,26,0,-26,None
1,L_C,p_balance_port.flow,27,27,0,-28,None
1,L_C,p_balance_port.flow,28,28,0,-32,None
1,L_C,p_balance_port.flow,29,29,0,-38,None
1,L_C,p_balance_port.flow,30,30,0,-44,None
1,L_C,p_balance_port.flow,31,31,0,-50,None
1,L_C,p_balance_port.flow,32,32,0,-56,None
1,L_C,p_balance_port.flow,33,33,0,-62,None
1,L_C,p_balance_port.flow,34,34,0,-68,None
1,L_C,p_balance_port.flow,35,35,0,-72,None
1,L_C,p_balance_port.flow,36,36,0,-74,None
1,L_C,p_balance_port.flow,37,37,0,-75,None
1,L_C,p_balance_port.flow,38,38,0,-74,None
1,L_C,p_balance_port.flow,39,39,0,-72,None
1,L_C,p_balance_port.flow,40,40,0,-68,None
1,L_C,p_balance_port.flow,41,41,0,-62,None
1,L_C,p_balance_port.flow,42,42,0,-56,None
1,L_C,p_balance_port.flow,43,43,0,-50,None
1,L_C,p_balance_port.flow,44,44,0,-44,None
1,L_C,p_balance_port.flow,45,45,0,-38,None
1,L_C,p_balance_port.flow,46,46,0,-32,None
1,L_C,p_balance_port.flow,47,47,0,-28,None
1,L_C,p_balance_port.flow,48,48,0,-26,None
1,L_C,p_balance_port.flow,49,49,0,-25,None
1,L_C,p_balance_port.flow,50,50,0,-26,None
1,L_C,p_balance_port.flow,51,51,0,-28,None
1,L_C,p_balance_port.flow,52,52,0,-32,None
1,L_C,p_balance_port.flow,53,53,0,-38,None
1,L_C,p_balance_port.flow,54,54,0,-44,None
1,L_C,p_balance_port.flow,55,55,0,-50,None
1,L_C,p_balance_port.flow,56,56,0,-56,None
1,L_C,p_balance_port.flow,57,57,0,-62,None
1,L_C,p_balance_port.flow,58,58,0,-68,None
1,L_C,p_balance_port.flow,59,59,0,-72,None
1,L_C,p_balance_port.flow,60,60,0,-74,None
1,L_C,p_balance_port.flow,61,61,0,-75,None
1,L_C,p_balance_port.flow,62,62,0,-74,None
1,L_C,p_balance_port.flow,63,63,0,-72,None
1,L_C,p_balance_port.flow,64,64,0,-68,None
1,L_C,p_balance_port.flow,65,65,0,-62,None
1,L_C,p_balance_port.flow,66,66,0,-56,None
1,L_C,p_balance_port.flow,67,67,0,-50,None
1,L_C,p_balance_port.flow,68,68,0,-44,None
1,L_C,p_balance_port.flow,69,69,0,-38,None
1,L_C,p_balance_port.flow,70,70,0,-32,None
1,L_C,p_balance_port.flow,71,71,0,-28,None
1,L_C,p_balance_port.flow,72,72,0,-26,None
1,L_C,p_balance_port.flow,73,73,0,-25,None
1,L_C,p_balance_port.flow,74,74,0,-26,None
1,L_C,p_balance_port.flow,75,75,0,-28,None
1,L_C,p_balance_port.flow,76,76,0,-32,None
1,L_C,p_balance_port.flow,77,77,0,-38,None
1,L_C,p_balance_port.flow,78,78,0,-44,None
1,L_C,p_balance_port.flow,79,79,0,-50,None
1,L_C,p_balance_port.flow,80,80,0,-56,None
1,L_C,p_balance_port.flow,81,81,0,-62,None
1,L_C,p_balance_port.flow,82,82,0,-68,None
1,L_C,p_balance_port.flow,83,83,0,-72,None
1,L_C,p_balance_port.flow,84,84,0,-74,None
1,L_C,p_balance_port.flow,85,85,0,-75,None
1,L_C,p_balance_port.flow,86,86,0,-74,None
1,L_C,p_balance_port.flow,87,87,0,-72,None
1,L_C,p_balance_port.flow,88,88,0,-68,None
1,L_C,p_balance_port.flow,89,89,0,-62,None
1,L_C,p_balance_port.flow,90,90,0,-56,None
1,L_C,p_balance_port.flow,91,91,0,-50,None
1,L_C,p_balance_port.flow,92,92,0,-44,None
1,L_C,p_balance_port.flow,93,93,0,-38,None
1,L_C,p_balance_port.flow,94,94,0,-32,None
1,L_C,p_balance_port.flow,95,95,0,-28,None
1,L_C,p_balance_port.flow,96,96,0,-26,None
1,L_C,p_balance_port.flow,97,97,0,-25,None
1,L_C,p_balance_port.flow,98,98,0,-26,None
1,L_C,p_balance_port.flow,99,99,0,-28,None
1,L_C,p_balance_port.flow,100,100,0,-32,None
1,L_C,p_balance_port.flow,101,101,0,-38,None
1,L_C,p_balance_port.flow,102,102,0,-44,None
1,L_C,p_balance_port.flow,103,103,0,-50,None
1,L_C,p_balance_port.flow,104,104,0,-56,None
1,L_C,p_balance_port.flow,105,105,0,-62,None
1,L_C,p_balance_port.flow,106,106,0,-68,None
1,L_C,p_balance_port.flow,107,107,0,-72,None
1,L_C,p_balance_port.flow,108,108,0,-74,None
1,L_C,p_balance_port.flow,109,109,0,-75,None
1,L_C,p_balance_port.flow,110,110,0,-74,None
1,L_C,p_balance_port.flow,111,111,0,-72,None
1,L_C,p_balance_port.flow,112,112,0,-68,None
1,L_C,p_balance_port.flow,113,113,0,-62,None
1,L_C,p_balance_port.flow,114,114,0,-56,None
1,L_C,p_balance_port.flow,115,115,0,-50,None
1,L_C,p_balance_port.flow,116,116,0,-44,None
1,L_C,p_balance_port.flow,117,117,0,-38,None
1,L_C,p_balance_port.flow,118,118,0,-32,None
1,L_C,p_balance_port.flow,119,119,0,-28,None
1,L_C,p_balance_port.flow,120,120,0,-26,None
1,L_C,p_balance_port.flow,121,121,0,-15,None
1,L_C,p_balance_port.flow,122,122,0,-16,None
1,L_C,p_balance_port.flow,123,123,0,-18,None
1,L_C,p_balance_port.flow,124,124,0,-22,None
1,L_C,p_balance_port.flow,125,125,0,-28,None
1,L_C,p_balance_port.flow,126,126,0,-34,None
1,L_C,p_balance_port.flow,127,127,0,-40,None
1,L_C,p_balance_port.flow,128,128,0,-46,None
1,L_C,p_balance_port.flow,129,129,0,-52,None
1,L_C,p_balance_port.flow,130,130,0,-58,None
1,L_C,p_balance_port.flow,131,131,0,-62,None
1,L_C,p_balance_port.flow,132,132,0,-64,None
1,L_C,p_balance_port.flow,133,133,0,-65,None
1,L_C,p_balance_port.flow,134,134,0,-64,None
1,L_C,p_balance_port.flow,135,135,0,-62,None
1,L_C,p_balance_port.flow,136,136,0,-58,None
1,L_C,p_balance_port.flow,137,137,0,-52,None
1,L_C,p_balance_port.flow,138,138,0,-46,None
1,L_C,p_balance_port.flow,139,139,0,-40,None
1,L_C,p_balance_port.flow,140,140,0,-34,None
1,L_C,p_balance_port.flow,141,141,0,-28,None
1,L_C,p_balance_port.flow,142,142,0,-22,None
1,L_C,p_balance_port.flow,143,143,0,-18,None
1,L_C,p_balance_port.flow,144,144,0,-16,None
1,L_C,p_balance_port.flow,145,145,0,-15,None
1,L_C,p_balance_port.flow,146,146,0,-16,None
1,L_C,p_balance_port.flow,147,147,0,-18,None
1,L_C,p_balance_port.flow,148,148,0,-22,None
1,L_C,p_balance_port.flow,149,149,0,-28,None
1,L_C,p_balance_port.flow,150,150,0,-34,None
1,L_C,p_balance_port.flow,151,151,0,-40,None
1,L_C,p_balance_port.flow,152,152,0,-46,None
1,L_C,p_balance_port.flow,153,153,0,-52,None
1,L_C,p_balance_port.flow,154,154,0,-58,None
1,L_C,p_balance_port.flow,155,155,0,-62,None
1,L_C,p_balance_port.flow,156,156,0,-64,None
1,L_C,p_balance_port.flow,157,157,0,-65,None
1,L_C,p_balance_port.flow,158,158,0,-64,None
1,L_C,p_balance_port.flow,159,159,0,-62,None
1,L_C,p_balance_port.flow,160,160,0,-58,None
1,L_C,p_balance_port.flow,161,161,0,-52,None
1,L_C,p_balance_port.flow,162,162,0,-46,None
1,L_C,p_balance_port.flow,163,163,0,-40,None
1,L_C,p_balance_port.flow,164,164,0,-34,None
1,L_C,p_balance_port.flow,165,165,0,-28,None
1,L_C,p_balance_port.flow,166,166,0,-22,None
1,L_C,p_balance_port.flow,167,167,0,-18,None
1,L_C,p_balance_port.flow,168,168,0,-16,None
1,T_AB,s_nom,1,1,0,150,Fixed value
1,T_AB,s_nom,2,2,0,150,Fixed value
1,T_AB,s_nom,3,3,0,150,Fixed value
1,T_AB,s_nom,4,4,0,150,Fixed value
1,T_AB,s_nom,5,5,0,150,Fixed value
1,T_AB,s_nom,6,6,0,150,Fixed value
1,T_AB,s_nom,7,7,0,150,Fixed value
1,T_AB,s_nom,8,8,0,150,Fixed value
1,T_AB,s_nom,9,9,0,150,Fixed value
1,T_AB,s_nom,10,10,0,150,Fixed value
1,T_AB,s_nom,11,11,0,150,Fixed value
1,T_AB,s_nom,12,12,0,150,Fixed value
1,T_AB,s_nom,13,13,0,150,Fixed value
1,T_AB,s_nom,14,14,0,150,Fixed value
1,T_AB,s_nom,15,15,0,150,Fixed value
1,T_AB,s_nom,16,16,0,150,Fixed value
1,T_AB,s_nom,17,17,0,150,Fixed value
1,T_AB,s_nom,18,18,0,150,Fixed value
1,T_AB,s_nom,19,19,0,150,Fixed value
1,T_AB,s_nom,20,20,0,150,Fixed value
1,T_AB,s_nom,21,21,0,150,Fixed value
1,T_AB,s_nom,22,22,0,150,Fixed value
1,T_AB,s_nom,23,23,0,150,Fixed value
1,T_AB,s_nom,24,24,0,150,Fixed value
1,T_AB,s_nom,25,25,0,150,Fixed value
1,T_AB,s_nom,26,26,0,150,Fixed value
1,T_AB,s_nom,27,27,0,150,Fixed value
1,T_AB,s_nom,28,28,0,150,Fixed value
1,T_AB,s_nom,29,29,0,150,Fixed value
1,T_AB,s_nom,30,30,0,150,Fixed value
1,T_AB,s_nom,31,31,0,150,Fixed value
1,T_AB,s_nom,32,32,0,150,Fixed value
1,T_AB,s_nom,33,33,0,150,Fixed value
1,T_AB,s_nom,34,34,0,150,Fixed value
1,T_AB,s_nom,35,35,0,150,Fixed value
1,T_AB,s_nom,36,36,0,150,Fixed value
1,T_AB,s_nom,37,37,0,150,Fixed value
1,T_AB,s_nom,38,38,0,150,Fixed value
1,T_AB,s_nom,39,39,0,150,Fixed value
1,T_AB,s_nom,40,40,0,150,Fixed value
1,T_AB,s_nom,41,41,0,150,Fixed value
1,T_AB,s_nom,42,42,0,150,Fixed value
1,T_AB,s_nom,43,43,0,150,Fixed value
1,T_AB,s_nom,44,44,0,150,Fixed value
1,T_AB,s_nom,45,45,0,150,Fixed value
1,T_AB,s_nom,46,46,0,150,Fixed value
1,T_AB,s_nom,47,47,0,150,Fixed value
1,T_AB,s_nom,48,48,0,150,Fixed value
1,T_AB,s_nom,49,49,0,150,Fixed value
1,T_AB,s_nom,50,50,0,150,Fixed value
1,T_AB,s_nom,51,51,0,150,Fixed value
1,T_AB,s_nom,52,52,0,150,Fixed value
1,T_AB,s_nom,53,53,0,150,Fixed value
1,T_AB,s_nom,54,54,0,150,Fixed value
1,T_AB,s_nom,55,55,0,150,Fixed value
1,T_AB,s_nom,56,56,0,150,Fixed value
1,T_AB,s_nom,57,57,0,150,Fixed value
1,T_AB,s_nom,58,58,0,150,Fixed value
1,T_AB,s_nom,59,59,0,150,Fixed value
1,T_AB,s_nom,60,60,0,150,Fixed value
1,T_AB,s_nom,61,61,0,150,Fixed value
1,T_AB,s_nom,62,62,0,150,Fixed value
1,T_AB,s_nom,63,63,0,150,Fixed value
1,T_AB,s_nom,64,64,0,150,Fixed value
1,T_AB,s_nom,65,65,0,150,Fixed value
1,T_AB,s_nom,66,66,0,150,Fixed value
1,T_AB,s_nom,67,67,0,150,Fixed value
1,T_AB,s_nom,68,68,0,150,Fixed value
1,T_AB,s_nom,69,69,0,150,Fixed value
1,T_AB,s_nom,70,70,0,150,Fixed value
1,T_AB,s_nom,71,71,0,150,Fixed value
1,T_AB,s_nom,72,72,0,150,Fixed value
1,T_AB,s_nom,73,73,0,150,Fixed value
1,T_AB,s_nom,74,74,0,150,Fixed value
1,T_AB,s_nom,75,75,0,150,Fixed value
1,T_AB,s_nom,76,76,0,150,Fixed value
1,T_AB,s_nom,77,77,0,150,Fixed value
1,T_AB,s_nom,78,78,0,150,Fixed value
1,T_AB,s_nom,79,79,0,150,Fixed value
1,T_AB,s_nom,80,80,0,150,Fixed value
1,T_AB,s_nom,81,81,0,150,Fixed value
1,T_AB,s_nom,82,82,0,150,Fixed value
1,T_AB,s_nom,83,83,0,150,Fixed value
1,T_AB,s_nom,84,84,0,150,Fixed value
1,T_AB,s_nom,85,85,0,150,Fixed value
1,T_AB,s_nom,86,86,0,150,Fixed value
1,T_AB,s_nom,87,87,0,150,Fixed value
1,T_AB,s_nom,88,88,0,150,Fixed value
1,T_AB,s_nom,89,89,0,150,Fixed value
1,T_AB,s_nom,90,90,0,150,Fixed value
1,T_AB,s_nom,91,91,0,150,Fixed value
1,T_AB,s_nom,92,92,0,150,Fixed value
1,T_AB,s_nom,93,93,0,150,Fixed value
1,T_AB,s_nom,94,94,0,150,Fixed value
1,T_AB,s_nom,95,95,0,150,Fixed value
1,T_AB,s_nom,96,96,0,150,Fixed value
1,T_AB,s_nom,97,97,0,150,Fixed value
1,T_AB,s_nom,98,98,0,150,Fixed value
1,T_AB,s_nom,99,99,0,150,Fixed value
1,T_AB,s_nom,100,100,0,150,Fixed value
1,T_AB,s_nom,101,101,0,150,Fixed value
1,T_AB,s_nom,102,102,0,150,Fixed value
1,T_AB,s_nom,103,103,0,150,Fixed value
1,T_AB,s_nom,104,104,0,150,Fixed value
1,T_AB,s_nom,105,105,0,150,Fixed value
1,T_AB,s_nom,106,106,0,150,Fixed value
1,T_AB,s_nom,107,107,0,150,Fixed value
1,T_AB,s_nom,108,108,0,150,Fixed value
1,T_AB,s_nom,109,109,0,150,Fixed value
1,T_AB,s_nom,110,110,0,150,Fixed value
1,T_AB,s_nom,111,111,0,150,Fixed value
1,T_AB,s_nom,112,112,0,150,Fixed value
1,T_AB,s_nom,113,113,0,150,Fixed value
1,T_AB,s_nom,114,114,0,150,Fixed value
1,T_AB,s_nom,115,115,0,150,Fixed value
1,T_AB,s_nom,116,116,0,150,Fixed value
1,T_AB,s_nom,117,117,0,150,Fixed value
1,T_AB,s_nom,118,118,0,150,Fixed value
1,T_AB,s_nom,119,119,0,150,Fixed value
1,T_AB,s_nom,120,120,0,150,Fixed value
1,T_AB,s_nom,121,121,0,150,Fixed value
1,T_AB,s_nom,122,122,0,150,Fixed value
1,T_AB,s_nom,123,123,0,150,Fixed value
1,T_AB,s_nom,124,124,0,150,Fixed value
1,T_AB,s_nom,125,125,0,150,Fixed value
1,T_AB,s_nom,126,126,0,150,Fixed value
1,T_AB,s_nom,127,127,0,150,Fixed value
1,T_AB,s_nom,128,128,0,150,Fixed value
1,T_AB,s_nom,129,129,0,150,Fixed value
1,T_AB,s_nom,130,130,0,150,Fixed value
1,T_AB,s_nom,131,131,0,150,Fixed value
1,T_AB,s_nom,132,132,0,150,Fixed value
1,T_AB,s_nom,133,133,0,150,Fixed value
1,T_AB,s_nom,134,134,0,150,Fixed value
1,T_AB,s_nom,135,135,0,150,Fixed value
1,T_AB,s_nom,136,136,0,150,Fixed value
1,T_AB,s_nom,137,137,0,150,Fixed value
1,T_AB,s_nom,138,138,0,150,Fixed value
1,T_AB,s_nom,139,139,0,150,Fixed value
1,T_AB,s_nom,140,140,0,150,Fixed value
1,T_AB,s_nom,141,141,0,150,Fixed value
1,T_AB,s_nom,142,142,0,150,Fixed value
1,T_AB,s_nom,143,143,0,150,Fixed value
1,T_AB,s_nom,144,144,0,150,Fixed value
1,T_AB,s_nom,145,145,0,150,Fixed value
1,T_AB,s_nom,146,146,0,150,Fixed value
1,T_AB,s_nom,147,147,0,150,Fixed value
1,T_AB,s_nom,148,148,0,150,Fixed value
1,T_AB,s_nom,149,149,0,150,Fixed value
1,T_AB,s_nom,150,150,0,150,Fixed value
1,T_AB,s_nom,151,151,0,150,Fixed value
1,T_AB,s_nom,152,152,0,150,Fixed value
1,T_AB,s_nom,153,153,0,150,Fixed value
1,T_AB,s_nom,154,154,0,150,Fixed value
1,T_AB,s_nom,155,155,0,150,Fixed value
1,T_AB,s_nom,156,156,0,150,Fixed value
1,T_AB,s_nom,157,157,0,150,Fixed value
1,T_AB,s_nom,158,158,0,150,Fixed value
1,T_AB,s_nom,159,159,0,150,Fixed value
1,T_AB,s_nom,160,160,0,150,Fixed value
1,T_AB,s_nom,161,161,0,150,Fixed value
1,T_AB,s_nom,162,162,0,150,Fixed value
1,T_AB,s_nom,163,163,0,150,Fixed value
1,T_AB,s_nom,164,164,0,150,Fixed value
1,T_AB,s_nom,165,165,0,150,Fixed value
1,T_AB,s_nom,166,166,0,150,Fixed value
1,T_AB,s_nom,167,167,0,150,Fixed value
1,T_AB,s_nom,168,168,0,150,Fixed value
1,T_AB,p0,1,1,0,50,Basic
1,T_AB,p0,2,2,0,52,Basic
1,T_AB,p0,3,3,0,56,Basic
1,T_AB,p0,4,4,0,64,Basic
1,T_AB,p0,5,5,0,76,Basic
1,T_AB,p0,6,6,0,88,Basic
1,T_AB,p0,7,7,0,100,Basic
1,T_AB,p0,8,8,0,112,Basic
1,T_AB,p0,9,9,0,124,Basic
1,T_AB,p0,10,10,0,136,Basic
1,T_AB,p0,11,11,0,144,Basic
1,T_AB,p0,12,12,0,148,Basic
1,T_AB,p0,13,13,0,150,Basic
1,T_AB,p0,14,14,0,148,Basic
1,T_AB,p0,15,15,0,144,Basic
1,T_AB,p0,16,16,0,136,Basic
1,T_AB,p0,17,17,0,124,Basic
1,T_AB,p0,18,18,0,112,Basic
1,T_AB,p0,19,19,0,100,Basic
1,T_AB,p0,20,20,0,88,Basic
1,T_AB,p0,21,21,0,76,Basic
1,T_AB,p0,22,22,0,64,Basic
1,T_AB,p0,23,23,0,56,Basic
1,T_AB,p0,24,24,0,52,Basic
1,T_AB,p0,25,25,0,50,Basic
1,T_AB,p0,26,26,0,52,Basic
1,T_AB,p0,27,27,0,56,Basic
1,T_AB,p0,28,28,0,64,Basic
1,T_AB,p0,29,29,0,76,Basic
1,T_AB,p0,30,30,0,88,Basic
1,T_AB,p0,31,31,0,100,Basic
1,T_AB,p0,32,32,0,112,Basic
1,T_AB,p0,33,33,0,124,Basic
1,T_AB,p0,34,34,0,136,Basic
1,T_AB,p0,35,35,0,144,Basic
1,T_AB,p0,36,36,0,148,Basic
1,T_AB,p0,37,37,0,150,Basic
1,T_AB,p0,38,38,0,148,Basic
1,T_AB,p0,39,39,0,144,Basic
1,T_AB,p0,40,40,0,136,Basic
1,T_AB,p0,41,41,0,124,Basic
1,T_AB,p0,42,42,0,112,Basic
1,T_AB,p0,43,43,0,100,Basic
1,T_AB,p0,44,44,0,88,Basic
1,T_AB,p0,45,45,0,76,Basic
1,T_AB,p0,46,46,0,64,Basic
1,T_AB,p0,47,47,0,56,Basic
1,T_AB,p0,48,48,0,52,Basic
1,T_AB,p0,49,49,0,50,Basic
1,T_AB,p0,50,50,0,52,Basic
1,T_AB,p0,51,51,0,56,Basic
1,T_AB,p0,52,52,0,64,Basic
1,T_AB,p0,53,53,0,76,Basic
1,T_AB,p0,54,54,0,88,Basic
1,T_AB,p0,55,55,0,100,Basic
1,T_AB,p0,56,56,0,112,Basic
1,T_AB,p0,57,57,0,124,Basic
1,T_AB,p0,58,58,0,136,Basic
1,T_AB,p0,59,59,0,144,Basic
1,T_AB,p0,60,60,0,148,Basic
1,T_AB,p0,61,61,0,150,Basic
1,T_AB,p0,62,62,0,148,Basic
1,T_AB,p0,63,63,0,144,Basic
1,T_AB,p0,64,64,0,136,Basic
1,T_AB,p0,65,65,0,124,Basic
1,T_AB,p0,66,66,0,112,Basic
1,T_AB,p0,67,67,0,100,Basic
1,T_AB,p0,68,68,0,88,Basic
1,T_AB,p0,69,69,0,76,Basic
1,T_AB,p0,70,70,0,64,Basic
1,T_AB,p0,71,71,0,56,Basic
1,T_AB,p0,72,72,0,52,Basic
1,T_AB,p0,73,73,0,50,Basic
1,T_AB,p0,74,74,0,52,Basic
1,T_AB,p0,75,75,0,56,Basic
1,T_AB,p0,76,76,0,64,Basic
1,T_AB,p0,77,77,0,76,Basic
1,T_AB,p0,78,78,0,88,Basic
1,T_AB,p0,79,79,0,100,Basic
1,T_AB,p0,80,80,0,112,Basic
1,T_AB,p0,81,81,0,124,Basic
1,T_AB,p0,82,82,0,136,Basic
1,T_AB,p0,83,83,0,144,Basic
1,T_AB,p0,84,84,0,148,Basic
1,T_AB,p0,85,85,0,150,Basic
1,T_AB,p0,86,86,0,148,Basic
1,T_AB,p0,87,87,0,144,Basic
1,T_AB,p0,88,88,0,136,Basic
1,T_AB,p0,89,89,0,124,Basic
1,T_AB,p0,90,90,0,112,Basic
1,T_AB,p0,91,91,0,100,Basic
1,T_AB,p0,92,92,0,88,Basic
1,T_AB,p0,93,93,0,76,Basic
1,T_AB,p0,94,94,0,64,Basic
1,T_AB,p0,95,95,0,56,Basic
1,T_AB,p0,96,96,0,52,Basic
1,T_AB,p0,97,97,0,50,Basic
1,T_AB,p0,98,98,0,52,Basic
1,T_AB,p0,99,99,0,56,Basic
1,T_AB,p0,100,100,0,64,Basic
1,T_AB,p0,101,101,0,76,Basic
1,T_AB,p0,102,102,0,88,Basic
1,T_AB,p0,103,103,0,100,Basic
1,T_AB,p0,104,104,0,112,Basic
1,T_AB,p0,105,105,0,124,Basic
1,T_AB,p0,106,106,0,136,Basic
1,T_AB,p0,107,107,0,144,Basic
1,T_AB,p0,108,108,0,148,Basic
1,T_AB,p0,109,109,0,150,Basic
1,T_AB,p0,110,110,0,148,Basic
1,T_AB,p0,111,111,0,144,Basic
1,T_AB,p0,112,112,0,136,Basic
1,T_AB,p0,113,113,0,124,Basic
1,T_AB,p0,114,114,0,112,Basic
1,T_AB,p0,115,115,0,100,Basic
1,T_AB,p0,116,116,0,88,Basic
1,T_AB,p0,117,117,0,76,Basic
1,T_AB,p0,118,118,0,64,Basic
1,T_AB,p0,119,119,0,56,Basic
1,T_AB,p0,120,120,0,52,Basic
1,T_AB,p0,121,121,0,30,Basic
1,T_AB,p0,122,122,0,32,Basic
1,T_AB,p0,123,123,0,36,Basic
1,T_AB,p0,124,124,0,44,Basic
1,T_AB,p0,125,125,0,56,Basic
1,T_AB,p0,126,126,0,68,Basic
1,T_AB,p0,127,127,0,80,Basic
1,T_AB,p0,128,128,0,92,Basic
1,T_AB,p0,129,129,0,104,Basic
1,T_AB,p0,130,130,0,116,Basic
1,T_AB,p0,131,131,0,124,Basic
1,T_AB,p0,132,132,0,128,Basic
1,T_AB,p0,133,133,0,130,Basic
1,T_AB,p0,134,134,0,128,Basic
1,T_AB,p0,135,135,0,124,Basic
1,T_AB,p0,136,136,0,116,Basic
1,T_AB,p0,137,137,0,104,Basic
1,T_AB,p0,138,138,0,92,Basic
1,T_AB,p0,139,139,0,80,Basic
1,T_AB,p0,140,140,0,68,Basic
1,T_AB,p0,141,141,0,56,Basic
1,T_AB,p0,142,142,0,44,Basic
1,T_AB,p0,143,143,0,36,Basic
1,T_AB,p0,144,144,0,32,Basic
1,T_AB,p0,145,145,0,30,Basic
1,T_AB,p0,146,146,0,32,Basic
1,T_AB,p0,147,147,0,36,Basic
1,T_AB,p0,148,148,0,44,Basic
1,T_AB,p0,149,149,0,56,Basic
1,T_AB,p0,150,150,0,68,Basic
1,T_AB,p0,151,151,0,80,Basic
1,T_AB,p0,152,152,0,92,Basic
1,T_AB,p0,153,153,0,104,Basic
1,T_AB,p0,154,154,0,116,Basic
1,T_AB,p0,155,155,0,124,Basic
1,T_AB,p0,156,156,0,128,Basic
1,T_AB,p0,157,157,0,130,Basic
1,T_AB,p0,158,158,0,128,Basic
1,T_AB,p0,159,159,0,124,Basic
1,T_AB,p0,160,160,0,116,Basic
1,T_AB,p0,161,161,0,104,Basic
1,T_AB,p0,162,162,0,92,Basic
1,T_AB,p0,163,163,0,80,Basic
1,T_AB,p0,164,164,0,68,Basic
1,T_AB,p0,165,165,0,56,Basic
1,T_AB,p0,166,166,0,44,Basic
1,T_AB,p0,167,167,0,36,Basic
1,T_AB,p0,168,168,0,32,Basic
1,T_AB,dc_flow,1,1,0,None,Fixed value
1,T_AB,dc_flow,2,2,0,None,Fixed value
1,T_AB,dc_flow,3,3,0,None,Fixed value
1,T_AB,dc_flow,4,4,0,None,Fixed value
1,T_AB,dc_flow,5,5,0,None,Fixed value
1,T_AB,dc_flow,6,6,0,None,Fixed value
1,T_AB,dc_flow,7,7,0,None,Fixed value
1,T_AB,dc_flow,8,8,0,None,Fixed value
1,T_AB,dc_flow,9,9,0,None,Fixed value
1,T_AB,dc_flow,10,10,0,None,Fixed value
1,T_AB,dc_flow,11,11,0,None,Fixed value
1,T_AB,dc_flow,12,12,0,None,Fixed value
1,T_AB,dc_flow,13,13,0,None,Fixed value
1,T_AB,dc_flow,14,14,0,None,Fixed value
1,T_AB,dc_flow,15,15,0,None,Fixed value
1,T_AB,dc_flow,16,16,0,None,Fixed value
1,T_AB,dc_flow,17,17,0,None,Fixed value
1,T_AB,dc_flow,18,18,0,None,Fixed value
1,T_AB,dc_flow,19,19,0,None,Fixed value
1,T_AB,dc_flow,20,20,0,None,Fixed value
1,T_AB,dc_flow,21,21,0,None,Fixed value
1,T_AB,dc_flow,22,22,0,None,Fixed value
1,T_AB,dc_flow,23,23,0,None,Fixed value
1,T_AB,dc_flow,24,24,0,None,Fixed value
1,T_AB,dc_flow,25,25,0,None,Fixed value
1,T_AB,dc_flow,26,26,0,None,Fixed value
1,T_AB,dc_flow,27,27,0,None,Fixed value
1,T_AB,dc_flow,28,28,0,None,Fixed value
1,T_AB,dc_flow,29,29,0,None,Fixed value
1,T_AB,dc_flow,30,30,0,None,Fixed value
1,T_AB,dc_flow,31,31,0,None,Fixed value
1,T_AB,dc_flow,32,32,0,None,Fixed value
1,T_AB,dc_flow,33,33,0,None,Fixed value
1,T_AB,dc_flow,34,34,0,None,Fixed value
1,T_AB,dc_flow,35,35,0,None,Fixed value
1,T_AB,dc_flow,36,36,0,None,Fixed value
1,T_AB,dc_flow,37,37,0,None,Fixed value
1,T_AB,dc_flow,38,38,0,None,Fixed value
1,T_AB,dc_flow,39,39,0,None,Fixed value
1,T_AB,dc_flow,40,40,0,None,Fixed value
1,T_AB,dc_flow,41,41,0,None,Fixed value
1,T_AB,dc_flow,42,42,0,None,Fixed value
1,T_AB,dc_flow,43,43,0,None,Fixed value
1,T_AB,dc_flow,44,44,0,None,Fixed value
1,T_AB,dc_flow,45,45,0,None,Fixed value
1,T_AB,dc_flow,46,46,0,None,Fixed value
1,T_AB,dc_flow,47,47,0,None,Fixed value
1,T_AB,dc_flow,48,48,0,None,Fixed value
1,T_AB,dc_flow,49,49,0,None,Fixed value
1,T_AB,dc_flow,50,50,0,None,Fixed value
1,T_AB,dc_flow,51,51,0,None,Fixed value
1,T_AB,dc_flow,52,52,0,None,Fixed value
1,T_AB,dc_flow,53,53,0,None,Fixed value
1,T_AB,dc_flow,54,54,0,None,Fixed value
1,T_AB,dc_flow,55,55,0,None,Fixed value
1,T_AB,dc_flow,56,56,0,None,Fixed value
1,T_AB,dc_flow,57,57,0,None,Fixed value
1,T_AB,dc_flow,58,58,0,None,Fixed value
1,T_AB,dc_flow,59,59,0,None,Fixed value
1,T_AB,dc_flow,60,60,0,None,Fixed value
1,T_AB,dc_flow,61,61,0,None,Fixed value
1,T_AB,dc_flow,62,62,0,None,Fixed value
1,T_AB,dc_flow,63,63,0,None,Fixed value
1,T_AB,dc_flow,64,64,0,None,Fixed value
1,T_AB,dc_flow,65,65,0,None,Fixed value
1,T_AB,dc_flow,66,66,0,None,Fixed value
1,T_AB,dc_flow,67,67,0,None,Fixed value
1,T_AB,dc_flow,68,68,0,None,Fixed value
1,T_AB,dc_flow,69,69,0,None,Fixed value
1,T_AB,dc_flow,70,70,0,None,Fixed value
1,T_AB,dc_flow,71,71,0,None,Fixed value
1,T_AB,dc_flow,72,72,0,None,Fixed value
1,T_AB,dc_flow,73,73,0,None,Fixed value
1,T_AB,dc_flow,74,74,0,None,Fixed value
1,T_AB,dc_flow,75,75,0,None,Fixed value
1,T_AB,dc_flow,76,76,0,None,Fixed value
1,T_AB,dc_flow,77,77,0,None,Fixed value
1,T_AB,dc_flow,78,78,0,None,Fixed value
1,T_AB,dc_flow,79,79,0,None,Fixed value
1,T_AB,dc_flow,80,80,0,None,Fixed value
1,T_AB,dc_flow,81,81,0,None,Fixed value
1,T_AB,dc_flow,82,82,0,None,Fixed value
1,T_AB,dc_flow,83,83,0,None,Fixed value
1,T_AB,dc_flow,84,84,0,None,Fixed value
1,T_AB,dc_flow,85,85,0,None,Fixed value
1,T_AB,dc_flow,86,86,0,None,Fixed value
1,T_AB,dc_flow,87,87,0,None,Fixed value
1,T_AB,dc_flow,88,88,0,None,Fixed value
1,T_AB,dc_flow,89,89,0,None,Fixed value
1,T_AB,dc_flow,90,90,0,None,Fixed value
1,T_AB,dc_flow,91,91,0,None,Fixed value
1,T_AB,dc_flow,92,92,0,None,Fixed value
1,T_AB,dc_flow,93,93,0,None,Fixed value
1,T_AB,dc_flow,94,94,0,None,Fixed value
1,T_AB,dc_flow,95,95,0,None,Fixed value
1,T_AB,dc_flow,96,96,0,None,Fixed value
1,T_AB,dc_flow,97,97,0,None,Fixed value
1,T_AB,dc_flow,98,98,0,None,Fixed value
1,T_AB,dc_flow,99,99,0,None,Fixed value
1,T_AB,dc_flow,100,100,0,None,Fixed value
1,T_AB,dc_flow,101,101,0,None,Fixed value
1,T_AB,dc_flow,102,102,0,None,Fixed value
1,T_AB,dc_flow,103,103,0,None,Fixed value
1,T_AB,dc_flow,104,104,0,None,Fixed value
1,T_AB,dc_flow,105,105,0,None,Fixed value
1,T_AB,dc_flow,106,106,0,None,Fixed value
1,T_AB,dc_flow,107,107,0,None,Fixed value
1,T_AB,dc_flow,108,108,0,None,Fixed value
1,T_AB,dc_flow,109,109,0,None,Fixed value
1,T_AB,dc_flow,110,110,0,None,Fixed value
1,T_AB,dc_flow,111,111,0,None,Fixed value
1,T_AB,dc_flow,112,112,0,None,Fixed value
1,T_AB,dc_flow,113,113,0,None,Fixed value
1,T_AB,dc_flow,114,114,0,None,Fixed value
1,T_AB,dc_flow,115,115,0,None,Fixed value
1,T_AB,dc_flow,116,116,0,None,Fixed value
1,T_AB,dc_flow,117,117,0,None,Fixed value
1,T_AB,dc_flow,118,118,0,None,Fixed value
1,T_AB,dc_flow,119,119,0,None,Fixed value
1,T_AB,dc_flow,120,120,0,None,Fixed value
1,T_AB,dc_flow,121,121,0,None,Fixed value
1,T_AB,dc_flow,122,122,0,None,Fixed value
1,T_AB,dc_flow,123,123,0,None,Fixed value
1,T_AB,dc_flow,124,124,0,None,Fixed value
1,T_AB,dc_flow,125,125,0,None,Fixed value
1,T_AB,dc_flow,126,126,0,None,Fixed value
1,T_AB,dc_flow,127,127,0,None,Fixed value
1,T_AB,dc_flow,128,128,0,None,Fixed value
1,T_AB,dc_flow,129,129,0,None,Fixed value
1,T_AB,dc_flow,130,130,0,None,Fixed value
1,T_AB,dc_flow,131,131,0,None,Fixed value
1,T_AB,dc_flow,132,132,0,None,Fixed value
1,T_AB,dc_flow,133,133,0,None,Fixed value
1,T_AB,dc_flow,134,134,0,None,Fixed value
1,T_AB,dc_flow,135,135,0,None,Fixed value
1,T_AB,dc_flow,136,136,0,None,Fixed value
1,T_AB,dc_flow,137,137,0,None,Fixed value
1,T_AB,dc_flow,138,138,0,None,Fixed value
1,T_AB,dc_flow,139,139,0,None,Fixed value
1,T_AB,dc_flow,140,140,0,None,Fixed value
1,T_AB,dc_flow,141,141,0,None,Fixed value
1,T_AB,dc_flow,142,142,0,None,Fixed value
1,T_AB,dc_flow,143,143,0,None,Fixed value
1,T_AB,dc_flow,144,144,0,None,Fixed value
1,T_AB,dc_flow,145,145,0,None,Fixed value
1,T_AB,dc_flow,146,146,0,None,Fixed value
1,T_AB,dc_flow,147,147,0,None,Fixed value
1,T_AB,dc_flow,148,148,0,None,Fixed value
1,T_AB,dc_flow,149,149,0,None,Fixed value
1,T_AB,dc_flow,150,150,0,None,Fixed value
1,T_AB,dc_flow,151,151,0,None,Fixed value
1,T_AB,dc_flow,152,152,0,None,Fixed value
1,T_AB,dc_flow,153,153,0,None,Fixed value
1,T_AB,dc_flow,154,154,0,None,Fixed value
1,T_AB,dc_flow,155,155,0,None,Fixed value
1,T_AB,dc_flow,156,156,0,None,Fixed value
1,T_AB,dc_flow,157,157,0,None,Fixed value
1,T_AB,dc_flow,158,158,0,None,Fixed value
1,T_AB,dc_flow,159,159,0,None,Fixed value
1,T_AB,dc_flow,160,160,0,None,Fixed value
1,T_AB,dc_flow,161,161,0,None,Fixed value
1,T_AB,dc_flow,162,162,0,None,Fixed value
1,T_AB,dc_flow,163,163,0,None,Fixed value
1,T_AB,dc_flow,164,164,0,None,Fixed value
1,T_AB,dc_flow,165,165,0,None,Fixed value
1,T_AB,dc_flow,166,166,0,None,Fixed value
1,T_AB,dc_flow,167,167,0,None,Fixed value
1,T_AB,dc_flow,168,168,0,None,Fixed value
1,T_AB,upper_flow,1,1,0,None,Basic
1,T_AB,upper_flow,2,2,0,None,Basic
1,T_AB,upper_flow,3,3,0,None,Basic
1,T_AB,upper_flow,4,4,0,None,Basic
1,T_AB,upper_flow,5,5,0,None,Basic
1,T_AB,upper_flow,6,6,0,None,Basic
1,T_AB,upper_flow,7,7,0,None,Basic
1,T_AB,upper_flow,8,8,0,None,Basic
1,T_AB,upper_flow,9,9,0,None,Basic
1,T_AB,upper_flow,10,10,0,None,Basic
1,T_AB,upper_flow,11,11,0,None,Basic
1,T_AB,upper_flow,12,12,0,None,Basic
1,T_AB,upper_flow,13,13,0,None,Basic
1,T_AB,upper_flow,14,14,0,None,Basic
1,T_AB,upper_flow,15,15,0,None,Basic
1,T_AB,upper_flow,16,16,0,None,Basic
1,T_AB,upper_flow,17,17,0,None,Basic
1,T_AB,upper_flow,18,18,0,None,Basic
1,T_AB,upper_flow,19,19,0,None,Basic
1,T_AB,upper_flow,20,20,0,None,Basic
1,T_AB,upper_flow,21,21,0,None,Basic
1,T_AB,upper_flow,22,22,0,None,Basic
1,T_AB,upper_flow,23,23,0,None,Basic
1,T_AB,upper_flow,24,24,0,None,Basic
1,T_AB,upper_flow,25,25,0,None,Basic
1,T_AB,upper_flow,26,26,0,None,Basic
1,T_AB,upper_flow,27,27,0,None,Basic
1,T_AB,upper_flow,28,28,0,None,Basic
1,T_AB,upper_flow,29,29,0,None,Basic
1,T_AB,upper_flow,30,30,0,None,Basic
1,T_AB,upper_flow,31,31,0,None,Basic
1,T_AB,upper_flow,32,32,0,None,Basic
1,T_AB,upper_flow,33,33,0,None,Basic
1,T_AB,upper_flow,34,34,0,None,Basic
1,T_AB,upper_flow,35,35,0,None,Basic
1,T_AB,upper_flow,36,36,0,None,Basic
1,T_AB,upper_flow,37,37,0,None,Basic
1,T_AB,upper_flow,38,38,0,None,Basic
1,T_AB,upper_flow,39,39,0,None,Basic
1,T_AB,upper_flow,40,40,0,None,Basic
1,T_AB,upper_flow,41,41,0,None,Basic
1,T_AB,upper_flow,42,42,0,None,Basic
1,T_AB,upper_flow,43,43,0,None,Basic
1,T_AB,upper_flow,44,44,0,None,Basic
1,T_AB,upper_flow,45,45,0,None,Basic
1,T_AB,upper_flow,46,46,0,None,Basic
1,T_AB,upper_flow,47,47,0,None,Basic
1,T_AB,upper_flow,48,48,0,None,Basic
1,T_AB,upper_flow,49,49,0,None,Basic
1,T_AB,upper_flow,50,50,0,None,Basic
1,T_AB,upper_flow,51,51,0,None,Basic
1,T_AB,upper_flow,52,52,0,None,Basic
1,T_AB,upper_flow,53,53,0,None,Basic
1,T_AB,upper_flow,54,54,0,None,Basic
1,T_AB,upper_flow,55,55,0,None,Basic
1,T_AB,upper_flow,56,56,0,None,Basic
1,T_AB,upper_flow,57,57,0,None,Basic
1,T_AB,upper_flow,58,58,0,None,Basic
1,T_AB,upper_flow,59,59,0,None,Basic
1,T_AB,upper_flow,60,60,0,None,Basic
1,T_AB,upper_flow,61,61,0,None,Basic
1,T_AB,upper_flow,62,62,0,None,Basic
1,T_AB,upper_flow,63,63,0,None,Basic
1,T_AB,upper_flow,64,64,0,None,Basic
1,T_AB,upper_flow,65,65,0,None,Basic
1,T_AB,upper_flow,66,66,0,None,Basic
1,T_AB,upper_flow,67,67,0,None,Basic
1,T_AB,upper_flow,68,68,0,None,Basic
1,T_AB,upper_flow,69,69,0,None,Basic
1,T_AB,upper_flow,70,70,0,None,Basic
1,T_AB,upper_flow,71,71,0,None,Basic
1,T_AB,upper_flow,72,72,0,None,Basic
1,T_AB,upper_flow,73,73,0,None,Basic
1,T_AB,upper_flow,74,74,0,None,Basic
1,T_AB,upper_flow,75,75,0,None,Basic
1,T_AB,upper_flow,76,76,0,None,Basic
1,T_AB,upper_flow,77,77,0,None,Basic
1,T_AB,upper_flow,78,78,0,None,Basic
1,T_AB,upper_flow,79,79,0,None,Basic
1,T_AB,upper_flow,80,80,0,None,Basic
1,T_AB,upper_flow,81,81,0,None,Basic
1,T_AB,upper_flow,82,82,0,None,Basic
1,T_AB,upper_flow,83,83,0,None,Basic
1,T_AB,upper_flow,84,84,0,None,Basic
1,T_AB,upper_flow,85,85,0,None,Basic
1,T_AB,upper_flow,86,86,0,None,Basic
1,T_AB,upper_flow,87,87,0,None,Basic
1,T_AB,upper_flow,88,88,0,None,Basic
1,T_AB,upper_flow,89,89,0,None,Basic
1,T_AB,upper_flow,90,90,0,None,Basic
1,T_AB,upper_flow,91,91,0,None,Basic
1,T_AB,upper_flow,92,92,0,None,Basic
1,T_AB,upper_flow,93,93,0,None,Basic
1,T_AB,upper_flow,94,94,0,None,Basic
1,T_AB,upper_flow,95,95,0,None,Basic
1,T_AB,upper_flow,96,96,0,None,Basic
1,T_AB,upper_flow,97,97,0,None,Basic
1,T_AB,upper_flow,98,98,0,None,Basic
1,T_AB,upper_flow,99,99,0,None,Basic
1,T_AB,upper_flow,100,100,0,None,Basic
1,T_AB,upper_flow,101,101,0,None,Basic
1,T_AB,upper_flow,102,102,0,None,Basic
1,T_AB,upper_flow,103,103,0,None,Basic
1,T_AB,upper_flow,104,104,0,None,Basic
1,T_AB,upper_flow,105,105,0,None,Basic
1,T_AB,upper_flow,106,106,0,None,Basic
1,T_AB,upper_flow,107,107,0,None,Basic
1,T_AB,upper_flow,108,108,0,None,Basic
1,T_AB,upper_flow,109,109,0,None,Basic
1,T_AB,upper_flow,110,110,0,None,Basic
1,T_AB,upper_flow,111,111,0,None,Basic
1,T_AB,upper_flow,112,112,0,None,Basic
1,T_AB,upper_flow,113,113,0,None,Basic
1,T_AB,upper_flow,114,114,0,None,Basic
1,T_AB,upper_flow,115,115,0,None,Basic
1,T_AB,upper_flow,116,116,0,None,Basic
1,T_AB,upper_flow,117,117,0,None,Basic
1,T_AB,upper_flow,118,118,0,None,Basic
1,T_AB,upper_flow,119,119,0,None,Basic
1,T_AB,upper_flow,120,120,0,None,Basic
1,T_AB,upper_flow,121,121,0,None,Basic
1,T_AB,upper_flow,122,122,0,None,Basic
1,T_AB,upper_flow,123,123,0,None,Basic
1,T_AB,upper_flow,124,124,0,None,Basic
1,T_AB,upper_flow,125,125,0,None,Basic
1,T_AB,upper_flow,126,126,0,None,Basic
1,T_AB,upper_flow,127,127,0,None,Basic
1,T_AB,upper_flow,128,128,0,None,Basic
1,T_AB,upper_flow,129,129,0,None,Basic
1,T_AB,upper_flow,130,130,0,None,Basic
1,T_AB,upper_flow,131,131,0,None,Basic
1,T_AB,upper_flow,132,132,0,None,Basic
1,T_AB,upper_flow,133,133,0,None,Basic
1,T_AB,upper_flow,134,134,0,None,Basic
1,T_AB,upper_flow,135,135,0,None,Basic
1,T_AB,upper_flow,136,136,0,None,Basic
1,T_AB,upper_flow,137,137,0,None,Basic
1,T_AB,upper_flow,138,138,0,None,Basic
1,T_AB,upper_flow,139,139,0,None,Basic
1,T_AB,upper_flow,140,140,0,None,Basic
1,T_AB,upper_flow,141,141,0,None,Basic
1,T_AB,upper_flow,142,142,0,None,Basic
1,T_AB,upper_flow,143,143,0,None,Basic
1,T_AB,upper_flow,144,144,0,None,Basic
1,T_AB,upper_flow,145,145,0,None,Basic
1,T_AB,upper_flow,146,146,0,None,Basic
1,T_AB,upper_flow,147,147,0,None,Basic
1,T_AB,upper_flow,148,148,0,None,Basic
1,T_AB,upper_flow,149,149,0,None,Basic
1,T_AB,upper_flow,150,150,0,None,Basic
1,T_AB,upper_flow,151,151,0,None,Basic
1,T_AB,upper_flow,152,152,0,None,Basic
1,T_AB,upper_flow,153,153,0,None,Basic
1,T_AB,upper_flow,154,154,0,None,Basic
1,T_AB,upper_flow,155,155,0,None,Basic
1,T_AB,upper_flow,156,156,0,None,Basic
1,T_AB,upper_flow,157,157,0,None,Basic
1,T_AB,upper_flow,158,158,0,None,Basic
1,T_AB,upper_flow,159,159,0,None,Basic
1,T_AB,upper_flow,160,160,0,None,Basic
1,T_AB,upper_flow,161,161,0,None,Basic
1,T_AB,upper_flow,162,162,0,None,Basic
1,T_AB,upper_flow,163,163,0,None,Basic
1,T_AB,upper_flow,164,164,0,None,Basic
1,T_AB,upper_flow,165,165,0,None,Basic
1,T_AB,upper_flow,166,166,0,None,Basic
1,T_AB,upper_flow,167,167,0,None,Basic
1,T_AB,upper_flow,168,168,0,None,Basic
1,T_AB,lower_flow,1,1,0,None,Basic
1,T_AB,lower_flow,2,2,0,None,Basic
1,T_AB,lower_flow,3,3,0,None,Basic
1,T_AB,lower_flow,4,4,0,None,Basic
1,T_AB,lower_flow,5,5,0,None,Basic
1,T_AB,lower_flow,6,6,0,None,Basic
1,T_AB,lower_flow,7,7,0,None,Basic
1,T_AB,lower_flow,8,8,0,None,Basic
1,T_AB,lower_flow,9,9,0,None,Basic
1,T_AB,lower_flow,10,10,0,None,Basic
1,T_AB,lower_flow,11,11,0,None,Basic
1,T_AB,lower_flow,12,12,0,None,Basic
1,T_AB,lower_flow,13,13,0,None,Basic
1,T_AB,lower_flow,14,14,0,None,Basic
1,T_AB,lower_flow,15,15,0,None,Basic
1,T_AB,lower_flow,16,16,0,None,Basic
1,T_AB,lower_flow,17,17,0,None,Basic
1,T_AB,lower_flow,18,18,0,None,Basic
1,T_AB,lower_flow,19,19,0,None,Basic
1,T_AB,lower_flow,20,20,0,None,Basic
1,T_AB,lower_flow,21,21,0,None,Basic
1,T_AB,lower_flow,22,22,0,None,Basic
1,T_AB,lower_flow,23,23,0,None,Basic
1,T_AB,lower_flow,24,24,0,None,Basic
1,T_AB,lower_flow,25,25,0,None,Basic
1,T_AB,lower_flow,26,26,0,None,Basic
1,T_AB,lower_flow,27,27,0,None,Basic
1,T_AB,lower_flow,28,28,0,None,Basic
1,T_AB,lower_flow,29,29,0,None,Basic
1,T_AB,lower_flow,30,30,0,None,Basic
1,T_AB,lower_flow,31,31,0,None,Basic
1,T_AB,lower_flow,32,32,0,None,Basic
1,T_AB,lower_flow,33,33,0,None,Basic
1,T_AB,lower_flow,34,34,0,None,Basic
1,T_AB,lower_flow,35,35,0,None,Basic
1,T_AB,lower_flow,36,36,0,None,Basic
1,T_AB,lower_flow,37,37,0,None,Basic
1,T_AB,lower_flow,38,38,0,None,Basic
1,T_AB,lower_flow,39,39,0,None,Basic
1,T_AB,lower_flow,40,40,0,None,Basic
1,T_AB,lower_flow,41,41,0,None,Basic
1,T_AB,lower_flow,42,42,0,None,Basic
1,T_AB,lower_flow,43,43,0,None,Basic
1,T_AB,lower_flow,44,44,0,None,Basic
1,T_AB,lower_flow,45,45,0,None,Basic
1,T_AB,lower_flow,46,46,0,None,Basic
1,T_AB,lower_flow,47,47,0,None,Basic
1,T_AB,lower_flow,48,48,0,None,Basic
1,T_AB,lower_flow,49,49,0,None,Basic
1,T_AB,lower_flow,50,50,0,None,Basic
1,T_AB,lower_flow,51,51,0,None,Basic
1,T_AB,lower_flow,52,52,0,None,Basic
1,T_AB,lower_flow,53,53,0,None,Basic
1,T_AB,lower_flow,54,54,0,None,Basic
1,T_AB,lower_flow,55,55,0,None,Basic
1,T_AB,lower_flow,56,56,0,None,Basic
1,T_AB,lower_flow,57,57,0,None,Basic
1,T_AB,lower_flow,58,58,0,None,Basic
1,T_AB,lower_flow,59,59,0,None,Basic
1,T_AB,lower_flow,60,60,0,None,Basic
1,T_AB,lower_flow,61,61,0,None,Basic
1,T_AB,lower_flow,62,62,0,None,Basic
1,T_AB,lower_flow,63,63,0,None,Basic
1,T_AB,lower_flow,64,64,0,None,Basic
1,T_AB,lower_flow,65,65,0,None,Basic
1,T_AB,lower_flow,66,66,0,None,Basic
1,T_AB,lower_flow,67,67,0,None,Basic
1,T_AB,lower_flow,68,68,0,None,Basic
1,T_AB,lower_flow,69,69,0,None,Basic
1,T_AB,lower_flow,70,70,0,None,Basic
1,T_AB,lower_flow,71,71,0,None,Basic
1,T_AB,lower_flow,72,72,0,None,Basic
1,T_AB,lower_flow,73,73,0,None,Basic
1,T_AB,lower_flow,74,74,0,None,Basic
1,T_AB,lower_flow,75,75,0,None,Basic
1,T_AB,lower_flow,76,76,0,None,Basic
1,T_AB,lower_flow,77,77,0,None,Basic
1,T_AB,lower_flow,78,78,0,None,Basic
1,T_AB,lower_flow,79,79,0,None,Basic
1,T_AB,lower_flow,80,80,0,None,Basic
1,T_AB,lower_flow,81,81,0,None,Basic
1,T_AB,lower_flow,82,82,0,None,Basic
1,T_AB,lower_flow,83,83,0,None,Basic
1,T_AB,lower_flow,84,84,0,None,Basic
1,T_AB,lower_flow,85,85,0,None,Basic
1,T_AB,lower_flow,86,86,0,None,Basic
1,T_AB,lower_flow,87,87,0,None,Basic
1,T_AB,lower_flow,88,88,0,None,Basic
1,T_AB,lower_flow,89,89,0,None,Basic
1,T_AB,lower_flow,90,90,0,None,Basic
1,T_AB,lower_flow,91,91,0,None,Basic
1,T_AB,lower_flow,92,92,0,None,Basic
1,T_AB,lower_flow,93,93,0,None,Basic
1,T_AB,lower_flow,94,94,0,None,Basic
1,T_AB,lower_flow,95,95,0,None,Basic
1,T_AB,lower_flow,96,96,0,None,Basic
1,T_AB,lower_flow,97,97,0,None,Basic
1,T_AB,lower_flow,98,98,0,None,Basic
1,T_AB,lower_flow,99,99,0,None,Basic
1,T_AB,lower_flow,100,100,0,None,Basic
1,T_AB,lower_flow,101,101,0,None,Basic
1,T_AB,lower_flow,102,102,0,None,Basic
1,T_AB,lower_flow,103,103,0,None,Basic
1,T_AB,lower_flow,104,104,0,None,Basic
1,T_AB,lower_flow,105,105,0,None,Basic
1,T_AB,lower_flow,106,106,0,None,Basic
1,T_AB,lower_flow,107,107,0,None,Basic
1,T_AB,lower_flow,108,108,0,None,Basic
1,T_AB,lower_flow,109,109,0,None,Basic
1,T_AB,lower_flow,110,110,0,None,Basic
1,T_AB,lower_flow,111,111,0,None,Basic
1,T_AB,lower_flow,112,112,0,None,Basic
1,T_AB,lower_flow,113,113,0,None,Basic
1,T_AB,lower_flow,114,114,0,None,Basic
1,T_AB,lower_flow,115,115,0,None,Basic
1,T_AB,lower_flow,116,116,0,None,Basic
1,T_AB,lower_flow,117,117,0,None,Basic
1,T_AB,lower_flow,118,118,0,None,Basic
1,T_AB,lower_flow,119,119,0,None,Basic
1,T_AB,lower_flow,120,120,0,None,Basic
1,T_AB,lower_flow,121,121,0,None,Basic
1,T_AB,lower_flow,122,122,0,None,Basic
1,T_AB,lower_flow,123,123,0,None,Basic
1,T_AB,lower_flow,124,124,0,None,Basic
1,T_AB,lower_flow,125,125,0,None,Basic
1,T_AB,lower_flow,126,126,0,None,Basic
1,T_AB,lower_flow,127,127,0,None,Basic
1,T_AB,lower_flow,128,128,0,None,Basic
1,T_AB,lower_flow,129,129,0,None,Basic
1,T_AB,lower_flow,130,130,0,None,Basic
1,T_AB,lower_flow,131,131,0,None,Basic
1,T_AB,lower_flow,132,132,0,None,Basic
1,T_AB,lower_flow,133,133,0,None,Basic
1,T_AB,lower_flow,134,134,0,None,Basic
1,T_AB,lower_flow,135,135,0,None,Basic
1,T_AB,lower_flow,136,136,0,None,Basic
1,T_AB,lower_flow,137,137,0,None,Basic
1,T_AB,lower_flow,138,138,0,None,Basic
1,T_AB,lower_flow,139,139,0,None,Basic
1,T_AB,lower_flow,140,140,0,None,Basic
1,T_AB,lower_flow,141,141,0,None,Basic
1,T_AB,lower_flow,142,142,0,None,Basic
1,T_AB,lower_flow,143,143,0,None,Basic
1,T_AB,lower_flow,144,144,0,None,Basic
1,T_AB,lower_flow,145,145,0,None,Basic
1,T_AB,lower_flow,146,146,0,None,Basic
1,T_AB,lower_flow,147,147,0,None,Basic
1,T_AB,lower_flow,148,148,0,None,Basic
1,T_AB,lower_flow,149,149,0,None,Basic
1,T_AB,lower_flow,150,150,0,None,Basic
1,T_AB,lower_flow,151,151,0,None,Basic
1,T_AB,lower_flow,152,152,0,None,Basic
1,T_AB,lower_flow,153,153,0,None,Basic
1,T_AB,lower_flow,154,154,0,None,Basic
1,T_AB,lower_flow,155,155,0,None,Basic
1,T_AB,lower_flow,156,156,0,None,Basic
1,T_AB,lower_flow,157,157,0,None,Basic
1,T_AB,lower_flow,158,158,0,None,Basic
1,T_AB,lower_flow,159,159,0,None,Basic
1,T_AB,lower_flow,160,160,0,None,Basic
1,T_AB,lower_flow,161,161,0,None,Basic
1,T_AB,lower_flow,162,162,0,None,Basic
1,T_AB,lower_flow,163,163,0,None,Basic
1,T_AB,lower_flow,164,164,0,None,Basic
1,T_AB,lower_flow,165,165,0,None,Basic
1,T_AB,lower_flow,166,166,0,None,Basic
1,T_AB,lower_flow,167,167,0,None,Basic
1,T_AB,lower_flow,168,168,0,None,Basic
1,T_AB,bus1_p_port.flow,1,1,0,50,None
1,T_AB,bus1_p_port.flow,2,2,0,52,None
1,T_AB,bus1_p_port.flow,3,3,0,56,None
1,T_AB,bus1_p_port.flow,4,4,0,64,None
1,T_AB,bus1_p_port.flow,5,5,0,76,None
1,T_AB,bus1_p_port.flow,6,6,0,88,None
1,T_AB,bus1_p_port.flow,7,7,0,100,None
1,T_AB,bus1_p_port.flow,8,8,0,112,None
1,T_AB,bus1_p_port.flow,9,9,0,124,None
1,T_AB,bus1_p_port.flow,10,10,0,136,None
1,T_AB,bus1_p_port.flow,11,11,0,144,None
1,T_AB,bus1_p_port.flow,12,12,0,148,None
1,T_AB,bus1_p_port.flow,13,13,0,150,None
1,T_AB,bus1_p_port.flow,14,14,0,148,None
1,T_AB,bus1_p_port.flow,15,15,0,144,None
1,T_AB,bus1_p_port.flow,16,16,0,136,None
1,T_AB,bus1_p_port.flow,17,17,0,124,None
1,T_AB,bus1_p_port.flow,18,18,0,112,None
1,T_AB,bus1_p_port.flow,19,19,0,100,None
1,T_AB,bus1_p_port.flow,20,20,0,88,None
1,T_AB,bus1_p_port.flow,21,21,0,76,None
1,T_AB,bus1_p_port.flow,22,22,0,64,None
1,T_AB,bus1_p_port.flow,23,23,0,56,None
1,T_AB,bus1_p_port.flow,24,24,0,52,None
1,T_AB,bus1_p_port.flow,25,25,0,50,None
1,T_AB,bus1_p_port.flow,26,26,0,52,None
1,T_AB,bus1_p_port.flow,27,27,0,56,None
1,T_AB,bus1_p_port.flow,28,28,0,64,None
1,T_AB,bus1_p_port.flow,29,29,0,76,None
1,T_AB,bus1_p_port.flow,30,30,0,88,None
1,T_AB,bus1_p_port.flow,31,31,0,100,None
1,T_AB,bus1_p_port.flow,32,32,0,112,None
1,T_AB,bus1_p_port.flow,33,33,0,124,None
1,T_AB,bus1_p_port.flow,34,34,0,136,None
1,T_AB,bus1_p_port.flow,35,35,0,144,None
1,T_AB,bus1_p_port.flow,36,36,0,148,None
1,T_AB,bus1_p_port.flow,37,37,0,150,None
1,T_AB,bus1_p_port.flow,38,38,0,148,None
1,T_AB,bus1_p_port.flow,39,39,0,144,None
1,T_AB,bus1_p_port.flow,40,40,0,136,None
1,T_AB,bus1_p_port.flow,41,41,0,124,None
1,T_AB,bus1_p_port.flow,42,42,0,112,None
1,T_AB,bus1_p_port.flow,43,43,0,100,None
1,T_AB,bus1_p_port.flow,44,44,0,88,None
1,T_AB,bus1_p_port.flow,45,45,0,76,None
1,T_AB,bus1_p_port.flow,46,46,0,64,None
1,T_AB,bus1_p_port.flow,47,47,0,56,None
1,T_AB,bus1_p_port.flow,48,48,0,52,None
1,T_AB,bus1_p_port.flow,49,49,0,50,None
1,T_AB,bus1_p_port.flow,50,50,0,52,None
1,T_AB,bus1_p_port.flow,51,51,0,56,None
1,T_AB,bus1_p_port.flow,52,52,0,64,None
1,T_AB,bus1_p_port.flow,53,53,0,76,None
1,T_AB,bus1_p_port.flow,54,54,0,88,None
1,T_AB,bus1_p_port.flow,55,55,0,100,None
1,T_AB,bus1_p_port.flow,56,56,0,112,None
1,T_AB,bus1_p_port.flow,57,57,0,124,None
1,T_AB,bus1_p_port.flow,58,58,0,136,None
1,T_AB,bus1_p_port.flow,59,59,0,144,None
1,T_AB,bus1_p_port.flow,60,60,0,148,None
1,T_AB,bus1_p_port.flow,61,61,0,150,None
1,T_AB,bus1_p_port.flow,62,62,0,148,None
1,T_AB,bus1_p_port.flow,63,63,0,144,None
1,T_AB,bus1_p_port.flow,64,64,0,136,None
1,T_AB,bus1_p_port.flow,65,65,0,124,None
1,T_AB,bus1_p_port.flow,66,66,0,112,None
1,T_AB,bus1_p_port.flow,67,67,0,100,None
1,T_AB,bus1_p_port.flow,68,68,0,88,None
1,T_AB,bus1_p_port.flow,69,69,0,76,None
1,T_AB,bus1_p_port.flow,70,70,0,64,None
1,T_AB,bus1_p_port.flow,71,71,0,56,None
1,T_AB,bus1_p_port.flow,72,72,0,52,None
1,T_AB,bus1_p_port.flow,73,73,0,50,None
1,T_AB,bus1_p_port.flow,74,74,0,52,None
1,T_AB,bus1_p_port.flow,75,75,0,56,None
1,T_AB,bus1_p_port.flow,76,76,0,64,None
1,T_AB,bus1_p_port.flow,77,77,0,76,None
1,T_AB,bus1_p_port.flow,78,78,0,88,None
1,T_AB,bus1_p_port.flow,79,79,0,100,None
1,T_AB,bus1_p_port.flow,80,80,0,112,None
1,T_AB,bus1_p_port.flow,81,81,0,124,None
1,T_AB,bus1_p_port.flow,82,82,0,136,None
1,T_AB,bus1_p_port.flow,83,83,0,144,None
1,T_AB,bus1_p_port.flow,84,84,0,148,None
1,T_AB,bus1_p_port.flow,85,85,0,150,None
1,T_AB,bus1_p_port.flow,86,86,0,148,None
1,T_AB,bus1_p_port.flow,87,87,0,144,None
1,T_AB,bus1_p_port.flow,88,88,0,136,None
1,T_AB,bus1_p_port.flow,89,89,0,124,None
1,T_AB,bus1_p_port.flow,90,90,0,112,None
1,T_AB,bus1_p_port.flow,91,91,0,100,None
1,T_AB,bus1_p_port.flow,92,92,0,88,None
1,T_AB,bus1_p_port.flow,93,93,0,76,None
1,T_AB,bus1_p_port.flow,94,94,0,64,None
1,T_AB,bus1_p_port.flow,95,95,0,56,None
1,T_AB,bus1_p_port.flow,96,96,0,52,None
1,T_AB,bus1_p_port.flow,97,97,0,50,None
1,T_AB,bus1_p_port.flow,98,98,0,52,None
1,T_AB,bus1_p_port.flow,99,99,0,56,None
1,T_AB,bus1_p_port.flow,100,100,0,64,None
1,T_AB,bus1_p_port.flow,101,101,0,76,None
1,T_AB,bus1_p_port.flow,102,102,0,88,None
1,T_AB,bus1_p_port.flow,103,103,0,100,None
1,T_AB,bus1_p_port.flow,104,104,0,112,None
1,T_AB,bus1_p_port.flow,105,105,0,124,None
1,T_AB,bus1_p_port.flow,106,106,0,136,None
1,T_AB,bus1_p_port.flow,107,107,0,144,None
1,T_AB,bus1_p_port.flow,108,108,0,148,None
1,T_AB,bus1_p_port.flow,109,109,0,150,None
1,T_AB,bus1_p_port.flow,110,110,0,148,None
1,T_AB,bus1_p_port.flow,111,111,0,144,None
1,T_AB,bus1_p_port.flow,112,112,0,136,None
1,T_AB,bus1_p_port.flow,113,113,0,124,None
1,T_AB,bus1_p_port.flow,114,114,0,112,None
1,T_AB,bus1_p_port.flow,115,115,0,100,None
1,T_AB,bus1_p_port.flow,116,116,0,88,None
1,T_AB,bus1_p_port.flow,117,117,0,76,None
1,T_AB,bus1_p_port.flow,118,118,0,64,None
1,T_AB,bus1_p_port.flow,119,119,0,56,None
1,T_AB,bus1_p_port.flow,120,120,0,52,None
1,T_AB,bus1_p_port.flow,121,121,0,30,None
1,T_AB,bus1_p_port.flow,122,122,0,32,None
1,T_AB,bus1_p_port.flow,123,123,0,36,None
1,T_AB,bus1_p_port.flow,124,124,0,44,None
1,T_AB,bus1_p_port.flow,125,125,0,56,None
1,T_AB,bus1_p_port.flow,126,126,0,68,None
1,T_AB,bus1_p_port.flow,127,127,0,80,None
1,T_AB,bus1_p_port.flow,128,128,0,92,None
1,T_AB,bus1_p_port.flow,129,129,0,104,None
1,T_AB,bus1_p_port.flow,130,130,0,116,None
1,T_AB,bus1_p_port.flow,131,131,0,124,None
1,T_AB,bus1_p_port.flow,132,132,0,128,None
1,T_AB,bus1_p_port.flow,133,133,0,130,None
1,T_AB,bus1_p_port.flow,134,134,0,128,None
1,T_AB,bus1_p_port.flow,135,135,0,124,None
1,T_AB,bus1_p_port.flow,136,136,0,116,None
1,T_AB,bus1_p_port.flow,137,137,0,104,None
1,T_AB,bus1_p_port.flow,138,138,0,92,None
1,T_AB,bus1_p_port.flow,139,139,0,80,None
1,T_AB,bus1_p_port.flow,140,140,0,68,None
1,T_AB,bus1_p_port.flow,141,141,0,56,None
1,T_AB,bus1_p_port.flow,142,142,0,44,None
1,T_AB,bus1_p_port.flow,143,143,0,36,None
1,T_AB,bus1_p_port.flow,144,144,0,32,None
1,T_AB,bus1_p_port.flow,145,145,0,30,None
1,T_AB,bus1_p_port.flow,146,146,0,32,None
1,T_AB,bus1_p_port.flow,147,147,0,36,None
1,T_AB,bus1_p_port.flow,148,148,0,44,None
1,T_AB,bus1_p_port.flow,149,149,0,56,None
1,T_AB,bus1_p_port.flow,150,150,0,68,None
1,T_AB,bus1_p_port.flow,151,151,0,80,None
1,T_AB,bus1_p_port.flow,152,152,0,92,None
1,T_AB,bus1_p_port.flow,153,153,0,104,None
1,T_AB,bus1_p_port.flow,154,154,0,116,None
1,T_AB,bus1_p_port.flow,155,155,0,124,None
1,T_AB,bus1_p_port.flow,156,156,0,128,None
1,T_AB,bus1_p_port.flow,157,157,0,130,None
1,T_AB,bus1_p_port.flow,158,158,0,128,None
1,T_AB,bus1_p_port.flow,159,159,0,124,None
1,T_AB,bus1_p_port.flow,160,160,0,116,None
1,T_AB,bus1_p_port.flow,161,161,0,104,None
1,T_AB,bus1_p_port.flow,162,162,0,92,None
1,T_AB,bus1_p_port.flow,163,163,0,80,None
1,T_AB,bus1_p_port.flow,164,164,0,68,None
1,T_AB,bus1_p_port.flow,165,165,0,56,None
1,T_AB,bus1_p_port.flow,166,166,0,44,None
1,T_AB,bus1_p_port.flow,167,167,0,36,None
1,T_AB,bus1_p_port.flow,168,168,0,32,None
1,T_AB,bus0_p_port.flow,1,1,0,-50,None
1,T_AB,bus0_p_port.flow,2,2,0,-52,None
1,T_AB,bus0_p_port.flow,3,3,0,-56,None
1,T_AB,bus0_p_port.flow,4,4,0,-64,None
1,T_AB,bus0_p_port.flow,5,5,0,-76,None
1,T_AB,bus0_p_port.flow,6,6,0,-88,None
1,T_AB,bus0_p_port.flow,7,7,0,-100,None
1,T_AB,bus0_p_port.flow,8,8,0,-112,None
1,T_AB,bus0_p_port.flow,9,9,0,-124,None
1,T_AB,bus0_p_port.flow,10,10,0,-136,None
1,T_AB,bus0_p_port.flow,11,11,0,-144,None
1,T_AB,bus0_p_port.flow,12,12,0,-148,None
1,T_AB,bus0_p_port.flow,13,13,0,-150,None
1,T_AB,bus0_p_port.flow,14,14,0,-148,None
1,T_AB,bus0_p_port.flow,15,15,0,-144,None
1,T_AB,bus0_p_port.flow,16,16,0,-136,None
1,T_AB,bus0_p_port.flow,17,17,0,-124,None
1,T_AB,bus0_p_port.flow,18,18,0,-112,None
1,T_AB,bus0_p_port.flow,19,19,0,-100,None
1,T_AB,bus0_p_port.flow,20,20,0,-88,None
1,T_AB,bus0_p_port.flow,21,21,0,-76,None
1,T_AB,bus0_p_port.flow,22,22,0,-64,None
1,T_AB,bus0_p_port.flow,23,23,0,-56,None
1,T_AB,bus0_p_port.flow,24,24,0,-52,None
1,T_AB,bus0_p_port.flow,25,25,0,-50,None
1,T_AB,bus0_p_port.flow,26,26,0,-52,None
1,T_AB,bus0_p_port.flow,27,27,0,-56,None
1,T_AB,bus0_p_port.flow,28,28,0,-64,None
1,T_AB,bus0_p_port.flow,29,29,0,-76,None
1,T_AB,bus0_p_port.flow,30,30,0,-88,None
1,T_AB,bus0_p_port.flow,31,31,0,-100,None
1,T_AB,bus0_p_port.flow,32,32,0,-112,None
1,T_AB,bus0_p_port.flow,33,33,0,-124,None
1,T_AB,bus0_p_port.flow,34,34,0,-136,None
1,T_AB,bus0_p_port.flow,35,35,0,-144,None
1,T_AB,bus0_p_port.flow,36,36,0,-148,None
1,T_AB,bus0_p_port.flow,37,37,0,-150,None
1,T_AB,bus0_p_port.flow,38,38,0,-148,None
1,T_AB,bus0_p_port.flow,39,39,0,-144,None
1,T_AB,bus0_p_port.flow,40,40,0,-136,None
1,T_AB,bus0_p_port.flow,41,41,0,-124,None
1,T_AB,bus0_p_port.flow,42,42,0,-112,None
1,T_AB,bus0_p_port.flow,43,43,0,-100,None
1,T_AB,bus0_p_port.flow,44,44,0,-88,None
1,T_AB,bus0_p_port.flow,45,45,0,-76,None
1,T_AB,bus0_p_port.flow,46,46,0,-64,None
1,T_AB,bus0_p_port.flow,47,47,0,-56,None
1,T_AB,bus0_p_port.flow,48,48,0,-52,None
1,T_AB,bus0_p_port.flow,49,49,0,-50,None
1,T_AB,bus0_p_port.flow,50,50,0,-52,None
1,T_AB,bus0_p_port.flow,51,51,0,-56,None
1,T_AB,bus0_p_port.flow,52,52,0,-64,None
1,T_AB,bus0_p_port.flow,53,53,0,-76,None
1,T_AB,bus0_p_port.flow,54,54,0,-88,None
1,T_AB,bus0_p_port.flow,55,55,0,-100,None
1,T_AB,bus0_p_port.flow,56,56,0,-112,None
1,T_AB,bus0_p_port.flow,57,57,0,-124,None
1,T_AB,bus0_p_port.flow,58,58,0,-136,None
1,T_AB,bus0_p_port.flow,59,59,0,-144,None
1,T_AB,bus0_p_port.flow,60,60,0,-148,None
1,T_AB,bus0_p_port.flow,61,61,0,-150,None
1,T_AB,bus0_p_port.flow,62,62,0,-148,None
1,T_AB,bus0_p_port.flow,63,63,0,-144,None
1,T_AB,bus0_p_port.flow,64,64,0,-136,None
1,T_AB,bus0_p_port.flow,65,65,0,-124,None
1,T_AB,bus0_p_port.flow,66,66,0,-112,None
1,T_AB,bus0_p_port.flow,67,67,0,-100,None
1,T_AB,bus0_p_port.flow,68,68,0,-88,None
1,T_AB,bus0_p_port.flow,69,69,0,-76,None
1,T_AB,bus0_p_port.flow,70,70,0,-64,None
1,T_AB,bus0_p_port.flow,71,71,0,-56,None
1,T_AB,bus0_p_port.flow,72,72,0,-52,None
1,T_AB,bus0_p_port.flow,73,73,0,-50,None
1,T_AB,bus0_p_port.flow,74,74,0,-52,None
1,T_AB,bus0_p_port.flow,75,75,0,-56,None
1,T_AB,bus0_p_port.flow,76,76,0,-64,None
1,T_AB,bus0_p_port.flow,77,77,0,-76,None
1,T_AB,bus0_p_port.flow,78,78,0,-88,None
1,T_AB,bus0_p_port.flow,79,79,0,-100,None
1,T_AB,bus0_p_port.flow,80,80,0,-112,None
1,T_AB,bus0_p_port.flow,81,81,0,-124,None
1,T_AB,bus0_p_port.flow,82,82,0,-136,None
1,T_AB,bus0_p_port.flow,83,83,0,-144,None
1,T_AB,bus0_p_port.flow,84,84,0,-148,None
1,T_AB,bus0_p_port.flow,85,85,0,-150,None
1,T_AB,bus0_p_port.flow,86,86,0,-148,None
1,T_AB,bus0_p_port.flow,87,87,0,-144,None
1,T_AB,bus0_p_port.flow,88,88,0,-136,None
1,T_AB,bus0_p_port.flow,89,89,0,-124,None
1,T_AB,bus0_p_port.flow,90,90,0,-112,None
1,T_AB,bus0_p_port.flow,91,91,0,-100,None
1,T_AB,bus0_p_port.flow,92,92,0,-88,None
1,T_AB,bus0_p_port.flow,93,93,0,-76,None
1,T_AB,bus0_p_port.flow,94,94,0,-64,None
1,T_AB,bus0_p_port.flow,95,95,0,-56,None
1,T_AB,bus0_p_port.flow,96,96,0,-52,None
1,T_AB,bus0_p_port.flow,97,97,0,-50,None
1,T_AB,bus0_p_port.flow,98,98,0,-52,None
1,T_AB,bus0_p_port.flow,99,99,0,-56,None
1,T_AB,bus0_p_port.flow,100,100,0,-64,None
1,T_AB,bus0_p_port.flow,101,101,0,-76,None
1,T_AB,bus0_p_port.flow,102,102,0,-88,None
1,T_AB,bus0_p_port.flow,103,103,0,-100,None
1,T_AB,bus0_p_port.flow,104,104,0,-112,None
1,T_AB,bus0_p_port.flow,105,105,0,-124,None
1,T_AB,bus0_p_port.flow,106,106,0,-136,None
1,T_AB,bus0_p_port.flow,107,107,0,-144,None
1,T_AB,bus0_p_port.flow,108,108,0,-148,None
1,T_AB,bus0_p_port.flow,109,109,0,-150,None
1,T_AB,bus0_p_port.flow,110,110,0,-148,None
1,T_AB,bus0_p_port.flow,111,111,0,-144,None
1,T_AB,bus0_p_port.flow,112,112,0,-136,None
1,T_AB,bus0_p_port.flow,113,113,0,-124,None
1,T_AB,bus0_p_port.flow,114,114,0,-112,None
1,T_AB,bus0_p_port.flow,115,115,0,-100,None
1,T_AB,bus0_p_port.flow,116,116,0,-88,None
1,T_AB,bus0_p_port.flow,117,117,0,-76,None
1,T_AB,bus0_p_port.flow,118,118,0,-64,None
1,T_AB,bus0_p_port.flow,119,119,0,-56,None
1,T_AB,bus0_p_port.flow,120,120,0,-52,None
1,T_AB,bus0_p_port.flow,121,121,0,-30,None
1,T_AB,bus0_p_port.flow,122,122,0,-32,None
1,T_AB,bus0_p_port.flow,123,123,0,-36,None
1,T_AB,bus0_p_port.flow,124,124,0,-44,None
1,T_AB,bus0_p_port.flow,125,125,0,-56,None
1,T_AB,bus0_p_port.flow,126,126,0,-68,None
1,T_AB,bus0_p_port.flow,127,127,0,-80,None
1,T_AB,bus0_p_port.flow,128,128,0,-92,None
1,T_AB,bus0_p_port.flow,129,129,0,-104,None
1,T_AB,bus0_p_port.flow,130,130,0,-116,None
1,T_AB,bus0_p_port.flow,131,131,0,-124,None
1,T_AB,bus0_p_port.flow,132,132,0,-128,None
1,T_AB,bus0_p_port.flow,133,133,0,-130,None
1,T_AB,bus0_p_port.flow,134,134,0,-128,None
1,T_AB,bus0_p_port.flow,135,135,0,-124,None
1,T_AB,bus0_p_port.flow,136,136,0,-116,None
1,T_AB,bus0_p_port.flow,137,137,0,-104,None
1,T_AB,bus0_p_port.flow,138,138,0,-92,None
1,T_AB,bus0_p_port.flow,139,139,0,-80,None
1,T_AB,bus0_p_port.flow,140,140,0,-68,None
1,T_AB,bus0_p_port.flow,141,141,0,-56,None
1,T_AB,bus0_p_port.flow,142,142,0,-44,None
1,T_AB,bus0_p_port.flow,143,143,0,-36,None
1,T_AB,bus0_p_port.flow,144,144,0,-32,None
1,T_AB,bus0_p_port.flow,145,145,0,-30,None
1,T_AB,bus0_p_port.flow,146,146,0,-32,None
1,T_AB,bus0_p_port.flow,147,147,0,-36,None
1,T_AB,bus0_p_port.flow,148,148,0,-44,None
1,T_AB,bus0_p_port.flow,149,149,0,-56,None
1,T_AB,bus0_p_port.flow,150,150,0,-68,None
1,T_AB,bus0_p_port.flow,151,151,0,-80,None
1,T_AB,bus0_p_port.flow,152,152,0,-92,None
1,T_AB,bus0_p_port.flow,153,153,0,-104,None
1,T_AB,bus0_p_port.flow,154,154,0,-116,None
1,T_AB,bus0_p_port.flow,155,155,0,-124,None
1,T_AB,bus0_p_port.flow,156,156,0,-128,None
1,T_AB,bus0_p_port.flow,157,157,0,-130,None
1,T_AB,bus0_p_port.flow,158,158,0,-128,None
1,T_AB,bus0_p_port.flow,159,159,0,-124,None
1,T_AB,bus0_p_port.flow,160,160,0,-116,None
1,T_AB,bus0_p_port.flow,161,161,0,-104,None
1,T_AB,bus0_p_port.flow,162,162,0,-92,None
1,T_AB,bus0_p_port.flow,163,163,0,-80,None
1,T_AB,bus0_p_port.flow,164,164,0,-68,None
1,T_AB,bus0_p_port.flow,165,165,0,-56,None
1,T_AB,bus0_p_port.flow,166,166,0,-44,None
1,T_AB,bus0_p_port.flow,167,167,0,-36,None
1,T_AB,bus0_p_port.flow,168,168,0,-32,None
1,BC,s_nom,1,1,0,100,Fixed value
1,BC,s_nom,2,2,0,100,Fixed value
1,BC,s_nom,3,3,0,100,Fixed value
1,BC,s_nom,4,4,0,100,Fixed value
1,BC,s_nom,5,5,0,100,Fixed value
1,BC,s_nom,6,6,0,100,Fixed value
1,BC,s_nom,7,7,0,100,Fixed value
1,BC,s_nom,8,8,0,100,Fixed value
1,BC,s_nom,9,9,0,100,Fixed value
1,BC,s_nom,10,10,0,100,Fixed value
1,BC,s_nom,11,11,0,100,Fixed value
1,BC,s_nom,12,12,0,100,Fixed value
1,BC,s_nom,13,13,0,100,Fixed value
1,BC,s_nom,14,14,0,100,Fixed value
1,BC,s_nom,15,15,0,100,Fixed value
1,BC,s_nom,16,16,0,100,Fixed value
1,BC,s_nom,17,17,0,100,Fixed value
1,BC,s_nom,18,18,0,100,Fixed value
1,BC,s_nom,19,19,0,100,Fixed value
1,BC,s_nom,20,20,0,100,Fixed value
1,BC,s_nom,21,21,0,100,Fixed value
1,BC,s_nom,22,22,0,100,Fixed value
1,BC,s_nom,23,23,0,100,Fixed value
1,BC,s_nom,24,24,0,100,Fixed value
1,BC,s_nom,25,25,0,100,Fixed value
1,BC,s_nom,26,26,0,100,Fixed value
1,BC,s_nom,27,27,0,100,Fixed value
1,BC,s_nom,28,28,0,100,Fixed value
1,BC,s_nom,29,29,0,100,Fixed value
1,BC,s_nom,30,30,0,100,Fixed value
1,BC,s_nom,31,31,0,100,Fixed value
1,BC,s_nom,32,32,0,100,Fixed value
1,BC,s_nom,33,33,0,100,Fixed value
1,BC,s_nom,34,34,0,100,Fixed value
1,BC,s_nom,35,35,0,100,Fixed value
1,BC,s_nom,36,36,0,100,Fixed value
1,BC,s_nom,37,37,0,100,Fixed value
1,BC,s_nom,38,38,0,100,Fixed value
1,BC,s_nom,39,39,0,100,Fixed value
1,BC,s_nom,40,40,0,100,Fixed value
1,BC,s_nom,41,41,0,100,Fixed value
1,BC,s_nom,42,42,0,100,Fixed value
1,BC,s_nom,43,43,0,100,Fixed value
1,BC,s_nom,44,44,0,100,Fixed value
1,BC,s_nom,45,45,0,100,Fixed value
1,BC,s_nom,46,46,0,100,Fixed value
1,BC,s_nom,47,47,0,100,Fixed value
1,BC,s_nom,48,48,0,100,Fixed value
1,BC,s_nom,49,49,0,100,Fixed value
1,BC,s_nom,50,50,0,100,Fixed value
1,BC,s_nom,51,51,0,100,Fixed value
1,BC,s_nom,52,52,0,100,Fixed value
1,BC,s_nom,53,53,0,100,Fixed value
1,BC,s_nom,54,54,0,100,Fixed value
1,BC,s_nom,55,55,0,100,Fixed value
1,BC,s_nom,56,56,0,100,Fixed value
1,BC,s_nom,57,57,0,100,Fixed value
1,BC,s_nom,58,58,0,100,Fixed value
1,BC,s_nom,59,59,0,100,Fixed value
1,BC,s_nom,60,60,0,100,Fixed value
1,BC,s_nom,61,61,0,100,Fixed value
1,BC,s_nom,62,62,0,100,Fixed value
1,BC,s_nom,63,63,0,100,Fixed value
1,BC,s_nom,64,64,0,100,Fixed value
1,BC,s_nom,65,65,0,100,Fixed value
1,BC,s_nom,66,66,0,100,Fixed value
1,BC,s_nom,67,67,0,100,Fixed value
1,BC,s_nom,68,68,0,100,Fixed value
1,BC,s_nom,69,69,0,100,Fixed value
1,BC,s_nom,70,70,0,100,Fixed value
1,BC,s_nom,71,71,0,100,Fixed value
1,BC,s_nom,72,72,0,100,Fixed value
1,BC,s_nom,73,73,0,100,Fixed value
1,BC,s_nom,74,74,0,100,Fixed value
1,BC,s_nom,75,75,0,100,Fixed value
1,BC,s_nom,76,76,0,100,Fixed value
1,BC,s_nom,77,77,0,100,Fixed value
1,BC,s_nom,78,78,0,100,Fixed value
1,BC,s_nom,79,79,0,100,Fixed value
1,BC,s_nom,80,80,0,100,Fixed value
1,BC,s_nom,81,81,0,100,Fixed value
1,BC,s_nom,82,82,0,100,Fixed value
1,BC,s_nom,83,83,0,100,Fixed value
1,BC,s_nom,84,84,0,100,Fixed value
1,BC,s_nom,85,85,0,100,Fixed value
1,BC,s_nom,86,86,0,100,Fixed value
1,BC,s_nom,87,87,0,100,Fixed value
1,BC,s_nom,88,88,0,100,Fixed value
1,BC,s_nom,89,89,0,100,Fixed value
1,BC,s_nom,90,90,0,100,Fixed value
1,BC,s_nom,91,91,0,100,Fixed value
1,BC,s_nom,92,92,0,100,Fixed value
1,BC,s_nom,93,93,0,100,Fixed value
1,BC,s_nom,94,94,0,100,Fixed value
1,BC,s_nom,95,95,0,100,Fixed value
1,BC,s_nom,96,96,0,100,Fixed value
1,BC,s_nom,97,97,0,100,Fixed value
1,BC,s_nom,98,98,0,100,Fixed value
1,BC,s_nom,99,99,0,100,Fixed value
1,BC,s_nom,100,100,0,100,Fixed value
1,BC,s_nom,101,101,0,100,Fixed value
1,BC,s_nom,102,102,0,100,Fixed value
1,BC,s_nom,103,103,0,100,Fixed value
1,BC,s_nom,104,104,0,100,Fixed value
1,BC,s_nom,105,105,0,100,Fixed value
1,BC,s_nom,106,106,0,100,Fixed value
1,BC,s_nom,107,107,0,100,Fixed value
1,BC,s_nom,108,108,0,100,Fixed value
1,BC,s_nom,109,109,0,100,Fixed value
1,BC,s_nom,110,110,0,100,Fixed value
1,BC,s_nom,111,111,0,100,Fixed value
1,BC,s_nom,112,112,0,100,Fixed value
1,BC,s_nom,113,113,0,100,Fixed value
1,BC,s_nom,114,114,0,100,Fixed value
1,BC,s_nom,115,115,0,100,Fixed value
1,BC,s_nom,116,116,0,100,Fixed value
1,BC,s_nom,117,117,0,100,Fixed value
1,BC,s_nom,118,118,0,100,Fixed value
1,BC,s_nom,119,119,0,100,Fixed value
1,BC,s_nom,120,120,0,100,Fixed value
1,BC,s_nom,121,121,0,100,Fixed value
1,BC,s_nom,122,122,0,100,Fixed value
1,BC,s_nom,123,123,0,100,Fixed value
1,BC,s_nom,124,124,0,100,Fixed value
1,BC,s_nom,125,125,0,100,Fixed value
1,BC,s_nom,126,126,0,100,Fixed value
1,BC,s_nom,127,127,0,100,Fixed value
1,BC,s_nom,128,128,0,100,Fixed value
1,BC,s_nom,129,129,0,100,Fixed value
1,BC,s_nom,130,130,0,100,Fixed value
1,BC,s_nom,131,131,0,100,Fixed value
1,BC,s_nom,132,132,0,100,Fixed value
1,BC,s_nom,133,133,0,100,Fixed value
1,BC,s_nom,134,134,0,100,Fixed value
1,BC,s_nom,135,135,0,100,Fixed value
1,BC,s_nom,136,136,0,100,Fixed value
1,BC,s_nom,137,137,0,100,Fixed value
1,BC,s_nom,138,138,0,100,Fixed value
1,BC,s_nom,139,139,0,100,Fixed value
1,BC,s_nom,140,140,0,100,Fixed value
1,BC,s_nom,141,141,0,100,Fixed value
1,BC,s_nom,142,142,0,100,Fixed value
1,BC,s_nom,143,143,0,100,Fixed value
1,BC,s_nom,144,144,0,100,Fixed value
1,BC,s_nom,145,145,0,100,Fixed value
1,BC,s_nom,146,146,0,100,Fixed value
1,BC,s_nom,147,147,0,100,Fixed value
1,BC,s_nom,148,148,0,100,Fixed value
1,BC,s_nom,149,149,0,100,Fixed value
1,BC,s_nom,150,150,0,100,Fixed value
1,BC,s_nom,151,151,0,100,Fixed value
1,BC,s_nom,152,152,0,100,Fixed value
1,BC,s_nom,153,153,0,100,Fixed value
1,BC,s_nom,154,154,0,100,Fixed value
1,BC,s_nom,155,155,0,100,Fixed value
1,BC,s_nom,156,156,0,100,Fixed value
1,BC,s_nom,157,157,0,100,Fixed value
1,BC,s_nom,158,158,0,100,Fixed value
1,BC,s_nom,159,159,0,100,Fixed value
1,BC,s_nom,160,160,0,100,Fixed value
1,BC,s_nom,161,161,0,100,Fixed value
1,BC,s_nom,162,162,0,100,Fixed value
1,BC,s_nom,163,163,0,100,Fixed value
1,BC,s_nom,164,164,0,100,Fixed value
1,BC,s_nom,165,165,0,100,Fixed value
1,BC,s_nom,166,166,0,100,Fixed value
1,BC,s_nom,167,167,0,100,Fixed value
1,BC,s_nom,168,168,0,100,Fixed value
1,BC,p0,1,1,0,25,Basic
1,BC,p0,2,2,0,26,Basic
1,BC,p0,3,3,0,28,Basic
1,BC,p0,4,4,0,32,Basic
1,BC,p0,5,5,0,38,Basic
1,BC,p0,6,6,0,44,Basic
1,BC,p0,7,7,0,50,Basic
1,BC,p0,8,8,0,56,Basic
1,BC,p0,9,9,0,62,Basic
1,BC,p0,10,10,0,68,Basic
1,BC,p0,11,11,0,72,Basic
1,BC,p0,12,12,0,74,Basic
1,BC,p0,13,13,0,75,Basic
1,BC,p0,14,14,0,74,Basic
1,BC,p0,15,15,0,72,Basic
1,BC,p0,16,16,0,68,Basic
1,BC,p0,17,17,0,62,Basic
1,BC,p0,18,18,0,56,Basic
1,BC,p0,19,19,0,50,Basic
1,BC,p0,20,20,0,44,Basic
1,BC,p0,21,21,0,38,Basic
1,BC,p0,22,22,0,32,Basic
1,BC,p0,23,23,0,28,Basic
1,BC,p0,24,24,0,26,Basic
1,BC,p0,25,25,0,25,Basic
1,BC,p0,26,26,0,26,Basic
1,BC,p0,27,27,0,28,Basic
1,BC,p0,28,28,0,32,Basic
1,BC,p0,29,29,0,38,Basic
1,BC,p0,30,30,0,44,Basic
1,BC,p0,31,31,0,50,Basic
1,BC,p0,32,32,0,56,Basic
1,BC,p0,33,33,0,62,Basic
1,BC,p0,34,34,0,68,Basic
1,BC,p0,35,35,0,72,Basic
1,BC,p0,36,36,0,74,Basic
1,BC,p0,37,37,0,75,Basic
1,BC,p0,38,38,0,74,Basic
1,BC,p0,39,39,0,72,Basic
1,BC,p0,40,40,0,68,Basic
1,BC,p0,41,41,0,62,Basic
1,BC,p0,42,42,0,56,Basic
1,BC,p0,43,43,0,50,Basic
1,BC,p0,44,44,0,44,Basic
1,BC,p0,45,45,0,38,Basic
1,BC,p0,46,46,0,32,Basic
1,BC,p0,47,47,0,28,Basic
1,BC,p0,48,48,0,26,Basic
1,BC,p0,49,49,0,25,Basic
1,BC,p0,50,50,0,26,Basic
1,BC,p0,51,51,0,28,Basic
1,BC,p0,52,52,0,32,Basic
1,BC,p0,53,53,0,38,Basic
1,BC,p0,54,54,0,44,Basic
1,BC,p0,55,55,0,50,Basic
1,BC,p0,56,56,0,56,Basic
1,BC,p0,57,57,0,62,Basic
1,BC,p0,58,58,0,68,Basic
1,BC,p0,59,59,0,72,Basic
1,BC,p0,60,60,0,74,Basic
1,BC,p0,61,61,0,75,Basic
1,BC,p0,62,62,0,74,Basic
1,BC,p0,63,63,0,72,Basic
1,BC,p0,64,64,0,68,Basic
1,BC,p0,65,65,0,62,Basic
1,BC,p0,66,66,0,56,Basic
1,BC,p0,67,67,0,50,Basic
1,BC,p0,68,68,0,44,Basic
1,BC,p0,69,69,0,38,Basic
1,BC,p0,70,70,0,32,Basic
1,BC,p0,71,71,0,28,Basic
1,BC,p0,72,72,0,26,Basic
1,BC,p0,73,73,0,25,Basic
1,BC,p0,74,74,0,26,Basic
1,BC,p0,75,75,0,28,Basic
1,BC,p0,76,76,0,32,Basic
1,BC,p0,77,77,0,38,Basic
1,BC,p0,78,78,0,44,Basic
1,BC,p0,79,79,0,50,Basic
1,BC,p0,80,80,0,56,Basic
1,BC,p0,81,81,0,62,Basic
1,BC,p0,82,82,0,68,Basic
1,BC,p0,83,83,0,72,Basic
1,BC,p0,84,84,0,74,Basic
1,BC,p0,85,85,0,75,Basic
1,BC,p0,86,86,0,74,Basic
1,BC,p0,87,87,0,72,Basic
1,BC,p0,88,88,0,68,Basic
1,BC,p0,89,89,0,62,Basic
1,BC,p0,90,90,0,56,Basic
1,BC,p0,91,91,0,50,Basic
1,BC,p0,92,92,0,44,Basic
1,BC,p0,93,93,0,38,Basic
1,BC,p0,94,94,0,32,Basic
1,BC,p0,95,95,0,28,Basic
1,BC,p0,96,96,0,26,Basic
1,BC,p0,97,97,0,25,Basic
1,BC,p0,98,98,0,26,Basic
1,BC,p0,99,99,0,28,Basic
1,BC,p0,100,100,0,32,Basic
1,BC,p0,101,101,0,38,Basic
1,BC,p0,102,102,0,44,Basic
1,BC,p0,103,103,0,50,Basic
1,BC,p0,104,104,0,56,Basic
1,BC,p0,105,105,0,62,Basic
1,BC,p0,106,106,0,68,Basic
1,BC,p0,107,107,0,72,Basic
1,BC,p0,108,108,0,74,Basic
1,BC,p0,109,109,0,75,Basic
1,BC,p0,110,110,0,74,Basic
1,BC,p0,111,111,0,72,Basic
1,BC,p0,112,112,0,68,Basic
1,BC,p0,113,113,0,62,Basic
1,BC,p0,114,114,0,56,Basic
1,BC,p0,115,115,0,50,Basic
1,BC,p0,116,116,0,44,Basic
1,BC,p0,117,117,0,38,Basic
1,BC,p0,118,118,0,32,Basic
1,BC,p0,119,119,0,28,Basic
1,BC,p0,120,120,0,26,Basic
1,BC,p0,121,121,0,15,Basic
1,BC,p0,122,122,0,16,Basic
1,BC,p0,123,123,0,18,Basic
1,BC,p0,124,124,0,22,Basic
1,BC,p0,125,125,0,28,Basic
1,BC,p0,126,126,0,34,Basic
1,BC,p0,127,127,0,40,Basic
1,BC,p0,128,128,0,46,Basic
1,BC,p0,129,129,0,52,Basic
1,BC,p0,130,130,0,58,Basic
1,BC,p0,131,131,0,62,Basic
1,BC,p0,132,132,0,64,Basic
1,BC,p0,133,133,0,65,Basic
1,BC,p0,134,134,0,64,Basic
1,BC,p0,135,135,0,62,Basic
1,BC,p0,136,136,0,58,Basic
1,BC,p0,137,137,0,52,Basic
1,BC,p0,138,138,0,46,Basic
1,BC,p0,139,139,0,40,Basic
1,BC,p0,140,140,0,34,Basic
1,BC,p0,141,141,0,28,Basic
1,BC,p0,142,142,0,22,Basic
1,BC,p0,143,143,0,18,Basic
1,BC,p0,144,144,0,16,Basic
1,BC,p0,145,145,0,15,Basic
1,BC,p0,146,146,0,16,Basic
1,BC,p0,147,147,0,18,Basic
1,BC,p0,148,148,0,22,Basic
1,BC,p0,149,149,0,28,Basic
1,BC,p0,150,150,0,34,Basic
1,BC,p0,151,151,0,40,Basic
1,BC,p0,152,152,0,46,Basic
1,BC,p0,153,153,0,52,Basic
1,BC,p0,154,154,0,58,Basic
1,BC,p0,155,155,0,62,Basic
1,BC,p0,156,156,0,64,Basic
1,BC,p0,157,157,0,65,Basic
1,BC,p0,158,158,0,64,Basic
1,BC,p0,159,159,0,62,Basic
1,BC,p0,160,160,0,58,Basic
1,BC,p0,161,161,0,52,Basic
1,BC,p0,162,162,0,46,Basic
1,BC,p0,163,163,0,40,Basic
1,BC,p0,164,164,0,34,Basic
1,BC,p0,165,165,0,28,Basic
1,BC,p0,166,166,0,22,Basic
1,BC,p0,167,167,0,18,Basic
1,BC,p0,168,168,0,16,Basic
1,BC,dc_flow,1,1,0,None,Fixed value
1,BC,dc_flow,2,2,0,None,Fixed value
1,BC,dc_flow,3,3,0,None,Fixed value
1,BC,dc_flow,4,4,0,None,Fixed value
1,BC,dc_flow,5,5,0,None,Fixed value
1,BC,dc_flow,6,6,0,None,Fixed value
1,BC,dc_flow,7,7,0,None,Fixed value
1,BC,dc_flow,8,8,0,None,Fixed value
1,BC,dc_flow,9,9,0,None,Fixed value
1,BC,dc_flow,10,10,0,None,Fixed value
1,BC,dc_flow,11,11,0,None,Fixed value
1,BC,dc_flow,12,12,0,None,Fixed value
1,BC,dc_flow,13,13,0,None,Fixed value
1,BC,dc_flow,14,14,0,None,Fixed value
1,BC,dc_flow,15,15,0,None,Fixed value
1,BC,dc_flow,16,16,0,None,Fixed value
1,BC,dc_flow,17,17,0,None,Fixed value
1,BC,dc_flow,18,18,0,None,Fixed value
1,BC,dc_flow,19,19,0,None,Fixed value
1,BC,dc_flow,20,20,0,None,Fixed value
1,BC,dc_flow,21,21,0,None,Fixed value
1,BC,dc_flow,22,22,0,None,Fixed value
1,BC,dc_flow,23,23,0,None,Fixed value
1,BC,dc_flow,24,24,0,None,Fixed value
1,BC,dc_flow,25,25,0,None,Fixed value
1,BC,dc_flow,26,26,0,None,Fixed value
1,BC,dc_flow,27,27,0,None,Fixed value
1,BC,dc_flow,28,28,0,None,Fixed value
1,BC,dc_flow,29,29,0,None,Fixed value
1,BC,dc_flow,30,30,0,None,Fixed value
1,BC,dc_flow,31,31,0,None,Fixed value
1,BC,dc_flow,32,32,0,None,Fixed value
1,BC,dc_flow,33,33,0,None,Fixed value
1,BC,dc_flow,34,34,0,None,Fixed value
1,BC,dc_flow,35,35,0,None,Fixed value
1,BC,dc_flow,36,36,0,None,Fixed value
1,BC,dc_flow,37,37,0,None,Fixed value
1,BC,dc_flow,38,38,0,None,Fixed value
1,BC,dc_flow,39,39,0,None,Fixed value
1,BC,dc_flow,40,40,0,None,Fixed value
1,BC,dc_flow,41,41,0,None,Fixed value
1,BC,dc_flow,42,42,0,None,Fixed value
1,BC,dc_flow,43,43,0,None,Fixed value
1,BC,dc_flow,44,44,0,None,Fixed value
1,BC,dc_flow,45,45,0,None,Fixed value
1,BC,dc_flow,46,46,0,None,Fixed value
1,BC,dc_flow,47,47,0,None,Fixed value
1,BC,dc_flow,48,48,0,None,Fixed value
1,BC,dc_flow,49,49,0,None,Fixed value
1,BC,dc_flow,50,50,0,None,Fixed value
1,BC,dc_flow,51,51,0,None,Fixed value
1,BC,dc_flow,52,52,0,None,Fixed value
1,BC,dc_flow,53,53,0,None,Fixed value
1,BC,dc_flow,54,54,0,None,Fixed value
1,BC,dc_flow,55,55,0,None,Fixed value
1,BC,dc_flow,56,56,0,None,Fixed value
1,BC,dc_flow,57,57,0,None,Fixed value
1,BC,dc_flow,58,58,0,None,Fixed value
1,BC,dc_flow,59,59,0,None,Fixed value
1,BC,dc_flow,60,60,0,None,Fixed value
1,BC,dc_flow,61,61,0,None,Fixed value
1,BC,dc_flow,62,62,0,None,Fixed value
1,BC,dc_flow,63,63,0,None,Fixed value
1,BC,dc_flow,64,64,0,None,Fixed value
1,BC,dc_flow,65,65,0,None,Fixed value
1,BC,dc_flow,66,66,0,None,Fixed value
1,BC,dc_flow,67,67,0,None,Fixed value
1,BC,dc_flow,68,68,0,None,Fixed value
1,BC,dc_flow,69,69,0,None,Fixed value
1,BC,dc_flow,70,70,0,None,Fixed value
1,BC,dc_flow,71,71,0,None,Fixed value
1,BC,dc_flow,72,72,0,None,Fixed value
1,BC,dc_flow,73,73,0,None,Fixed value
1,BC,dc_flow,74,74,0,None,Fixed value
1,BC,dc_flow,75,75,0,None,Fixed value
1,BC,dc_flow,76,76,0,None,Fixed value
1,BC,dc_flow,77,77,0,None,Fixed value
1,BC,dc_flow,78,78,0,None,Fixed value
1,BC,dc_flow,79,79,0,None,Fixed value
1,BC,dc_flow,80,80,0,None,Fixed value
1,BC,dc_flow,81,81,0,None,Fixed value
1,BC,dc_flow,82,82,0,None,Fixed value
1,BC,dc_flow,83,83,0,None,Fixed value
1,BC,dc_flow,84,84,0,None,Fixed value
1,BC,dc_flow,85,85,0,None,Fixed value
1,BC,dc_flow,86,86,0,None,Fixed value
1,BC,dc_flow,87,87,0,None,Fixed value
1,BC,dc_flow,88,88,0,None,Fixed value
1,BC,dc_flow,89,89,0,None,Fixed value
1,BC,dc_flow,90,90,0,None,Fixed value
1,BC,dc_flow,91,91,0,None,Fixed value
1,BC,dc_flow,92,92,0,None,Fixed value
1,BC,dc_flow,93,93,0,None,Fixed value
1,BC,dc_flow,94,94,0,None,Fixed value
1,BC,dc_flow,95,95,0,None,Fixed value
1,BC,dc_flow,96,96,0,None,Fixed value
1,BC,dc_flow,97,97,0,None,Fixed value
1,BC,dc_flow,98,98,0,None,Fixed value
1,BC,dc_flow,99,99,0,None,Fixed value
1,BC,dc_flow,100,100,0,None,Fixed value
1,BC,dc_flow,101,101,0,None,Fixed value
1,BC,dc_flow,102,102,0,None,Fixed value
1,BC,dc_flow,103,103,0,None,Fixed value
1,BC,dc_flow,104,104,0,None,Fixed value
1,BC,dc_flow,105,105,0,None,Fixed value
1,BC,dc_flow,106,106,0,None,Fixed value
1,BC,dc_flow,107,107,0,None,Fixed value
1,BC,dc_flow,108,108,0,None,Fixed value
1,BC,dc_flow,109,109,0,None,Fixed value
1,BC,dc_flow,110,110,0,None,Fixed value
1,BC,dc_flow,111,111,0,None,Fixed value
1,BC,dc_flow,112,112,0,None,Fixed value
1,BC,dc_flow,113,113,0,None,Fixed value
1,BC,dc_flow,114,114,0,None,Fixed value
1,BC,dc_flow,115,115,0,None,Fixed value
1,BC,dc_flow,116,116,0,None,Fixed value
1,BC,dc_flow,117,117,0,None,Fixed value
1,BC,dc_flow,118,118,0,None,Fixed value
1,BC,dc_flow,119,119,0,None,Fixed value
1,BC,dc_flow,120,120,0,None,Fixed value
1,BC,dc_flow,121,121,0,None,Fixed value
1,BC,dc_flow,122,122,0,None,Fixed value
1,BC,dc_flow,123,123,0,None,Fixed value
1,BC,dc_flow,124,124,0,None,Fixed value
1,BC,dc_flow,125,125,0,None,Fixed value
1,BC,dc_flow,126,126,0,None,Fixed value
1,BC,dc_flow,127,127,0,None,Fixed value
1,BC,dc_flow,128,128,0,None,Fixed value
1,BC,dc_flow,129,129,0,None,Fixed value
1,BC,dc_flow,130,130,0,None,Fixed value
1,BC,dc_flow,131,131,0,None,Fixed value
1,BC,dc_flow,132,132,0,None,Fixed value
1,BC,dc_flow,133,133,0,None,Fixed value
1,BC,dc_flow,134,134,0,None,Fixed value
1,BC,dc_flow,135,135,0,None,Fixed value
1,BC,dc_flow,136,136,0,None,Fixed value
1,BC,dc_flow,137,137,0,None,Fixed value
1,BC,dc_flow,138,138,0,None,Fixed value
1,BC,dc_flow,139,139,0,None,Fixed value
1,BC,dc_flow,140,140,0,None,Fixed value
1,BC,dc_flow,141,141,0,None,Fixed value
1,BC,dc_flow,142,142,0,None,Fixed value
1,BC,dc_flow,143,143,0,None,Fixed value
1,BC,dc_flow,144,144,0,None,Fixed value
1,BC,dc_flow,145,145,0,None,Fixed value
1,BC,dc_flow,146,146,0,None,Fixed value
1,BC,dc_flow,147,147,0,None,Fixed value
1,BC,dc_flow,148,148,0,None,Fixed value
1,BC,dc_flow,149,149,0,None,Fixed value
1,BC,dc_flow,150,150,0,None,Fixed value
1,BC,dc_flow,151,151,0,None,Fixed value
1,BC,dc_flow,152,152,0,None,Fixed value
1,BC,dc_flow,153,153,0,None,Fixed value
1,BC,dc_flow,154,154,0,None,Fixed value
1,BC,dc_flow,155,155,0,None,Fixed value
1,BC,dc_flow,156,156,0,None,Fixed value
1,BC,dc_flow,157,157,0,None,Fixed value
1,BC,dc_flow,158,158,0,None,Fixed value
1,BC,dc_flow,159,159,0,None,Fixed value
1,BC,dc_flow,160,160,0,None,Fixed value
1,BC,dc_flow,161,161,0,None,Fixed value
1,BC,dc_flow,162,162,0,None,Fixed value
1,BC,dc_flow,163,163,0,None,Fixed value
1,BC,dc_flow,164,164,0,None,Fixed value
1,BC,dc_flow,165,165,0,None,Fixed value
1,BC,dc_flow,166,166,0,None,Fixed value
1,BC,dc_flow,167,167,0,None,Fixed value
1,BC,dc_flow,168,168,0,None,Fixed value
1,BC,upper_flow,1,1,0,None,Basic
1,BC,upper_flow,2,2,0,None,Basic
1,BC,upper_flow,3,3,0,None,Basic
1,BC,upper_flow,4,4,0,None,Basic
1,BC,upper_flow,5,5,0,None,Basic
1,BC,upper_flow,6,6,0,None,Basic
1,BC,upper_flow,7,7,0,None,Basic
1,BC,upper_flow,8,8,0,None,Basic
1,BC,upper_flow,9,9,0,None,Basic
1,BC,upper_flow,10,10,0,None,Basic
1,BC,upper_flow,11,11,0,None,Basic
1,BC,upper_flow,12,12,0,None,Basic
1,BC,upper_flow,13,13,0,None,Basic
1,BC,upper_flow,14,14,0,None,Basic
1,BC,upper_flow,15,15,0,None,Basic
1,BC,upper_flow,16,16,0,None,Basic
1,BC,upper_flow,17,17,0,None,Basic
1,BC,upper_flow,18,18,0,None,Basic
1,BC,upper_flow,19,19,0,None,Basic
1,BC,upper_flow,20,20,0,None,Basic
1,BC,upper_flow,21,21,0,None,Basic
1,BC,upper_flow,22,22,0,None,Basic
1,BC,upper_flow,23,23,0,None,Basic
1,BC,upper_flow,24,24,0,None,Basic
1,BC,upper_flow,25,25,0,None,Basic
1,BC,upper_flow,26,26,0,None,Basic
1,BC,upper_flow,27,27,0,None,Basic
1,BC,upper_flow,28,28,0,None,Basic
1,BC,upper_flow,29,29,0,None,Basic
1,BC,upper_flow,30,30,0,None,Basic
1,BC,upper_flow,31,31,0,None,Basic
1,BC,upper_flow,32,32,0,None,Basic
1,BC,upper_flow,33,33,0,None,Basic
1,BC,upper_flow,34,34,0,None,Basic
1,BC,upper_flow,35,35,0,None,Basic
1,BC,upper_flow,36,36,0,None,Basic
1,BC,upper_flow,37,37,0,None,Basic
1,BC,upper_flow,38,38,0,None,Basic
1,BC,upper_flow,39,39,0,None,Basic
1,BC,upper_flow,40,40,0,None,Basic
1,BC,upper_flow,41,41,0,None,Basic
1,BC,upper_flow,42,42,0,None,Basic
1,BC,upper_flow,43,43,0,None,Basic
1,BC,upper_flow,44,44,0,None,Basic
1,BC,upper_flow,45,45,0,None,Basic
1,BC,upper_flow,46,46,0,None,Basic
1,BC,upper_flow,47,47,0,None,Basic
1,BC,upper_flow,48,48,0,None,Basic
1,BC,upper_flow,49,49,0,None,Basic
1,BC,upper_flow,50,50,0,None,Basic
1,BC,upper_flow,51,51,0,None,Basic
1,BC,upper_flow,52,52,0,None,Basic
1,BC,upper_flow,53,53,0,None,Basic
1,BC,upper_flow,54,54,0,None,Basic
1,BC,upper_flow,55,55,0,None,Basic
1,BC,upper_flow,56,56,0,None,Basic
1,BC,upper_flow,57,57,0,None,Basic
1,BC,upper_flow,58,58,0,None,Basic
1,BC,upper_flow,59,59,0,None,Basic
1,BC,upper_flow,60,60,0,None,Basic
1,BC,upper_flow,61,61,0,None,Basic
1,BC,upper_flow,62,62,0,None,Basic
1,BC,upper_flow,63,63,0,None,Basic
1,BC,upper_flow,64,64,0,None,Basic
1,BC,upper_flow,65,65,0,None,Basic
1,BC,upper_flow,66,66,0,None,Basic
1,BC,upper_flow,67,67,0,None,Basic
1,BC,upper_flow,68,68,0,None,Basic
1,BC,upper_flow,69,69,0,None,Basic
1,BC,upper_flow,70,70,0,None,Basic
1,BC,upper_flow,71,71,0,None,Basic
1,BC,upper_flow,72,72,0,None,Basic
1,BC,upper_flow,73,73,0,None,Basic
1,BC,upper_flow,74,74,0,None,Basic
1,BC,upper_flow,75,75,0,None,Basic
1,BC,upper_flow,76,76,0,None,Basic
1,BC,upper_flow,77,77,0,None,Basic
1,BC,upper_flow,78,78,0,None,Basic
1,BC,upper_flow,79,79,0,None,Basic
1,BC,upper_flow,80,80,0,None,Basic
1,BC,upper_flow,81,81,0,None,Basic
1,BC,upper_flow,82,82,0,None,Basic
1,BC,upper_flow,83,83,0,None,Basic
1,BC,upper_flow,84,84,0,None,Basic
1,BC,upper_flow,85,85,0,None,Basic
1,BC,upper_flow,86,86,0,None,Basic
1,BC,upper_flow,87,87,0,None,Basic
1,BC,upper_flow,88,88,0,None,Basic
1,BC,upper_flow,89,89,0,None,Basic
1,BC,upper_flow,90,90,0,None,Basic
1,BC,upper_flow,91,91,0,None,Basic
1,BC,upper_flow,92,92,0,None,Basic
1,BC,upper_flow,93,93,0,None,Basic
1,BC,upper_flow,94,94,0,None,Basic
1,BC,upper_flow,95,95,0,None,Basic
1,BC,upper_flow,96,96,0,None,Basic
1,BC,upper_flow,97,97,0,None,Basic
1,BC,upper_flow,98,98,0,None,Basic
1,BC,upper_flow,99,99,0,None,Basic
1,BC,upper_flow,100,100,0,None,Basic
1,BC,upper_flow,101,101,0,None,Basic
1,BC,upper_flow,102,102,0,None,Basic
1,BC,upper_flow,103,103,0,None,Basic
1,BC,upper_flow,104,104,0,None,Basic
1,BC,upper_flow,105,105,0,None,Basic
1,BC,upper_flow,106,106,0,None,Basic
1,BC,upper_flow,107,107,0,None,Basic
1,BC,upper_flow,108,108,0,None,Basic
1,BC,upper_flow,109,109,0,None,Basic
1,BC,upper_flow,110,110,0,None,Basic
1,BC,upper_flow,111,111,0,None,Basic
1,BC,upper_flow,112,112,0,None,Basic
1,BC,upper_flow,113,113,0,None,Basic
1,BC,upper_flow,114,114,0,None,Basic
1,BC,upper_flow,115,115,0,None,Basic
1,BC,upper_flow,116,116,0,None,Basic
1,BC,upper_flow,117,117,0,None,Basic
1,BC,upper_flow,118,118,0,None,Basic
1,BC,upper_flow,119,119,0,None,Basic
1,BC,upper_flow,120,120,0,None,Basic
1,BC,upper_flow,121,121,0,None,Basic
1,BC,upper_flow,122,122,0,None,Basic
1,BC,upper_flow,123,123,0,None,Basic
1,BC,upper_flow,124,124,0,None,Basic
1,BC,upper_flow,125,125,0,None,Basic
1,BC,upper_flow,126,126,0,None,Basic
1,BC,upper_flow,127,127,0,None,Basic
1,BC,upper_flow,128,128,0,None,Basic
1,BC,upper_flow,129,129,0,None,Basic
1,BC,upper_flow,130,130,0,None,Basic
1,BC,upper_flow,131,131,0,None,Basic
1,BC,upper_flow,132,132,0,None,Basic
1,BC,upper_flow,133,133,0,None,Basic
1,BC,upper_flow,134,134,0,None,Basic
1,BC,upper_flow,135,135,0,None,Basic
1,BC,upper_flow,136,136,0,None,Basic
1,BC,upper_flow,137,137,0,None,Basic
1,BC,upper_flow,138,138,0,None,Basic
1,BC,upper_flow,139,139,0,None,Basic
1,BC,upper_flow,140,140,0,None,Basic
1,BC,upper_flow,141,141,0,None,Basic
1,BC,upper_flow,142,142,0,None,Basic
1,BC,upper_flow,143,143,0,None,Basic
1,BC,upper_flow,144,144,0,None,Basic
1,BC,upper_flow,145,145,0,None,Basic
1,BC,upper_flow,146,146,0,None,Basic
1,BC,upper_flow,147,147,0,None,Basic
1,BC,upper_flow,148,148,0,None,Basic
1,BC,upper_flow,149,149,0,None,Basic
1,BC,upper_flow,150,150,0,None,Basic
1,BC,upper_flow,151,151,0,None,Basic
1,BC,upper_flow,152,152,0,None,Basic
1,BC,upper_flow,153,153,0,None,Basic
1,BC,upper_flow,154,154,0,None,Basic
1,BC,upper_flow,155,155,0,None,Basic
1,BC,upper_flow,156,156,0,None,Basic
1,BC,upper_flow,157,157,0,None,Basic
1,BC,upper_flow,158,158,0,None,Basic
1,BC,upper_flow,159,159,0,None,Basic
1,BC,upper_flow,160,160,0,None,Basic
1,BC,upper_flow,161,161,0,None,Basic
1,BC,upper_flow,162,162,0,None,Basic
1,BC,upper_flow,163,163,0,None,Basic
1,BC,upper_flow,164,164,0,None,Basic
1,BC,upper_flow,165,165,0,None,Basic
1,BC,upper_flow,166,166,0,None,Basic
1,BC,upper_flow,167,167,0,None,Basic
1,BC,upper_flow,168,168,0,None,Basic
1,BC,lower_flow,1,1,0,None,Basic
1,BC,lower_flow,2,2,0,None,Basic
1,BC,lower_flow,3,3,0,None,Basic
1,BC,lower_flow,4,4,0,None,Basic
1,BC,lower_flow,5,5,0,None,Basic
1,BC,lower_flow,6,6,0,None,Basic
1,BC,lower_flow,7,7,0,None,Basic
1,BC,lower_flow,8,8,0,None,Basic
1,BC,lower_flow,9,9,0,None,Basic
1,BC,lower_flow,10,10,0,None,Basic
1,BC,lower_flow,11,11,0,None,Basic
1,BC,lower_flow,12,12,0,None,Basic
1,BC,lower_flow,13,13,0,None,Basic
1,BC,lower_flow,14,14,0,None,Basic
1,BC,lower_flow,15,15,0,None,Basic
1,BC,lower_flow,16,16,0,None,Basic
1,BC,lower_flow,17,17,0,None,Basic
1,BC,lower_flow,18,18,0,None,Basic
1,BC,lower_flow,19,19,0,None,Basic
1,BC,lower_flow,20,20,0,None,Basic
1,BC,lower_flow,21,21,0,None,Basic
1,BC,lower_flow,22,22,0,None,Basic
1,BC,lower_flow,23,23,0,None,Basic
1,BC,lower_flow,24,24,0,None,Basic
1,BC,lower_flow,25,25,0,None,Basic
1,BC,lower_flow,26,26,0,None,Basic
1,BC,lower_flow,27,27,0,None,Basic
1,BC,lower_flow,28,28,0,None,Basic
1,BC,lower_flow,29,29,0,None,Basic
1,BC,lower_flow,30,30,0,None,Basic
1,BC,lower_flow,31,31,0,None,Basic
1,BC,lower_flow,32,32,0,None,Basic
1,BC,lower_flow,33,33,0,None,Basic
1,BC,lower_flow,34,34,0,None,Basic
1,BC,lower_flow,35,35,0,None,Basic
1,BC,lower_flow,36,36,0,None,Basic
1,BC,lower_flow,37,37,0,None,Basic
1,BC,lower_flow,38,38,0,None,Basic
1,BC,lower_flow,39,39,0,None,Basic
1,BC,lower_flow,40,40,0,None,Basic
1,BC,lower_flow,41,41,0,None,Basic
1,BC,lower_flow,42,42,0,None,Basic
1,BC,lower_flow,43,43,0,None,Basic
1,BC,lower_flow,44,44,0,None,Basic
1,BC,lower_flow,45,45,0,None,Basic
1,BC,lower_flow,46,46,0,None,Basic
1,BC,lower_flow,47,47,0,None,Basic
1,BC,lower_flow,48,48,0,None,Basic
1,BC,lower_flow,49,49,0,None,Basic
1,BC,lower_flow,50,50,0,None,Basic
1,BC,lower_flow,51,51,0,None,Basic
1,BC,lower_flow,52,52,0,None,Basic
1,BC,lower_flow,53,53,0,None,Basic
1,BC,lower_flow,54,54,0,None,Basic
1,BC,lower_flow,55,55,0,None,Basic
1,BC,lower_flow,56,56,0,None,Basic
1,BC,lower_flow,57,57,0,None,Basic
1,BC,lower_flow,58,58,0,None,Basic
1,BC,lower_flow,59,59,0,None,Basic
1,BC,lower_flow,60,60,0,None,Basic
1,BC,lower_flow,61,61,0,None,Basic
1,BC,lower_flow,62,62,0,None,Basic
1,BC,lower_flow,63,63,0,None,Basic
1,BC,lower_flow,64,64,0,None,Basic
1,BC,lower_flow,65,65,0,None,Basic
1,BC,lower_flow,66,66,0,None,Basic
1,BC,lower_flow,67,67,0,None,Basic
1,BC,lower_flow,68,68,0,None,Basic
1,BC,lower_flow,69,69,0,None,Basic
1,BC,lower_flow,70,70,0,None,Basic
1,BC,lower_flow,71,71,0,None,Basic
1,BC,lower_flow,72,72,0,None,Basic
1,BC,lower_flow,73,73,0,None,Basic
1,BC,lower_flow,74,74,0,None,Basic
1,BC,lower_flow,75,75,0,None,Basic
1,BC,lower_flow,76,76,0,None,Basic
1,BC,lower_flow,77,77,0,None,Basic
1,BC,lower_flow,78,78,0,None,Basic
1,BC,lower_flow,79,79,0,None,Basic
1,BC,lower_flow,80,80,0,None,Basic
1,BC,lower_flow,81,81,0,None,Basic
1,BC,lower_flow,82,82,0,None,Basic
1,BC,lower_flow,83,83,0,None,Basic
1,BC,lower_flow,84,84,0,None,Basic
1,BC,lower_flow,85,85,0,None,Basic
1,BC,lower_flow,86,86,0,None,Basic
1,BC,lower_flow,87,87,0,None,Basic
1,BC,lower_flow,88,88,0,None,Basic
1,BC,lower_flow,89,89,0,None,Basic
1,BC,lower_flow,90,90,0,None,Basic
1,BC,lower_flow,91,91,0,None,Basic
1,BC,lower_flow,92,92,0,None,Basic
1,BC,lower_flow,93,93,0,None,Basic
1,BC,lower_flow,94,94,0,None,Basic
1,BC,lower_flow,95,95,0,None,Basic
1,BC,lower_flow,96,96,0,None,Basic
1,BC,lower_flow,97,97,0,None,Basic
1,BC,lower_flow,98,98,0,None,Basic
1,BC,lower_flow,99,99,0,None,Basic
1,BC,lower_flow,100,100,0,None,Basic
1,BC,lower_flow,101,101,0,None,Basic
1,BC,lower_flow,102,102,0,None,Basic
1,BC,lower_flow,103,103,0,None,Basic
1,BC,lower_flow,104,104,0,None,Basic
1,BC,lower_flow,105,105,0,None,Basic
1,BC,lower_flow,106,106,0,None,Basic
1,BC,lower_flow,107,107,0,None,Basic
1,BC,lower_flow,108,108,0,None,Basic
1,BC,lower_flow,109,109,0,None,Basic
1,BC,lower_flow,110,110,0,None,Basic
1,BC,lower_flow,111,111,0,None,Basic
1,BC,lower_flow,112,112,0,None,Basic
1,BC,lower_flow,113,113,0,None,Basic
1,BC,lower_flow,114,114,0,None,Basic
1,BC,lower_flow,115,115,0,None,Basic
1,BC,lower_flow,116,116,0,None,Basic
1,BC,lower_flow,117,117,0,None,Basic
1,BC,lower_flow,118,118,0,None,Basic
1,BC,lower_flow,119,119,0,None,Basic
1,BC,lower_flow,120,120,0,None,Basic
1,BC,lower_flow,121,121,0,None,Basic
1,BC,lower_flow,122,122,0,None,Basic
1,BC,lower_flow,123,123,0,None,Basic
1,BC,lower_flow,124,124,0,None,Basic
1,BC,lower_flow,125,125,0,None,Basic
1,BC,lower_flow,126,126,0,None,Basic
1,BC,lower_flow,127,127,0,None,Basic
1,BC,lower_flow,128,128,0,None,Basic
1,BC,lower_flow,129,129,0,None,Basic
1,BC,lower_flow,130,130,0,None,Basic
1,BC,lower_flow,131,131,0,None,Basic
1,BC,lower_flow,132,132,0,None,Basic
1,BC,lower_flow,133,133,0,None,Basic
1,BC,lower_flow,134,134,0,None,Basic
1,BC,lower_flow,135,135,0,None,Basic
1,BC,lower_flow,136,136,0,None,Basic
1,BC,lower_flow,137,137,0,None,Basic
1,BC,lower_flow,138,138,0,None,Basic
1,BC,lower_flow,139,139,0,None,Basic
1,BC,lower_flow,140,140,0,None,Basic
1,BC,lower_flow,141,141,0,None,Basic
1,BC,lower_flow,142,142,0,None,Basic
1,BC,lower_flow,143,143,0,None,Basic
1,BC,lower_flow,144,144,0,None,Basic
1,BC,lower_flow,145,145,0,None,Basic
1,BC,lower_flow,146,146,0,None,Basic
1,BC,lower_flow,147,147,0,None,Basic
1,BC,lower_flow,148,148,0,None,Basic
1,BC,lower_flow,149,149,0,None,Basic
1,BC,lower_flow,150,150,0,None,Basic
1,BC,lower_flow,151,151,0,None,Basic
1,BC,lower_flow,152,152,0,None,Basic
1,BC,lower_flow,153,153,0,None,Basic
1,BC,lower_flow,154,154,0,None,Basic
1,BC,lower_flow,155,155,0,None,Basic
1,BC,lower_flow,156,156,0,None,Basic
1,BC,lower_flow,157,157,0,None,Basic
1,BC,lower_flow,158,158,0,None,Basic
1,BC,lower_flow,159,159,0,None,Basic
1,BC,lower_flow,160,160,0,None,Basic
1,BC,lower_flow,161,161,0,None,Basic
1,BC,lower_flow,162,162,0,None,Basic
1,BC,lower_flow,163,163,0,None,Basic
1,BC,lower_flow,164,164,0,None,Basic
1,BC,lower_flow,165,165,0,None,Basic
1,BC,lower_flow,166,166,0,None,Basic
1,BC,lower_flow,167,167,0,None,Basic
1,BC,lower_flow,168,168,0,None,Basic
1,BC,bus1_p_port.flow,1,1,0,25,None
1,BC,bus1_p_port.flow,2,2,0,26,None
1,BC,bus1_p_port.flow,3,3,0,28,None
1,BC,bus1_p_port.flow,4,4,0,32,None
1,BC,bus1_p_port.flow,5,5,0,38,None
1,BC,bus1_p_port.flow,6,6,0,44,None
1,BC,bus1_p_port.flow,7,7,0,50,None
1,BC,bus1_p_port.flow,8,8,0,56,None
1,BC,bus1_p_port.flow,9,9,0,62,None
1,BC,bus1_p_port.flow,10,10,0,68,None
1,BC,bus1_p_port.flow,11,11,0,72,None
1,BC,bus1_p_port.flow,12,12,0,74,None
1,BC,bus1_p_port.flow,13,13,0,75,None
1,BC,bus1_p_port.flow,14,14,0,74,None
1,BC,bus1_p_port.flow,15,15,0,72,None
1,BC,bus1_p_port.flow,16,16,0,68,None
1,BC,bus1_p_port.flow,17,17,0,62,None
1,BC,bus1_p_port.flow,18,18,0,56,None
1,BC,bus1_p_port.flow,19,19,0,50,None
1,BC,bus1_p_port.flow,20,20,0,44,None
1,BC,bus1_p_port.flow,21,21,0,38,None
1,BC,bus1_p_port.flow,22,22,0,32,None
1,BC,bus1_p_port.flow,23,23,0,28,None
1,BC,bus1_p_port.flow,24,24,0,26,None
1,BC,bus1_p_port.flow,25,25,0,25,None
1,BC,bus1_p_port.flow,26,26,0,26,None
1,BC,bus1_p_port.flow,27,27,0,28,None
1,BC,bus1_p_port.flow,28,28,0,32,None
1,BC,bus1_p_port.flow,29,29,0,38,None
1,BC,bus1_p_port.flow,30,30,0,44,None
1,BC,bus1_p_port.flow,31,31,0,50,None
1,BC,bus1_p_port.flow,32,32,0,56,None
1,BC,bus1_p_port.flow,33,33,0,62,None
1,BC,bus1_p_port.flow,34,34,0,68,None
1,BC,bus1_p_port.flow,35,35,0,72,None
1,BC,bus1_p_port.flow,36,36,0,74,None
1,BC,bus1_p_port.flow,37,37,0,75,None
1,BC,bus1_p_port.flow,38,38,0,74,None
1,BC,bus1_p_port.flow,39,39,0,72,None
1,BC,bus1_p_port.flow,40,40,0,68,None
1,BC,bus1_p_port.flow,41,41,0,62,None
1,BC,bus1_p_port.flow,42,42,0,56,None
1,BC,bus1_p_port.flow,43,43,0,50,None
1,BC,bus1_p_port.flow,44,44,0,44,None
1,BC,bus1_p_port.flow,45,45,0,38,None
1,BC,bus1_p_port.flow,46,46,0,32,None
1,BC,bus1_p_port.flow,47,47,0,28,None
1,BC,bus1_p_port.flow,48,48,0,26,None
1,BC,bus1_p_port.flow,49,49,0,25,None
1,BC,bus1_p_port.flow,50,50,0,26,None
1,BC,bus1_p_port.flow,51,51,0,28,None
1,BC,bus1_p_port.flow,52,52,0,32,None
1,BC,bus1_p_port.flow,53,53,0,38,None
1,BC,bus1_p_port.flow,54,54,0,44,None
1,BC,bus1_p_port.flow,55,55,0,50,None
1,BC,bus1_p_port.flow,56,56,0,56,None
1,BC,bus1_p_port.flow,57,57,0,62,None
1,BC,bus1_p_port.flow,58,58,0,68,None
1,BC,bus1_p_port.flow,59,59,0,72,None
1,BC,bus1_p_port.flow,60,60,0,74,None
1,BC,bus1_p_port.flow,61,61,0,75,None
1,BC,bus1_p_port.flow,62,62,0,74,None
1,BC,bus1_p_port.flow,63,63,0,72,None
1,BC,bus1_p_port.flow,64,64,0,68,None
1,BC,bus1_p_port.flow,65,65,0,62,None
1,BC,bus1_p_port.flow,66,66,0,56,None
1,BC,bus1_p_port.flow,67,67,0,50,None
1,BC,bus1_p_port.flow,68,68,0,44,None
1,BC,bus1_p_port.flow,69,69,0,38,None
1,BC,bus1_p_port.flow,70,70,0,32,None
1,BC,bus1_p_port.flow,71,71,0,28,None
1,BC,bus1_p_port.flow,72,72,0,26,None
1,BC,bus1_p_port.flow,73,73,0,25,None
1,BC,bus1_p_port.flow,74,74,0,26,None
1,BC,bus1_p_port.flow,75,75,0,28,None
1,BC,bus1_p_port.flow,76,76,0,32,None
1,BC,bus1_p_port.flow,77,77,0,38,None
1,BC,bus1_p_port.flow,78,78,0,44,None
1,BC,bus1_p_port.flow,79,79,0,50,None
1,BC,bus1_p_port.flow,80,80,0,56,None
1,BC,bus1_p_port.flow,81,81,0,62,None
1,BC,bus1_p_port.flow,82,82,0,68,None
1,BC,bus1_p_port.flow,83,83,0,72,None
1,BC,bus1_p_port.flow,84,84,0,74,None
1,BC,bus1_p_port.flow,85,85,0,75,None
1,BC,bus1_p_port.flow,86,86,0,74,None
1,BC,bus1_p_port.flow,87,87,0,72,None
1,BC,bus1_p_port.flow,88,88,0,68,None
1,BC,bus1_p_port.flow,89,89,0,62,None
1,BC,bus1_p_port.flow,90,90,0,56,None
1,BC,bus1_p_port.flow,91,91,0,50,None
1,BC,bus1_p_port.flow,92,92,0,44,None
1,BC,bus1_p_port.flow,93,93,0,38,None
1,BC,bus1_p_port.flow,94,94,0,32,None
1,BC,bus1_p_port.flow,95,95,0,28,None
1,BC,bus1_p_port.flow,96,96,0,26,None
1,BC,bus1_p_port.flow,97,97,0,25,None
1,BC,bus1_p_port.flow,98,98,0,26,None
1,BC,bus1_p_port.flow,99,99,0,28,None
1,BC,bus1_p_port.flow,100,100,0,32,None
1,BC,bus1_p_port.flow,101,101,0,38,None
1,BC,bus1_p_port.flow,102,102,0,44,None
1,BC,bus1_p_port.flow,103,103,0,50,None
1,BC,bus1_p_port.flow,104,104,0,56,None
1,BC,bus1_p_port.flow,105,105,0,62,None
1,BC,bus1_p_port.flow,106,106,0,68,None
1,BC,bus1_p_port.flow,107,107,0,72,None
1,BC,bus1_p_port.flow,108,108,0,74,None
1,BC,bus1_p_port.flow,109,109,0,75,None
1,BC,bus1_p_port.flow,110,110,0,74,None
1,BC,bus1_p_port.flow,111,111,0,72,None
1,BC,bus1_p_port.flow,112,112,0,68,None
1,BC,bus1_p_port.flow,113,113,0,62,None
1,BC,bus1_p_port.flow,114,114,0,56,None
1,BC,bus1_p_port.flow,115,115,0,50,None
1,BC,bus1_p_port.flow,116,116,0,44,None
1,BC,bus1_p_port.flow,117,117,0,38,None
1,BC,bus1_p_port.flow,118,118,0,32,None
1,BC,bus1_p_port.flow,119,119,0,28,None
1,BC,bus1_p_port.flow,120,120,0,26,None
1,BC,bus1_p_port.flow,121,121,0,15,None
1,BC,bus1_p_port.flow,122,122,0,16,None
1,BC,bus1_p_port.flow,123,123,0,18,None
1,BC,bus1_p_port.flow,124,124,0,22,None
1,BC,bus1_p_port.flow,125,125,0,28,None
1,BC,bus1_p_port.flow,126,126,0,34,None
1,BC,bus1_p_port.flow,127,127,0,40,None
1,BC,bus1_p_port.flow,128,128,0,46,None
1,BC,bus1_p_port.flow,129,129,0,52,None
1,BC,bus1_p_port.flow,130,130,0,58,None
1,BC,bus1_p_port.flow,131,131,0,62,None
1,BC,bus1_p_port.flow,132,132,0,64,None
1,BC,bus1_p_port.flow,133,133,0,65,None
1,BC,bus1_p_port.flow,134,134,0,64,None
1,BC,bus1_p_port.flow,135,135,0,62,None
1,BC,bus1_p_port.flow,136,136,0,58,None
1,BC,bus1_p_port.flow,137,137,0,52,None
1,BC,bus1_p_port.flow,138,138,0,46,None
1,BC,bus1_p_port.flow,139,139,0,40,None
1,BC,bus1_p_port.flow,140,140,0,34,None
1,BC,bus1_p_port.flow,141,141,0,28,None
1,BC,bus1_p_port.flow,142,142,0,22,None
1,BC,bus1_p_port.flow,143,143,0,18,None
1,BC,bus1_p_port.flow,144,144,0,16,None
1,BC,bus1_p_port.flow,145,145,0,15,None
1,BC,bus1_p_port.flow,146,146,0,16,None
1,BC,bus1_p_port.flow,147,147,0,18,None
1,BC,bus1_p_port.flow,148,148,0,22,None
1,BC,bus1_p_port.flow,149,149,0,28,None
1,BC,bus1_p_port.flow,150,150,0,34,None
1,BC,bus1_p_port.flow,151,151,0,40,None
1,BC,bus1_p_port.flow,152,152,0,46,None
1,BC,bus1_p_port.flow,153,153,0,52,None
1,BC,bus1_p_port.flow,154,154,0,58,None
1,BC,bus1_p_port.flow,155,155,0,62,None
1,BC,bus1_p_port.flow,156,156,0,64,None
1,BC,bus1_p_port.flow,157,157,0,65,None
1,BC,bus1_p_port.flow,158,158,0,64,None
1,BC,bus1_p_port.flow,159,159,0,62,None
1,BC,bus1_p_port.flow,160,160,0,58,None
1,BC,bus1_p_port.flow,161,161,0,52,None
1,BC,bus1_p_port.flow,162,162,0,46,None
1,BC,bus1_p_port.flow,163,163,0,40,None
1,BC,bus1_p_port.flow,164,164,0,34,None
1,BC,bus1_p_port.flow,165,165,0,28,None
1,BC,bus1_p_port.flow,166,166,0,22,None
1,BC,bus1_p_port.flow,167,167,0,18,None
1,BC,bus1_p_port.flow,168,168,0,16,None
1,BC,bus0_p_port.flow,1,1,0,-25,None
1,BC,bus0_p_port.flow,2,2,0,-26,None
1,BC,bus0_p_port.flow,3,3,0,-28,None
1,BC,bus0_p_port.flow,4,4,0,-32,None
1,BC,bus0_p_port.flow,5,5,0,-38,None
1,BC,bus0_p_port.flow,6,6,0,-44,None
1,BC,bus0_p_port.flow,7,7,0,-50,None
1,BC,bus0_p_port.flow,8,8,0,-56,None
1,BC,bus0_p_port.flow,9,9,0,-62,None
1,BC,bus0_p_port.flow,10,10,0,-68,None
1,BC,bus0_p_port.flow,11,11,0,-72,None
1,BC,bus0_p_port.flow,12,12,0,-74,None
1,BC,bus0_p_port.flow,13,13,0,-75,None
1,BC,bus0_p_port.flow,14,14,0,-74,None
1,BC,bus0_p_port.flow,15,15,0,-72,None
1,BC,bus0_p_port.flow,16,16,0,-68,None
1,BC,bus0_p_port.flow,17,17,0,-62,None
1,BC,bus0_p_port.flow,18,18,0,-56,None
1,BC,bus0_p_port.flow,19,19,0,-50,None
1,BC,bus0_p_port.flow,20,20,0,-44,None
1,BC,bus0_p_port.flow,21,21,0,-38,None
1,BC,bus0_p_port.flow,22,22,0,-32,None
1,BC,bus0_p_port.flow,23,23,0,-28,None
1,BC,bus0_p_port.flow,24,24,0,-26,None
1,BC,bus0_p_port.flow,25,25,0,-25,None
1,BC,bus0_p_port.flow,26,26,0,-26,None
1,BC,bus0_p_port.flow,27,27,0,-28,None
1,BC,bus0_p_port.flow,28,28,0,-32,None
1,BC,bus0_p_port.flow,29,29,0,-38,None
1,BC,bus0_p_port.flow,30,30,0,-44,None
1,BC,bus0_p_port.flow,31,31,0,-50,None
1,BC,bus0_p_port.flow,32,32,0,-56,None
1,BC,bus0_p_port.flow,33,33,0,-62,None
1,BC,bus0_p_port.flow,34,34,0,-68,None
1,BC,bus0_p_port.flow,35,35,0,-72,None
1,BC,bus0_p_port.flow,36,36,0,-74,None
1,BC,bus0_p_port.flow,37,37,0,-75,None
1,BC,bus0_p_port.flow,38,38,0,-74,None
1,BC,bus0_p_port.flow,39,39,0,-72,None
1,BC,bus0_p_port.flow,40,40,0,-68,None
1,BC,bus0_p_port.flow,41,41,0,-62,None
1,BC,bus0_p_port.flow,42,42,0,-56,None
1,BC,bus0_p_port.flow,43,43,0,-50,None
1,BC,bus0_p_port.flow,44,44,0,-44,None
1,BC,bus0_p_port.flow,45,45,0,-38,None
1,BC,bus0_p_port.flow,46,46,0,-32,None
1,BC,bus0_p_port.flow,47,47,0,-28,None
1,BC,bus0_p_port.flow,48,48,0,-26,None
1,BC,bus0_p_port.flow,49,49,0,-25,None
1,BC,bus0_p_port.flow,50,50,0,-26,None
1,BC,bus0_p_port.flow,51,51,0,-28,None
1,BC,bus0_p_port.flow,52,52,0,-32,None
1,BC,bus0_p_port.flow,53,53,0,-38,None
1,BC,bus0_p_port.flow,54,54,0,-44,None
1,BC,bus0_p_port.flow,55,55,0,-50,None
1,BC,bus0_p_port.flow,56,56,0,-56,None
1,BC,bus0_p_port.flow,57,57,0,-62,None
1,BC,bus0_p_port.flow,58,58,0,-68,None
1,BC,bus0_p_port.flow,59,59,0,-72,None
1,BC,bus0_p_port.flow,60,60,0,-74,None
1,BC,bus0_p_port.flow,61,61,0,-75,None
1,BC,bus0_p_port.flow,62,62,0,-74,None
1,BC,bus0_p_port.flow,63,63,0,-72,None
1,BC,bus0_p_port.flow,64,64,0,-68,None
1,BC,bus0_p_port.flow,65,65,0,-62,None
1,BC,bus0_p_port.flow,66,66,0,-56,None
1,BC,bus0_p_port.flow,67,67,0,-50,None
1,BC,bus0_p_port.flow,68,68,0,-44,None
1,BC,bus0_p_port.flow,69,69,0,-38,None
1,BC,bus0_p_port.flow,70,70,0,-32,None
1,BC,bus0_p_port.flow,71,71,0,-28,None
1,BC,bus0_p_port.flow,72,72,0,-26,None
1,BC,bus0_p_port.flow,73,73,0,-25,None
1,BC,bus0_p_port.flow,74,74,0,-26,None
1,BC,bus0_p_port.flow,75,75,0,-28,None
1,BC,bus0_p_port.flow,76,76,0,-32,None
1,BC,bus0_p_port.flow,77,77,0,-38,None
1,BC,bus0_p_port.flow,78,78,0,-44,None
1,BC,bus0_p_port.flow,79,79,0,-50,None
1,BC,bus0_p_port.flow,80,80,0,-56,None
1,BC,bus0_p_port.flow,81,81,0,-62,None
1,BC,bus0_p_port.flow,82,82,0,-68,None
1,BC,bus0_p_port.flow,83,83,0,-72,None
1,BC,bus0_p_port.flow,84,84,0,-74,None
1,BC,bus0_p_port.flow,85,85,0,-75,None
1,BC,bus0_p_port.flow,86,86,0,-74,None
1,BC,bus0_p_port.flow,87,87,0,-72,None
1,BC,bus0_p_port.flow,88,88,0,-68,None
1,BC,bus0_p_port.flow,89,89,0,-62,None
1,BC,bus0_p_port.flow,90,90,0,-56,None
1,BC,bus0_p_port.flow,91,91,0,-50,None
1,BC,bus0_p_port.flow,92,92,0,-44,None
1,BC,bus0_p_port.flow,93,93,0,-38,None
1,BC,bus0_p_port.flow,94,94,0,-32,None
1,BC,bus0_p_port.flow,95,95,0,-28,None
1,BC,bus0_p_port.flow,96,96,0,-26,None
1,BC,bus0_p_port.flow,97,97,0,-25,None
1,BC,bus0_p_port.flow,98,98,0,-26,None
1,BC,bus0_p_port.flow,99,99,0,-28,None
1,BC,bus0_p_port.flow,100,100,0,-32,None
1,BC,bus0_p_port.flow,101,101,0,-38,None
1,BC,bus0_p_port.flow,102,102,0,-44,None
1,BC,bus0_p_port.flow,103,103,0,-50,None
1,BC,bus0_p_port.flow,104,104,0,-56,None
1,BC,bus0_p_port.flow,105,105,0,-62,None
1,BC,bus0_p_port.flow,106,106,0,-68,None
1,BC,bus0_p_port.flow,107,107,0,-72,None
1,BC,bus0_p_port.flow,108,108,0,-74,None
1,BC,bus0_p_port.flow,109,109,0,-75,None
1,BC,bus0_p_port.flow,110,110,0,-74,None
1,BC,bus0_p_port.flow,111,111,0,-72,None
1,BC,bus0_p_port.flow,112,112,0,-68,None
1,BC,bus0_p_port.flow,113,113,0,-62,None
1,BC,bus0_p_port.flow,114,114,0,-56,None
1,BC,bus0_p_port.flow,115,115,0,-50,None
1,BC,bus0_p_port.flow,116,116,0,-44,None
1,BC,bus0_p_port.flow,117,117,0,-38,None
1,BC,bus0_p_port.flow,118,118,0,-32,None
1,BC,bus0_p_port.flow,119,119,0,-28,None
1,BC,bus0_p_port.flow,120,120,0,-26,None
1,BC,bus0_p_port.flow,121,121,0,-15,None
1,BC,bus0_p_port.flow,122,122,0,-16,None
1,BC,bus0_p_port.flow,123,123,0,-18,None
1,BC,bus0_p_port.flow,124,124,0,-22,None
1,BC,bus0_p_port.flow,125,125,0,-28,None
1,BC,bus0_p_port.flow,126,126,0,-34,None
1,BC,bus0_p_port.flow,127,127,0,-40,None
1,BC,bus0_p_port.flow,128,128,0,-46,None
1,BC,bus0_p_port.flow,129,129,0,-52,None
1,BC,bus0_p_port.flow,130,130,0,-58,None
1,BC,bus0_p_port.flow,131,131,0,-62,None
1,BC,bus0_p_port.flow,132,132,0,-64,None
1,BC,bus0_p_port.flow,133,133,0,-65,None
1,BC,bus0_p_port.flow,134,134,0,-64,None
1,BC,bus0_p_port.flow,135,135,0,-62,None
1,BC,bus0_p_port.flow,136,136,0,-58,None
1,BC,bus0_p_port.flow,137,137,0,-52,None
1,BC,bus0_p_port.flow,138,138,0,-46,None
1,BC,bus0_p_port.flow,139,139,0,-40,None
1,BC,bus0_p_port.flow,140,140,0,-34,None
1,BC,bus0_p_port.flow,141,141,0,-28,None
1,BC,bus0_p_port.flow,142,142,0,-22,None
1,BC,bus0_p_port.flow,143,143,0,-18,None
1,BC,bus0_p_port.flow,144,144,0,-16,None
1,BC,bus0_p_port.flow,145,145,0,-15,None
1,BC,bus0_p_port.flow,146,146,0,-16,None
1,BC,bus0_p_port.flow,147,147,0,-18,None
1,BC,bus0_p_port.flow,148,148,0,-22,None
1,BC,bus0_p_port.flow,149,149,0,-28,None
1,BC,bus0_p_port.flow,150,150,0,-34,None
1,BC,bus0_p_port.flow,151,151,0,-40,None
1,BC,bus0_p_port.flow,152,152,0,-46,None
1,BC,bus0_p_port.flow,153,153,0,-52,None
1,BC,bus0_p_port.flow,154,154,0,-58,None
1,BC,bus0_p_port.flow,155,155,0,-62,None
1,BC,bus0_p_port.flow,156,156,0,-64,None
1,BC,bus0_p_port.flow,157,157,0,-65,None
1,BC,bus0_p_port.flow,158,158,0,-64,None
1,BC,bus0_p_port.flow,159,159,0,-62,None
1,BC,bus0_p_port.flow,160,160,0,-58,None
1,BC,bus0_p_port.flow,161,161,0,-52,None
1,BC,bus0_p_port.flow,162,162,0,-46,None
1,BC,bus0_p_port.flow,163,163,0,-40,None
1,BC,bus0_p_port.flow,164,164,0,-34,None
1,BC,bus0_p_port.flow,165,165,0,-28,None
1,BC,bus0_p_port.flow,166,166,0,-22,None
1,BC,bus0_p_port.flow,167,167,0,-18,None
1,BC,bus0_p_port.flow,168,168,0,-16,None
1,None,OBJECTIVE_VALUE,None,None,0,158400,None
