block,component,output,absolute_time_index,block_time_index,scenario_index,value,basis_status
1,A,theta,1,1,0,0,Free
1,A,theta,2,2,0,0,Free
1,A,theta,3,3,0,0,Free
1,A,theta,4,4,0,0,Free
1,A,theta,5,5,0,0,Free
1,A,theta,6,6,0,0,Free
1,A,theta,7,7,0,0,Free
1,A,theta,8,8,0,0,Free
1,A,theta,9,9,0,0,Free
1,A,theta,10,10,0,0,Free
1,A,theta,11,11,0,0,Free
1,A,theta,12,12,0,0,Free
1,A,theta,13,13,0,0,Free
1,A,theta,14,14,0,0,Free
1,A,theta,15,15,0,0,Free
1,A,theta,16,16,0,0,Free
1,A,theta,17,17,0,0,Free
1,A,theta,18,18,0,0,Free
1,A,theta,19,19,0,0,Free
1,A,theta,20,20,0,0,Free
1,A,theta,21,21,0,0,Free
1,A,theta,22,22,0,0,Free
1,A,theta,23,23,0,0,Free
1,A,theta,24,24,0,0,Free
1,A,theta,25,25,0,0,Free
1,A,theta,26,26,0,0,Free
1,A,theta,27,27,0,0,Free
1,A,theta,28,28,0,0,Free
1,A,theta,29,29,0,0,Free
1,A,theta,30,30,0,0,Free
1,A,theta,31,31,0,0,Free
1,A,theta,32,32,0,0,Free
1,A,theta,33,33,0,0,Free
1,A,theta,34,34,0,0,Free
1,A,theta,35,35,0,0,Free
1,A,theta,36,36,0,0,Free
1,A,theta,37,37,0,0,Free
1,A,theta,38,38,0,0,Free
1,A,theta,39,39,0,0,Free
1,A,theta,40,40,0,0,Free
1,A,theta,41,41,0,0,Free
1,A,theta,42,42,0,0,Free
1,A,theta,43,43,0,0,Free
1,A,theta,44,44,0,0,Free
1,A,theta,45,45,0,0,Free
1,A,theta,46,46,0,0,Free
1,A,theta,47,47,0,0,Free
1,A,theta,48,48,0,0,Free
1,A,theta,49,49,0,0,Free
1,A,theta,50,50,0,0,Free
1,A,theta,51,51,0,0,Free
1,A,theta,52,52,0,0,Free
1,A,theta,53,53,0,0,Free
1,A,theta,54,54,0,0,Free
1,A,theta,55,55,0,0,Free
1,A,theta,56,56,0,0,Free
1,A,theta,57,57,0,0,Free
1,A,theta,58,58,0,0,Free
1,A,theta,59,59,0,0,Free
1,A,theta,60,60,0,0,Free
1,A,theta,61,61,0,0,Free
1,A,theta,62,62,0,0,Free
1,A,theta,63,63,0,0,Free
1,A,theta,64,64,0,0,Free
1,A,theta,65,65,0,0,Free
1,A,theta,66,66,0,0,Free
1,A,theta,67,67,0,0,Free
1,A,theta,68,68,0,0,Free
1,A,theta,69,69,0,0,Free
1,A,theta,70,70,0,0,Free
1,A,theta,71,71,0,0,Free
1,A,theta,72,72,0,0,Free
1,A,theta,73,73,0,0,Free
1,A,theta,74,74,0,0,Free
1,A,theta,75,75,0,0,Free
1,A,theta,76,76,0,0,Free
1,A,theta,77,77,0,0,Free
1,A,theta,78,78,0,0,Free
1,A,theta,79,79,0,0,Free
1,A,theta,80,80,0,0,Free
1,A,theta,81,81,0,0,Free
1,A,theta,82,82,0,0,Free
1,A,theta,83,83,0,0,Free
1,A,theta,84,84,0,0,Free
1,A,theta,85,85,0,0,Free
1,A,theta,86,86,0,0,Free
1,A,theta,87,87,0,0,Free
1,A,theta,88,88,0,0,Free
1,A,theta,89,89,0,0,Free
1,A,theta,90,90,0,0,Free
1,A,theta,91,91,0,0,Free
1,A,theta,92,92,0,0,Free
1,A,theta,93,93,0,0,Free
1,A,theta,94,94,0,0,Free
1,A,theta,95,95,0,0,Free
1,A,theta,96,96,0,0,Free
1,A,theta,97,97,0,0,Free
1,A,theta,98,98,0,0,Free
1,A,theta,99,99,0,0,Free
1,A,theta,100,100,0,0,Free
1,A,theta,101,101,0,0,Free
1,A,theta,102,102,0,0,Free
1,A,theta,103,103,0,0,Free
1,A,theta,104,104,0,0,Free
1,A,theta,105,105,0,0,Free
1,A,theta,106,106,0,0,Free
1,A,theta,107,107,0,0,Free
1,A,theta,108,108,0,0,Free
1,A,theta,109,109,0,0,Free
1,A,theta,110,110,0,0,Free
1,A,theta,111,111,0,0,Free
1,A,theta,112,112,0,0,Free
1,A,theta,113,113,0,0,Free
1,A,theta,114,114,0,0,Free
1,A,theta,115,115,0,0,Free
1,A,theta,116,116,0,0,Free
1,A,theta,117,117,0,0,Free
1,A,theta,118,118,0,0,Free
1,A,theta,119,119,0,0,Free
1,A,theta,120,120,0,0,Free
1,A,theta,121,121,0,0,Free
1,A,theta,122,122,0,0,Free
1,A,theta,123,123,0,0,Free
1,A,theta,124,124,0,0,Free
1,A,theta,125,125,0,0,Free
1,A,theta,126,126,0,0,Free
1,A,theta,127,127,0,0,Free
1,A,theta,128,128,0,0,Free
1,A,theta,129,129,0,0,Free
1,A,theta,130,130,0,0,Free
1,A,theta,131,131,0,0,Free
1,A,theta,132,132,0,0,Free
1,A,theta,133,133,0,0,Free
1,A,theta,134,134,0,0,Free
1,A,theta,135,135,0,0,Free
1,A,theta,136,136,0,0,Free
1,A,theta,137,137,0,0,Free
1,A,theta,138,138,0,0,Free
1,A,theta,139,139,0,0,Free
1,A,theta,140,140,0,0,Free
1,A,theta,141,141,0,0,Free
1,A,theta,142,142,0,0,Free
1,A,theta,143,143,0,0,Free
1,A,theta,144,144,0,0,Free
1,A,theta,145,145,0,0,Free
1,A,theta,146,146,0,0,Free
1,A,theta,147,147,0,0,Free
1,A,theta,148,148,0,0,Free
1,A,theta,149,149,0,0,Free
1,A,theta,150,150,0,0,Free
1,A,theta,151,151,0,0,Free
1,A,theta,152,152,0,0,Free
1,A,theta,153,153,0,0,Free
1,A,theta,154,154,0,0,Free
1,A,theta,155,155,0,0,Free
1,A,theta,156,156,0,0,Free
1,A,theta,157,157,0,0,Free
1,A,theta,158,158,0,0,Free
1,A,theta,159,159,0,0,Free
1,A,theta,160,160,0,0,Free
1,A,theta,161,161,0,0,Free
1,A,theta,162,162,0,0,Free
1,A,theta,163,163,0,0,Free
1,A,theta,164,164,0,0,Free
1,A,theta,165,165,0,0,Free
1,A,theta,166,166,0,0,Free
1,A,theta,167,167,0,0,Free
1,A,theta,168,168,0,0,Free
1,A,p_balance,1,1,0,None,Fixed value
1,A,p_balance,2,2,0,None,Fixed value
1,A,p_balance,3,3,0,None,Fixed value
1,A,p_balance,4,4,0,None,Fixed value
1,A,p_balance,5,5,0,None,Fixed value
1,A,p_balance,6,6,0,None,Fixed value
1,A,p_balance,7,7,0,None,Fixed value
1,A,p_balance,8,8,0,None,Fixed value
1,A,p_balance,9,9,0,None,Fixed value
1,A,p_balance,10,10,0,None,Fixed value
1,A,p_balance,11,11,0,None,Fixed value
1,A,p_balance,12,12,0,None,Fixed value
1,A,p_balance,13,13,0,None,Fixed value
1,A,p_balance,14,14,0,None,Fixed value
1,A,p_balance,15,15,0,None,Fixed value
1,A,p_balance,16,16,0,None,Fixed value
1,A,p_balance,17,17,0,None,Fixed value
1,A,p_balance,18,18,0,None,Fixed value
1,A,p_balance,19,19,0,None,Fixed value
1,A,p_balance,20,20,0,None,Fixed value
1,A,p_balance,21,21,0,None,Fixed value
1,A,p_balance,22,22,0,None,Fixed value
1,A,p_balance,23,23,0,None,Fixed value
1,A,p_balance,24,24,0,None,Fixed value
1,A,p_balance,25,25,0,None,Fixed value
1,A,p_balance,26,26,0,None,Fixed value
1,A,p_balance,27,27,0,None,Fixed value
1,A,p_balance,28,28,0,None,Fixed value
1,A,p_balance,29,29,0,None,Fixed value
1,A,p_balance,30,30,0,None,Fixed value
1,A,p_balance,31,31,0,None,Fixed value
1,A,p_balance,32,32,0,None,Fixed value
1,A,p_balance,33,33,0,None,Fixed value
1,A,p_balance,34,34,0,None,Fixed value
1,A,p_balance,35,35,0,None,Fixed value
1,A,p_balance,36,36,0,None,Fixed value
1,A,p_balance,37,37,0,None,Fixed value
1,A,p_balance,38,38,0,None,Fixed value
1,A,p_balance,39,39,0,None,Fixed value
1,A,p_balance,40,40,0,None,Fixed value
1,A,p_balance,41,41,0,None,Fixed value
1,A,p_balance,42,42,0,None,Fixed value
1,A,p_balance,43,43,0,None,Fixed value
1,A,p_balance,44,44,0,None,Fixed value
1,A,p_balance,45,45,0,None,Fixed value
1,A,p_balance,46,46,0,None,Fixed value
1,A,p_balance,47,47,0,None,Fixed value
1,A,p_balance,48,48,0,None,Fixed value
1,A,p_balance,49,49,0,None,Fixed value
1,A,p_balance,50,50,0,None,Fixed value
1,A,p_balance,51,51,0,None,Fixed value
1,A,p_balance,52,52,0,None,Fixed value
1,A,p_balance,53,53,0,None,Fixed value
1,A,p_balance,54,54,0,None,Fixed value
1,A,p_balance,55,55,0,None,Fixed value
1,A,p_balance,56,56,0,None,Fixed value
1,A,p_balance,57,57,0,None,Fixed value
1,A,p_balance,58,58,0,None,Fixed value
1,A,p_balance,59,59,0,None,Fixed value
1,A,p_balance,60,60,0,None,Fixed value
1,A,p_balance,61,61,0,None,Fixed value
1,A,p_balance,62,62,0,None,Fixed value
1,A,p_balance,63,63,0,None,Fixed value
1,A,p_balance,64,64,0,None,Fixed value
1,A,p_balance,65,65,0,None,Fixed value
1,A,p_balance,66,66,0,None,Fixed value
1,A,p_balance,67,67,0,None,Fixed value
1,A,p_balance,68,68,0,None,Fixed value
1,A,p_balance,69,69,0,None,Fixed value
1,A,p_balance,70,70,0,None,Fixed value
1,A,p_balance,71,71,0,None,Fixed value
1,A,p_balance,72,72,0,None,Fixed value
1,A,p_balance,73,73,0,None,Fixed value
1,A,p_balance,74,74,0,None,Fixed value
1,A,p_balance,75,75,0,None,Fixed value
1,A,p_balance,76,76,0,None,Fixed value
1,A,p_balance,77,77,0,None,Fixed value
1,A,p_balance,78,78,0,None,Fixed value
1,A,p_balance,79,79,0,None,Fixed value
1,A,p_balance,80,80,0,None,Fixed value
1,A,p_balance,81,81,0,None,Fixed value
1,A,p_balance,82,82,0,None,Fixed value
1,A,p_balance,83,83,0,None,Fixed value
1,A,p_balance,84,84,0,None,Fixed value
1,A,p_balance,85,85,0,None,Fixed value
1,A,p_balance,86,86,0,None,Fixed value
1,A,p_balance,87,87,0,None,Fixed value
1,A,p_balance,88,88,0,None,Fixed value
1,A,p_balance,89,89,0,None,Fixed value
1,A,p_balance,90,90,0,None,Fixed value
1,A,p_balance,91,91,0,None,Fixed value
1,A,p_balance,92,92,0,None,Fixed value
1,A,p_balance,93,93,0,None,Fixed value
1,A,p_balance,94,94,0,None,Fixed value
1,A,p_balance,95,95,0,None,Fixed value
1,A,p_balance,96,96,0,None,Fixed value
1,A,p_balance,97,97,0,None,Fixed value
1,A,p_balance,98,98,0,None,Fixed value
1,A,p_balance,99,99,0,None,Fixed value
1,A,p_balance,100,100,0,None,Fixed value
1,A,p_balance,101,101,0,None,Fixed value
1,A,p_balance,102,102,0,None,Fixed value
1,A,p_balance,103,103,0,None,Fixed value
1,A,p_balance,104,104,0,None,Fixed value
1,A,p_balance,105,105,0,None,Fixed value
1,A,p_balance,106,106,0,None,Fixed value
1,A,p_balance,107,107,0,None,Fixed value
1,A,p_balance,108,108,0,None,Fixed value
1,A,p_balance,109,109,0,None,Fixed value
1,A,p_balance,110,110,0,None,Fixed value
1,A,p_balance,111,111,0,None,Fixed value
1,A,p_balance,112,112,0,None,Fixed value
1,A,p_balance,113,113,0,None,Fixed value
1,A,p_balance,114,114,0,None,Fixed value
1,A,p_balance,115,115,0,None,Fixed value
1,A,p_balance,116,116,0,None,Fixed value
1,A,p_balance,117,117,0,None,Fixed value
1,A,p_balance,118,118,0,None,Fixed value
1,A,p_balance,119,119,0,None,Fixed value
1,A,p_balance,120,120,0,None,Fixed value
1,A,p_balance,121,121,0,None,Fixed value
1,A,p_balance,122,122,0,None,Fixed value
1,A,p_balance,123,123,0,None,Fixed value
1,A,p_balance,124,124,0,None,Fixed value
1,A,p_balance,125,125,0,None,Fixed value
1,A,p_balance,126,126,0,None,Fixed value
1,A,p_balance,127,127,0,None,Fixed value
1,A,p_balance,128,128,0,None,Fixed value
1,A,p_balance,129,129,0,None,Fixed value
1,A,p_balance,130,130,0,None,Fixed value
1,A,p_balance,131,131,0,None,Fixed value
1,A,p_balance,132,132,0,None,Fixed value
1,A,p_balance,133,133,0,None,Fixed value
1,A,p_balance,134,134,0,None,Fixed value
1,A,p_balance,135,135,0,None,Fixed value
1,A,p_balance,136,136,0,None,Fixed value
1,A,p_balance,137,137,0,None,Fixed value
1,A,p_balance,138,138,0,None,Fixed value
1,A,p_balance,139,139,0,None,Fixed value
1,A,p_balance,140,140,0,None,Fixed value
1,A,p_balance,141,141,0,None,Fixed value
1,A,p_balance,142,142,0,None,Fixed value
1,A,p_balance,143,143,0,None,Fixed value
1,A,p_balance,144,144,0,None,Fixed value
1,A,p_balance,145,145,0,None,Fixed value
1,A,p_balance,146,146,0,None,Fixed value
1,A,p_balance,147,147,0,None,Fixed value
1,A,p_balance,148,148,0,None,Fixed value
1,A,p_balance,149,149,0,None,Fixed value
1,A,p_balance,150,150,0,None,Fixed value
1,A,p_balance,151,151,0,None,Fixed value
1,A,p_balance,152,152,0,None,Fixed value
1,A,p_balance,153,153,0,None,Fixed value
1,A,p_balance,154,154,0,None,Fixed value
1,A,p_balance,155,155,0,None,Fixed value
1,A,p_balance,156,156,0,None,Fixed value
1,A,p_balance,157,157,0,None,Fixed value
1,A,p_balance,158,158,0,None,Fixed value
1,A,p_balance,159,159,0,None,Fixed value
1,A,p_balance,160,160,0,None,Fixed value
1,A,p_balance,161,161,0,None,Fixed value
1,A,p_balance,162,162,0,None,Fixed value
1,A,p_balance,163,163,0,None,Fixed value
1,A,p_balance,164,164,0,None,Fixed value
1,A,p_balance,165,165,0,None,Fixed value
1,A,p_balance,166,166,0,None,Fixed value
1,A,p_balance,167,167,0,None,Fixed value
1,A,p_balance,168,168,0,None,Fixed value
1,A,q_balance,None,None,None,None,Basic
1,A,theta_port.theta,1,1,0,0,None
1,A,theta_port.theta,2,2,0,0,None
1,A,theta_port.theta,3,3,0,0,None
1,A,theta_port.theta,4,4,0,0,None
1,A,theta_port.theta,5,5,0,0,None
1,A,theta_port.theta,6,6,0,0,None
1,A,theta_port.theta,7,7,0,0,None
1,A,theta_port.theta,8,8,0,0,None
1,A,theta_port.theta,9,9,0,0,None
1,A,theta_port.theta,10,10,0,0,None
1,A,theta_port.theta,11,11,0,0,None
1,A,theta_port.theta,12,12,0,0,None
1,A,theta_port.theta,13,13,0,0,None
1,A,theta_port.theta,14,14,0,0,None
1,A,theta_port.theta,15,15,0,0,None
1,A,theta_port.theta,16,16,0,0,None
1,A,theta_port.theta,17,17,0,0,None
1,A,theta_port.theta,18,18,0,0,None
1,A,theta_port.theta,19,19,0,0,None
1,A,theta_port.theta,20,20,0,0,None
1,A,theta_port.theta,21,21,0,0,None
1,A,theta_port.theta,22,22,0,0,None
1,A,theta_port.theta,23,23,0,0,None
1,A,theta_port.theta,24,24,0,0,None
1,A,theta_port.theta,25,25,0,0,None
1,A,theta_port.theta,26,26,0,0,None
1,A,theta_port.theta,27,27,0,0,None
1,A,theta_port.theta,28,28,0,0,None
1,A,theta_port.theta,29,29,0,0,None
1,A,theta_port.theta,30,30,0,0,None
1,A,theta_port.theta,31,31,0,0,None
1,A,theta_port.theta,32,32,0,0,None
1,A,theta_port.theta,33,33,0,0,None
1,A,theta_port.theta,34,34,0,0,None
1,A,theta_port.theta,35,35,0,0,None
1,A,theta_port.theta,36,36,0,0,None
1,A,theta_port.theta,37,37,0,0,None
1,A,theta_port.theta,38,38,0,0,None
1,A,theta_port.theta,39,39,0,0,None
1,A,theta_port.theta,40,40,0,0,None
1,A,theta_port.theta,41,41,0,0,None
1,A,theta_port.theta,42,42,0,0,None
1,A,theta_port.theta,43,43,0,0,None
1,A,theta_port.theta,44,44,0,0,None
1,A,theta_port.theta,45,45,0,0,None
1,A,theta_port.theta,46,46,0,0,None
1,A,theta_port.theta,47,47,0,0,None
1,A,theta_port.theta,48,48,0,0,None
1,A,theta_port.theta,49,49,0,0,None
1,A,theta_port.theta,50,50,0,0,None
1,A,theta_port.theta,51,51,0,0,None
1,A,theta_port.theta,52,52,0,0,None
1,A,theta_port.theta,53,53,0,0,None
1,A,theta_port.theta,54,54,0,0,None
1,A,theta_port.theta,55,55,0,0,None
1,A,theta_port.theta,56,56,0,0,None
1,A,theta_port.theta,57,57,0,0,None
1,A,theta_port.theta,58,58,0,0,None
1,A,theta_port.theta,59,59,0,0,None
1,A,theta_port.theta,60,60,0,0,None
1,A,theta_port.theta,61,61,0,0,None
1,A,theta_port.theta,62,62,0,0,None
1,A,theta_port.theta,63,63,0,0,None
1,A,theta_port.theta,64,64,0,0,None
1,A,theta_port.theta,65,65,0,0,None
1,A,theta_port.theta,66,66,0,0,None
1,A,theta_port.theta,67,67,0,0,None
1,A,theta_port.theta,68,68,0,0,None
1,A,theta_port.theta,69,69,0,0,None
1,A,theta_port.theta,70,70,0,0,None
1,A,theta_port.theta,71,71,0,0,None
1,A,theta_port.theta,72,72,0,0,None
1,A,theta_port.theta,73,73,0,0,None
1,A,theta_port.theta,74,74,0,0,None
1,A,theta_port.theta,75,75,0,0,None
1,A,theta_port.theta,76,76,0,0,None
1,A,theta_port.theta,77,77,0,0,None
1,A,theta_port.theta,78,78,0,0,None
1,A,theta_port.theta,79,79,0,0,None
1,A,theta_port.theta,80,80,0,0,None
1,A,theta_port.theta,81,81,0,0,None
1,A,theta_port.theta,82,82,0,0,None
1,A,theta_port.theta,83,83,0,0,None
1,A,theta_port.theta,84,84,0,0,None
1,A,theta_port.theta,85,85,0,0,None
1,A,theta_port.theta,86,86,0,0,None
1,A,theta_port.theta,87,87,0,0,None
1,A,theta_port.theta,88,88,0,0,None
1,A,theta_port.theta,89,89,0,0,None
1,A,theta_port.theta,90,90,0,0,None
1,A,theta_port.theta,91,91,0,0,None
1,A,theta_port.theta,92,92,0,0,None
1,A,theta_port.theta,93,93,0,0,None
1,A,theta_port.theta,94,94,0,0,None
1,A,theta_port.theta,95,95,0,0,None
1,A,theta_port.theta,96,96,0,0,None
1,A,theta_port.theta,97,97,0,0,None
1,A,theta_port.theta,98,98,0,0,None
1,A,theta_port.theta,99,99,0,0,None
1,A,theta_port.theta,100,100,0,0,None
1,A,theta_port.theta,101,101,0,0,None
1,A,theta_port.theta,102,102,0,0,None
1,A,theta_port.theta,103,103,0,0,None
1,A,theta_port.theta,104,104,0,0,None
1,A,theta_port.theta,105,105,0,0,None
1,A,theta_port.theta,106,106,0,0,None
1,A,theta_port.theta,107,107,0,0,None
1,A,theta_port.theta,108,108,0,0,None
1,A,theta_port.theta,109,109,0,0,None
1,A,theta_port.theta,110,110,0,0,None
1,A,theta_port.theta,111,111,0,0,None
1,A,theta_port.theta,112,112,0,0,None
1,A,theta_port.theta,113,113,0,0,None
1,A,theta_port.theta,114,114,0,0,None
1,A,theta_port.theta,115,115,0,0,None
1,A,theta_port.theta,116,116,0,0,None
1,A,theta_port.theta,117,117,0,0,None
1,A,theta_port.theta,118,118,0,0,None
1,A,theta_port.theta,119,119,0,0,None
1,A,theta_port.theta,120,120,0,0,None
1,A,theta_port.theta,121,121,0,0,None
1,A,theta_port.theta,122,122,0,0,None
1,A,theta_port.theta,123,123,0,0,None
1,A,theta_port.theta,124,124,0,0,None
1,A,theta_port.theta,125,125,0,0,None
1,A,theta_port.theta,126,126,0,0,None
1,A,theta_port.theta,127,127,0,0,None
1,A,theta_port.theta,128,128,0,0,None
1,A,theta_port.theta,129,129,0,0,None
1,A,theta_port.theta,130,130,0,0,None
1,A,theta_port.theta,131,131,0,0,None
1,A,theta_port.theta,132,132,0,0,None
1,A,theta_port.theta,133,133,0,0,None
1,A,theta_port.theta,134,134,0,0,None
1,A,theta_port.theta,135,135,0,0,None
1,A,theta_port.theta,136,136,0,0,None
1,A,theta_port.theta,137,137,0,0,None
1,A,theta_port.theta,138,138,0,0,None
1,A,theta_port.theta,139,139,0,0,None
1,A,theta_port.theta,140,140,0,0,None
1,A,theta_port.theta,141,141,0,0,None
1,A,theta_port.theta,142,142,0,0,None
1,A,theta_port.theta,143,143,0,0,None
1,A,theta_port.theta,144,144,0,0,None
1,A,theta_port.theta,145,145,0,0,None
1,A,theta_port.theta,146,146,0,0,None
1,A,theta_port.theta,147,147,0,0,None
1,A,theta_port.theta,148,148,0,0,None
1,A,theta_port.theta,149,149,0,0,None
1,A,theta_port.theta,150,150,0,0,None
1,A,theta_port.theta,151,151,0,0,None
1,A,theta_port.theta,152,152,0,0,None
1,A,theta_port.theta,153,153,0,0,None
1,A,theta_port.theta,154,154,0,0,None
1,A,theta_port.theta,155,155,0,0,None
1,A,theta_port.theta,156,156,0,0,None
1,A,theta_port.theta,157,157,0,0,None
1,A,theta_port.theta,158,158,0,0,None
1,A,theta_port.theta,159,159,0,0,None
1,A,theta_port.theta,160,160,0,0,None
1,A,theta_port.theta,161,161,0,0,None
1,A,theta_port.theta,162,162,0,0,None
1,A,theta_port.theta,163,163,0,0,None
1,A,theta_port.theta,164,164,0,0,None
1,A,theta_port.theta,165,165,0,0,None
1,A,theta_port.theta,166,166,0,0,None
1,A,theta_port.theta,167,167,0,0,None
1,A,theta_port.theta,168,168,0,0,None
1,B,theta,1,1,0,0,Free
1,B,theta,2,2,0,0,Free
1,B,theta,3,3,0,0,Free
1,B,theta,4,4,0,0,Free
1,B,theta,5,5,0,0,Free
1,B,theta,6,6,0,0,Free
1,B,theta,7,7,0,0,Free
1,B,theta,8,8,0,0,Free
1,B,theta,9,9,0,0,Free
1,B,theta,10,10,0,0,Free
1,B,theta,11,11,0,0,Free
1,B,theta,12,12,0,0,Free
1,B,theta,13,13,0,0,Free
1,B,theta,14,14,0,0,Free
1,B,theta,15,15,0,0,Free
1,B,theta,16,16,0,0,Free
1,B,theta,17,17,0,0,Free
1,B,theta,18,18,0,0,Free
1,B,theta,19,19,0,0,Free
1,B,theta,20,20,0,0,Free
1,B,theta,21,21,0,0,Free
1,B,theta,22,22,0,0,Free
1,B,theta,23,23,0,0,Free
1,B,theta,24,24,0,0,Free
1,B,theta,25,25,0,0,Free
1,B,theta,26,26,0,0,Free
1,B,theta,27,27,0,0,Free
1,B,theta,28,28,0,0,Free
1,B,theta,29,29,0,0,Free
1,B,theta,30,30,0,0,Free
1,B,theta,31,31,0,0,Free
1,B,theta,32,32,0,0,Free
1,B,theta,33,33,0,0,Free
1,B,theta,34,34,0,0,Free
1,B,theta,35,35,0,0,Free
1,B,theta,36,36,0,0,Free
1,B,theta,37,37,0,0,Free
1,B,theta,38,38,0,0,Free
1,B,theta,39,39,0,0,Free
1,B,theta,40,40,0,0,Free
1,B,theta,41,41,0,0,Free
1,B,theta,42,42,0,0,Free
1,B,theta,43,43,0,0,Free
1,B,theta,44,44,0,0,Free
1,B,theta,45,45,0,0,Free
1,B,theta,46,46,0,0,Free
1,B,theta,47,47,0,0,Free
1,B,theta,48,48,0,0,Free
1,B,theta,49,49,0,0,Free
1,B,theta,50,50,0,0,Free
1,B,theta,51,51,0,0,Free
1,B,theta,52,52,0,0,Free
1,B,theta,53,53,0,0,Free
1,B,theta,54,54,0,0,Free
1,B,theta,55,55,0,0,Free
1,B,theta,56,56,0,0,Free
1,B,theta,57,57,0,0,Free
1,B,theta,58,58,0,0,Free
1,B,theta,59,59,0,0,Free
1,B,theta,60,60,0,0,Free
1,B,theta,61,61,0,0,Free
1,B,theta,62,62,0,0,Free
1,B,theta,63,63,0,0,Free
1,B,theta,64,64,0,0,Free
1,B,theta,65,65,0,0,Free
1,B,theta,66,66,0,0,Free
1,B,theta,67,67,0,0,Free
1,B,theta,68,68,0,0,Free
1,B,theta,69,69,0,0,Free
1,B,theta,70,70,0,0,Free
1,B,theta,71,71,0,0,Free
1,B,theta,72,72,0,0,Free
1,B,theta,73,73,0,0,Free
1,B,theta,74,74,0,0,Free
1,B,theta,75,75,0,0,Free
1,B,theta,76,76,0,0,Free
1,B,theta,77,77,0,0,Free
1,B,theta,78,78,0,0,Free
1,B,theta,79,79,0,0,Free
1,B,theta,80,80,0,0,Free
1,B,theta,81,81,0,0,Free
1,B,theta,82,82,0,0,Free
1,B,theta,83,83,0,0,Free
1,B,theta,84,84,0,0,Free
1,B,theta,85,85,0,0,Free
1,B,theta,86,86,0,0,Free
1,B,theta,87,87,0,0,Free
1,B,theta,88,88,0,0,Free
1,B,theta,89,89,0,0,Free
1,B,theta,90,90,0,0,Free
1,B,theta,91,91,0,0,Free
1,B,theta,92,92,0,0,Free
1,B,theta,93,93,0,0,Free
1,B,theta,94,94,0,0,Free
1,B,theta,95,95,0,0,Free
1,B,theta,96,96,0,0,Free
1,B,theta,97,97,0,0,Free
1,B,theta,98,98,0,0,Free
1,B,theta,99,99,0,0,Free
1,B,theta,100,100,0,0,Free
1,B,theta,101,101,0,0,Free
1,B,theta,102,102,0,0,Free
1,B,theta,103,103,0,0,Free
1,B,theta,104,104,0,0,Free
1,B,theta,105,105,0,0,Free
1,B,theta,106,106,0,0,Free
1,B,theta,107,107,0,0,Free
1,B,theta,108,108,0,0,Free
1,B,theta,109,109,0,0,Free
1,B,theta,110,110,0,0,Free
1,B,theta,111,111,0,0,Free
1,B,theta,112,112,0,0,Free
1,B,theta,113,113,0,0,Free
1,B,theta,114,114,0,0,Free
1,B,theta,115,115,0,0,Free
1,B,theta,116,116,0,0,Free
1,B,theta,117,117,0,0,Free
1,B,theta,118,118,0,0,Free
1,B,theta,119,119,0,0,Free
1,B,theta,120,120,0,0,Free
1,B,theta,121,121,0,0,Free
1,B,theta,122,122,0,0,Free
1,B,theta,123,123,0,0,Free
1,B,theta,124,124,0,0,Free
1,B,theta,125,125,0,0,Free
1,B,theta,126,126,0,0,Free
1,B,theta,127,127,0,0,Free
1,B,theta,128,128,0,0,Free
1,B,theta,129,129,0,0,Free
1,B,theta,130,130,0,0,Free
1,B,theta,131,131,0,0,Free
1,B,theta,132,132,0,0,Free
1,B,theta,133,133,0,0,Free
1,B,theta,134,134,0,0,Free
1,B,theta,135,135,0,0,Free
1,B,theta,136,136,0,0,Free
1,B,theta,137,137,0,0,Free
1,B,theta,138,138,0,0,Free
1,B,theta,139,139,0,0,Free
1,B,theta,140,140,0,0,Free
1,B,theta,141,141,0,0,Free
1,B,theta,142,142,0,0,Free
1,B,theta,143,143,0,0,Free
1,B,theta,144,144,0,0,Free
1,B,theta,145,145,0,0,Free
1,B,theta,146,146,0,0,Free
1,B,theta,147,147,0,0,Free
1,B,theta,148,148,0,0,Free
1,B,theta,149,149,0,0,Free
1,B,theta,150,150,0,0,Free
1,B,theta,151,151,0,0,Free
1,B,theta,152,152,0,0,Free
1,B,theta,153,153,0,0,Free
1,B,theta,154,154,0,0,Free
1,B,theta,155,155,0,0,Free
1,B,theta,156,156,0,0,Free
1,B,theta,157,157,0,0,Free
1,B,theta,158,158,0,0,Free
1,B,theta,159,159,0,0,Free
1,B,theta,160,160,0,0,Free
1,B,theta,161,161,0,0,Free
1,B,theta,162,162,0,0,Free
1,B,theta,163,163,0,0,Free
1,B,theta,164,164,0,0,Free
1,B,theta,165,165,0,0,Free
1,B,theta,166,166,0,0,Free
1,B,theta,167,167,0,0,Free
1,B,theta,168,168,0,0,Free
1,B,p_balance,1,1,0,None,Fixed value
1,B,p_balance,2,2,0,None,Fixed value
1,B,p_balance,3,3,0,None,Fixed value
1,B,p_balance,4,4,0,None,Fixed value
1,B,p_balance,5,5,0,None,Fixed value
1,B,p_balance,6,6,0,None,Fixed value
1,B,p_balance,7,7,0,None,Fixed value
1,B,p_balance,8,8,0,None,Fixed value
1,B,p_balance,9,9,0,None,Fixed value
1,B,p_balance,10,10,0,None,Fixed value
1,B,p_balance,11,11,0,None,Fixed value
1,B,p_balance,12,12,0,None,Fixed value
1,B,p_balance,13,13,0,None,Fixed value
1,B,p_balance,14,14,0,None,Fixed value
1,B,p_balance,15,15,0,None,Fixed value
1,B,p_balance,16,16,0,None,Fixed value
1,B,p_balance,17,17,0,None,Fixed value
1,B,p_balance,18,18,0,None,Fixed value
1,B,p_balance,19,19,0,None,Fixed value
1,B,p_balance,20,20,0,None,Fixed value
1,B,p_balance,21,21,0,None,Fixed value
1,B,p_balance,22,22,0,None,Fixed value
1,B,p_balance,23,23,0,None,Fixed value
1,B,p_balance,24,24,0,None,Fixed value
1,B,p_balance,25,25,0,None,Fixed value
1,B,p_balance,26,26,0,None,Fixed value
1,B,p_balance,27,27,0,None,Fixed value
1,B,p_balance,28,28,0,None,Fixed value
1,B,p_balance,29,29,0,None,Fixed value
1,B,p_balance,30,30,0,None,Fixed value
1,B,p_balance,31,31,0,None,Fixed value
1,B,p_balance,32,32,0,None,Fixed value
1,B,p_balance,33,33,0,None,Fixed value
1,B,p_balance,34,34,0,None,Fixed value
1,B,p_balance,35,35,0,None,Fixed value
1,B,p_balance,36,36,0,None,Fixed value
1,B,p_balance,37,37,0,None,Fixed value
1,B,p_balance,38,38,0,None,Fixed value
1,B,p_balance,39,39,0,None,Fixed value
1,B,p_balance,40,40,0,None,Fixed value
1,B,p_balance,41,41,0,None,Fixed value
1,B,p_balance,42,42,0,None,Fixed value
1,B,p_balance,43,43,0,None,Fixed value
1,B,p_balance,44,44,0,None,Fixed value
1,B,p_balance,45,45,0,None,Fixed value
1,B,p_balance,46,46,0,None,Fixed value
1,B,p_balance,47,47,0,None,Fixed value
1,B,p_balance,48,48,0,None,Fixed value
1,B,p_balance,49,49,0,None,Fixed value
1,B,p_balance,50,50,0,None,Fixed value
1,B,p_balance,51,51,0,None,Fixed value
1,B,p_balance,52,52,0,None,Fixed value
1,B,p_balance,53,53,0,None,Fixed value
1,B,p_balance,54,54,0,None,Fixed value
1,B,p_balance,55,55,0,None,Fixed value
1,B,p_balance,56,56,0,None,Fixed value
1,B,p_balance,57,57,0,None,Fixed value
1,B,p_balance,58,58,0,None,Fixed value
1,B,p_balance,59,59,0,None,Fixed value
1,B,p_balance,60,60,0,None,Fixed value
1,B,p_balance,61,61,0,None,Fixed value
1,B,p_balance,62,62,0,None,Fixed value
1,B,p_balance,63,63,0,None,Fixed value
1,B,p_balance,64,64,0,None,Fixed value
1,B,p_balance,65,65,0,None,Fixed value
1,B,p_balance,66,66,0,None,Fixed value
1,B,p_balance,67,67,0,None,Fixed value
1,B,p_balance,68,68,0,None,Fixed value
1,B,p_balance,69,69,0,None,Fixed value
1,B,p_balance,70,70,0,None,Fixed value
1,B,p_balance,71,71,0,None,Fixed value
1,B,p_balance,72,72,0,None,Fixed value
1,B,p_balance,73,73,0,None,Fixed value
1,B,p_balance,74,74,0,None,Fixed value
1,B,p_balance,75,75,0,None,Fixed value
1,B,p_balance,76,76,0,None,Fixed value
1,B,p_balance,77,77,0,None,Fixed value
1,B,p_balance,78,78,0,None,Fixed value
1,B,p_balance,79,79,0,None,Fixed value
1,B,p_balance,80,80,0,None,Fixed value
1,B,p_balance,81,81,0,None,Fixed value
1,B,p_balance,82,82,0,None,Fixed value
1,B,p_balance,83,83,0,None,Fixed value
1,B,p_balance,84,84,0,None,Fixed value
1,B,p_balance,85,85,0,None,Fixed value
1,B,p_balance,86,86,0,None,Fixed value
1,B,p_balance,87,87,0,None,Fixed value
1,B,p_balance,88,88,0,None,Fixed value
1,B,p_balance,89,89,0,None,Fixed value
1,B,p_balance,90,90,0,None,Fixed value
1,B,p_balance,91,91,0,None,Fixed value
1,B,p_balance,92,92,0,None,Fixed value
1,B,p_balance,93,93,0,None,Fixed value
1,B,p_balance,94,94,0,None,Fixed value
1,B,p_balance,95,95,0,None,Fixed value
1,B,p_balance,96,96,0,None,Fixed value
1,B,p_balance,97,97,0,None,Fixed value
1,B,p_balance,98,98,0,None,Fixed value
1,B,p_balance,99,99,0,None,Fixed value
1,B,p_balance,100,100,0,None,Fixed value
1,B,p_balance,101,101,0,None,Fixed value
1,B,p_balance,102,102,0,None,Fixed value
1,B,p_balance,103,103,0,None,Fixed value
1,B,p_balance,104,104,0,None,Fixed value
1,B,p_balance,105,105,0,None,Fixed value
1,B,p_balance,106,106,0,None,Fixed value
1,B,p_balance,107,107,0,None,Fixed value
1,B,p_balance,108,108,0,None,Fixed value
1,B,p_balance,109,109,0,None,Fixed value
1,B,p_balance,110,110,0,None,Fixed value
1,B,p_balance,111,111,0,None,Fixed value
1,B,p_balance,112,112,0,None,Fixed value
1,B,p_balance,113,113,0,None,Fixed value
1,B,p_balance,114,114,0,None,Fixed value
1,B,p_balance,115,115,0,None,Fixed value
1,B,p_balance,116,116,0,None,Fixed value
1,B,p_balance,117,117,0,None,Fixed value
1,B,p_balance,118,118,0,None,Fixed value
1,B,p_balance,119,119,0,None,Fixed value
1,B,p_balance,120,120,0,None,Fixed value
1,B,p_balance,121,121,0,None,Fixed value
1,B,p_balance,122,122,0,None,Fixed value
1,B,p_balance,123,123,0,None,Fixed value
1,B,p_balance,124,124,0,None,Fixed value
1,B,p_balance,125,125,0,None,Fixed value
1,B,p_balance,126,126,0,None,Fixed value
1,B,p_balance,127,127,0,None,Fixed value
1,B,p_balance,128,128,0,None,Fixed value
1,B,p_balance,129,129,0,None,Fixed value
1,B,p_balance,130,130,0,None,Fixed value
1,B,p_balance,131,131,0,None,Fixed value
1,B,p_balance,132,132,0,None,Fixed value
1,B,p_balance,133,133,0,None,Fixed value
1,B,p_balance,134,134,0,None,Fixed value
1,B,p_balance,135,135,0,None,Fixed value
1,B,p_balance,136,136,0,None,Fixed value
1,B,p_balance,137,137,0,None,Fixed value
1,B,p_balance,138,138,0,None,Fixed value
1,B,p_balance,139,139,0,None,Fixed value
1,B,p_balance,140,140,0,None,Fixed value
1,B,p_balance,141,141,0,None,Fixed value
1,B,p_balance,142,142,0,None,Fixed value
1,B,p_balance,143,143,0,None,Fixed value
1,B,p_balance,144,144,0,None,Fixed value
1,B,p_balance,145,145,0,None,Fixed value
1,B,p_balance,146,146,0,None,Fixed value
1,B,p_balance,147,147,0,None,Fixed value
1,B,p_balance,148,148,0,None,Fixed value
1,B,p_balance,149,149,0,None,Fixed value
1,B,p_balance,150,150,0,None,Fixed value
1,B,p_balance,151,151,0,None,Fixed value
1,B,p_balance,152,152,0,None,Fixed value
1,B,p_balance,153,153,0,None,Fixed value
1,B,p_balance,154,154,0,None,Fixed value
1,B,p_balance,155,155,0,None,Fixed value
1,B,p_balance,156,156,0,None,Fixed value
1,B,p_balance,157,157,0,None,Fixed value
1,B,p_balance,158,158,0,None,Fixed value
1,B,p_balance,159,159,0,None,Fixed value
1,B,p_balance,160,160,0,None,Fixed value
1,B,p_balance,161,161,0,None,Fixed value
1,B,p_balance,162,162,0,None,Fixed value
1,B,p_balance,163,163,0,None,Fixed value
1,B,p_balance,164,164,0,None,Fixed value
1,B,p_balance,165,165,0,None,Fixed value
1,B,p_balance,166,166,0,None,Fixed value
1,B,p_balance,167,167,0,None,Fixed value
1,B,p_balance,168,168,0,None,Fixed value
1,B,q_balance,None,None,None,None,Basic
1,B,theta_port.theta,1,1,0,0,None
1,B,theta_port.theta,2,2,0,0,None
1,B,theta_port.theta,3,3,0,0,None
1,B,theta_port.theta,4,4,0,0,None
1,B,theta_port.theta,5,5,0,0,None
1,B,theta_port.theta,6,6,0,0,None
1,B,theta_port.theta,7,7,0,0,None
1,B,theta_port.theta,8,8,0,0,None
1,B,theta_port.theta,9,9,0,0,None
1,B,theta_port.theta,10,10,0,0,None
1,B,theta_port.theta,11,11,0,0,None
1,B,theta_port.theta,12,12,0,0,None
1,B,theta_port.theta,13,13,0,0,None
1,B,theta_port.theta,14,14,0,0,None
1,B,theta_port.theta,15,15,0,0,None
1,B,theta_port.theta,16,16,0,0,None
1,B,theta_port.theta,17,17,0,0,None
1,B,theta_port.theta,18,18,0,0,None
1,B,theta_port.theta,19,19,0,0,None
1,B,theta_port.theta,20,20,0,0,None
1,B,theta_port.theta,21,21,0,0,None
1,B,theta_port.theta,22,22,0,0,None
1,B,theta_port.theta,23,23,0,0,None
1,B,theta_port.theta,24,24,0,0,None
1,B,theta_port.theta,25,25,0,0,None
1,B,theta_port.theta,26,26,0,0,None
1,B,theta_port.theta,27,27,0,0,None
1,B,theta_port.theta,28,28,0,0,None
1,B,theta_port.theta,29,29,0,0,None
1,B,theta_port.theta,30,30,0,0,None
1,B,theta_port.theta,31,31,0,0,None
1,B,theta_port.theta,32,32,0,0,None
1,B,theta_port.theta,33,33,0,0,None
1,B,theta_port.theta,34,34,0,0,None
1,B,theta_port.theta,35,35,0,0,None
1,B,theta_port.theta,36,36,0,0,None
1,B,theta_port.theta,37,37,0,0,None
1,B,theta_port.theta,38,38,0,0,None
1,B,theta_port.theta,39,39,0,0,None
1,B,theta_port.theta,40,40,0,0,None
1,B,theta_port.theta,41,41,0,0,None
1,B,theta_port.theta,42,42,0,0,None
1,B,theta_port.theta,43,43,0,0,None
1,B,theta_port.theta,44,44,0,0,None
1,B,theta_port.theta,45,45,0,0,None
1,B,theta_port.theta,46,46,0,0,None
1,B,theta_port.theta,47,47,0,0,None
1,B,theta_port.theta,48,48,0,0,None
1,B,theta_port.theta,49,49,0,0,None
1,B,theta_port.theta,50,50,0,0,None
1,B,theta_port.theta,51,51,0,0,None
1,B,theta_port.theta,52,52,0,0,None
1,B,theta_port.theta,53,53,0,0,None
1,B,theta_port.theta,54,54,0,0,None
1,B,theta_port.theta,55,55,0,0,None
1,B,theta_port.theta,56,56,0,0,None
1,B,theta_port.theta,57,57,0,0,None
1,B,theta_port.theta,58,58,0,0,None
1,B,theta_port.theta,59,59,0,0,None
1,B,theta_port.theta,60,60,0,0,None
1,B,theta_port.theta,61,61,0,0,None
1,B,theta_port.theta,62,62,0,0,None
1,B,theta_port.theta,63,63,0,0,None
1,B,theta_port.theta,64,64,0,0,None
1,B,theta_port.theta,65,65,0,0,None
1,B,theta_port.theta,66,66,0,0,None
1,B,theta_port.theta,67,67,0,0,None
1,B,theta_port.theta,68,68,0,0,None
1,B,theta_port.theta,69,69,0,0,None
1,B,theta_port.theta,70,70,0,0,None
1,B,theta_port.theta,71,71,0,0,None
1,B,theta_port.theta,72,72,0,0,None
1,B,theta_port.theta,73,73,0,0,None
1,B,theta_port.theta,74,74,0,0,None
1,B,theta_port.theta,75,75,0,0,None
1,B,theta_port.theta,76,76,0,0,None
1,B,theta_port.theta,77,77,0,0,None
1,B,theta_port.theta,78,78,0,0,None
1,B,theta_port.theta,79,79,0,0,None
1,B,theta_port.theta,80,80,0,0,None
1,B,theta_port.theta,81,81,0,0,None
1,B,theta_port.theta,82,82,0,0,None
1,B,theta_port.theta,83,83,0,0,None
1,B,theta_port.theta,84,84,0,0,None
1,B,theta_port.theta,85,85,0,0,None
1,B,theta_port.theta,86,86,0,0,None
1,B,theta_port.theta,87,87,0,0,None
1,B,theta_port.theta,88,88,0,0,None
1,B,theta_port.theta,89,89,0,0,None
1,B,theta_port.theta,90,90,0,0,None
1,B,theta_port.theta,91,91,0,0,None
1,B,theta_port.theta,92,92,0,0,None
1,B,theta_port.theta,93,93,0,0,None
1,B,theta_port.theta,94,94,0,0,None
1,B,theta_port.theta,95,95,0,0,None
1,B,theta_port.theta,96,96,0,0,None
1,B,theta_port.theta,97,97,0,0,None
1,B,theta_port.theta,98,98,0,0,None
1,B,theta_port.theta,99,99,0,0,None
1,B,theta_port.theta,100,100,0,0,None
1,B,theta_port.theta,101,101,0,0,None
1,B,theta_port.theta,102,102,0,0,None
1,B,theta_port.theta,103,103,0,0,None
1,B,theta_port.theta,104,104,0,0,None
1,B,theta_port.theta,105,105,0,0,None
1,B,theta_port.theta,106,106,0,0,None
1,B,theta_port.theta,107,107,0,0,None
1,B,theta_port.theta,108,108,0,0,None
1,B,theta_port.theta,109,109,0,0,None
1,B,theta_port.theta,110,110,0,0,None
1,B,theta_port.theta,111,111,0,0,None
1,B,theta_port.theta,112,112,0,0,None
1,B,theta_port.theta,113,113,0,0,None
1,B,theta_port.theta,114,114,0,0,None
1,B,theta_port.theta,115,115,0,0,None
1,B,theta_port.theta,116,116,0,0,None
1,B,theta_port.theta,117,117,0,0,None
1,B,theta_port.theta,118,118,0,0,None
1,B,theta_port.theta,119,119,0,0,None
1,B,theta_port.theta,120,120,0,0,None
1,B,theta_port.theta,121,121,0,0,None
1,B,theta_port.theta,122,122,0,0,None
1,B,theta_port.theta,123,123,0,0,None
1,B,theta_port.theta,124,124,0,0,None
1,B,theta_port.theta,125,125,0,0,None
1,B,theta_port.theta,126,126,0,0,None
1,B,theta_port.theta,127,127,0,0,None
1,B,theta_port.theta,128,128,0,0,None
1,B,theta_port.theta,129,129,0,0,None
1,B,theta_port.theta,130,130,0,0,None
1,B,theta_port.theta,131,131,0,0,None
1,B,theta_port.theta,132,132,0,0,None
1,B,theta_port.theta,133,133,0,0,None
1,B,theta_port.theta,134,134,0,0,None
1,B,theta_port.theta,135,135,0,0,None
1,B,theta_port.theta,136,136,0,0,None
1,B,theta_port.theta,137,137,0,0,None
1,B,theta_port.theta,138,138,0,0,None
1,B,theta_port.theta,139,139,0,0,None
1,B,theta_port.theta,140,140,0,0,None
1,B,theta_port.theta,141,141,0,0,None
1,B,theta_port.theta,142,142,0,0,None
1,B,theta_port.theta,143,143,0,0,None
1,B,theta_port.theta,144,144,0,0,None
1,B,theta_port.theta,145,145,0,0,None
1,B,theta_port.theta,146,146,0,0,None
1,B,theta_port.theta,147,147,0,0,None
1,B,theta_port.theta,148,148,0,0,None
1,B,theta_port.theta,149,149,0,0,None
1,B,theta_port.theta,150,150,0,0,None
1,B,theta_port.theta,151,151,0,0,None
1,B,theta_port.theta,152,152,0,0,None
1,B,theta_port.theta,153,153,0,0,None
1,B,theta_port.theta,154,154,0,0,None
1,B,theta_port.theta,155,155,0,0,None
1,B,theta_port.theta,156,156,0,0,None
1,B,theta_port.theta,157,157,0,0,None
1,B,theta_port.theta,158,158,0,0,None
1,B,theta_port.theta,159,159,0,0,None
1,B,theta_port.theta,160,160,0,0,None
1,B,theta_port.theta,161,161,0,0,None
1,B,theta_port.theta,162,162,0,0,None
1,B,theta_port.theta,163,163,0,0,None
1,B,theta_port.theta,164,164,0,0,None
1,B,theta_port.theta,165,165,0,0,None
1,B,theta_port.theta,166,166,0,0,None
1,B,theta_port.theta,167,167,0,0,None
1,B,theta_port.theta,168,168,0,0,None
1,C,theta,1,1,0,0,Free
1,C,theta,2,2,0,0,Free
1,C,theta,3,3,0,0,Free
1,C,theta,4,4,0,0,Free
1,C,theta,5,5,0,0,Free
1,C,theta,6,6,0,0,Free
1,C,theta,7,7,0,0,Free
1,C,theta,8,8,0,0,Free
1,C,theta,9,9,0,0,Free
1,C,theta,10,10,0,0,Free
1,C,theta,11,11,0,0,Free
1,C,theta,12,12,0,0,Free
1,C,theta,13,13,0,0,Free
1,C,theta,14,14,0,0,Free
1,C,theta,15,15,0,0,Free
1,C,theta,16,16,0,0,Free
1,C,theta,17,17,0,0,Free
1,C,theta,18,18,0,0,Free
1,C,theta,19,19,0,0,Free
1,C,theta,20,20,0,0,Free
1,C,theta,21,21,0,0,Free
1,C,theta,22,22,0,0,Free
1,C,theta,23,23,0,0,Free
1,C,theta,24,24,0,0,Free
1,C,theta,25,25,0,0,Free
1,C,theta,26,26,0,0,Free
1,C,theta,27,27,0,0,Free
1,C,theta,28,28,0,0,Free
1,C,theta,29,29,0,0,Free
1,C,theta,30,30,0,0,Free
1,C,theta,31,31,0,0,Free
1,C,theta,32,32,0,0,Free
1,C,theta,33,33,0,0,Free
1,C,theta,34,34,0,0,Free
1,C,theta,35,35,0,0,Free
1,C,theta,36,36,0,0,Free
1,C,theta,37,37,0,0,Free
1,C,theta,38,38,0,0,Free
1,C,theta,39,39,0,0,Free
1,C,theta,40,40,0,0,Free
1,C,theta,41,41,0,0,Free
1,C,theta,42,42,0,0,Free
1,C,theta,43,43,0,0,Free
1,C,theta,44,44,0,0,Free
1,C,theta,45,45,0,0,Free
1,C,theta,46,46,0,0,Free
1,C,theta,47,47,0,0,Free
1,C,theta,48,48,0,0,Free
1,C,theta,49,49,0,0,Free
1,C,theta,50,50,0,0,Free
1,C,theta,51,51,0,0,Free
1,C,theta,52,52,0,0,Free
1,C,theta,53,53,0,0,Free
1,C,theta,54,54,0,0,Free
1,C,theta,55,55,0,0,Free
1,C,theta,56,56,0,0,Free
1,C,theta,57,57,0,0,Free
1,C,theta,58,58,0,0,Free
1,C,theta,59,59,0,0,Free
1,C,theta,60,60,0,0,Free
1,C,theta,61,61,0,0,Free
1,C,theta,62,62,0,0,Free
1,C,theta,63,63,0,0,Free
1,C,theta,64,64,0,0,Free
1,C,theta,65,65,0,0,Free
1,C,theta,66,66,0,0,Free
1,C,theta,67,67,0,0,Free
1,C,theta,68,68,0,0,Free
1,C,theta,69,69,0,0,Free
1,C,theta,70,70,0,0,Free
1,C,theta,71,71,0,0,Free
1,C,theta,72,72,0,0,Free
1,C,theta,73,73,0,0,Free
1,C,theta,74,74,0,0,Free
1,C,theta,75,75,0,0,Free
1,C,theta,76,76,0,0,Free
1,C,theta,77,77,0,0,Free
1,C,theta,78,78,0,0,Free
1,C,theta,79,79,0,0,Free
1,C,theta,80,80,0,0,Free
1,C,theta,81,81,0,0,Free
1,C,theta,82,82,0,0,Free
1,C,theta,83,83,0,0,Free
1,C,theta,84,84,0,0,Free
1,C,theta,85,85,0,0,Free
1,C,theta,86,86,0,0,Free
1,C,theta,87,87,0,0,Free
1,C,theta,88,88,0,0,Free
1,C,theta,89,89,0,0,Free
1,C,theta,90,90,0,0,Free
1,C,theta,91,91,0,0,Free
1,C,theta,92,92,0,0,Free
1,C,theta,93,93,0,0,Free
1,C,theta,94,94,0,0,Free
1,C,theta,95,95,0,0,Free
1,C,theta,96,96,0,0,Free
1,C,theta,97,97,0,0,Free
1,C,theta,98,98,0,0,Free
1,C,theta,99,99,0,0,Free
1,C,theta,100,100,0,0,Free
1,C,theta,101,101,0,0,Free
1,C,theta,102,102,0,0,Free
1,C,theta,103,103,0,0,Free
1,C,theta,104,104,0,0,Free
1,C,theta,105,105,0,0,Free
1,C,theta,106,106,0,0,Free
1,C,theta,107,107,0,0,Free
1,C,theta,108,108,0,0,Free
1,C,theta,109,109,0,0,Free
1,C,theta,110,110,0,0,Free
1,C,theta,111,111,0,0,Free
1,C,theta,112,112,0,0,Free
1,C,theta,113,113,0,0,Free
1,C,theta,114,114,0,0,Free
1,C,theta,115,115,0,0,Free
1,C,theta,116,116,0,0,Free
1,C,theta,117,117,0,0,Free
1,C,theta,118,118,0,0,Free
1,C,theta,119,119,0,0,Free
1,C,theta,120,120,0,0,Free
1,C,theta,121,121,0,0,Free
1,C,theta,122,122,0,0,Free
1,C,theta,123,123,0,0,Free
1,C,theta,124,124,0,0,Free
1,C,theta,125,125,0,0,Free
1,C,theta,126,126,0,0,Free
1,C,theta,127,127,0,0,Free
1,C,theta,128,128,0,0,Free
1,C,theta,129,129,0,0,Free
1,C,theta,130,130,0,0,Free
1,C,theta,131,131,0,0,Free
1,C,theta,132,132,0,0,Free
1,C,theta,133,133,0,0,Free
1,C,theta,134,134,0,0,Free
1,C,theta,135,135,0,0,Free
1,C,theta,136,136,0,0,Free
1,C,theta,137,137,0,0,Free
1,C,theta,138,138,0,0,Free
1,C,theta,139,139,0,0,Free
1,C,theta,140,140,0,0,Free
1,C,theta,141,141,0,0,Free
1,C,theta,142,142,0,0,Free
1,C,theta,143,143,0,0,Free
1,C,theta,144,144,0,0,Free
1,C,theta,145,145,0,0,Free
1,C,theta,146,146,0,0,Free
1,C,theta,147,147,0,0,Free
1,C,theta,148,148,0,0,Free
1,C,theta,149,149,0,0,Free
1,C,theta,150,150,0,0,Free
1,C,theta,151,151,0,0,Free
1,C,theta,152,152,0,0,Free
1,C,theta,153,153,0,0,Free
1,C,theta,154,154,0,0,Free
1,C,theta,155,155,0,0,Free
1,C,theta,156,156,0,0,Free
1,C,theta,157,157,0,0,Free
1,C,theta,158,158,0,0,Free
1,C,theta,159,159,0,0,Free
1,C,theta,160,160,0,0,Free
1,C,theta,161,161,0,0,Free
1,C,theta,162,162,0,0,Free
1,C,theta,163,163,0,0,Free
1,C,theta,164,164,0,0,Free
1,C,theta,165,165,0,0,Free
1,C,theta,166,166,0,0,Free
1,C,theta,167,167,0,0,Free
1,C,theta,168,168,0,0,Free
1,C,p_balance,1,1,0,None,Fixed value
1,C,p_balance,2,2,0,None,Fixed value
1,C,p_balance,3,3,0,None,Fixed value
1,C,p_balance,4,4,0,None,Fixed value
1,C,p_balance,5,5,0,None,Fixed value
1,C,p_balance,6,6,0,None,Fixed value
1,C,p_balance,7,7,0,None,Fixed value
1,C,p_balance,8,8,0,None,Fixed value
1,C,p_balance,9,9,0,None,Fixed value
1,C,p_balance,10,10,0,None,Fixed value
1,C,p_balance,11,11,0,None,Fixed value
1,C,p_balance,12,12,0,None,Fixed value
1,C,p_balance,13,13,0,None,Fixed value
1,C,p_balance,14,14,0,None,Fixed value
1,C,p_balance,15,15,0,None,Fixed value
1,C,p_balance,16,16,0,None,Fixed value
1,C,p_balance,17,17,0,None,Fixed value
1,C,p_balance,18,18,0,None,Fixed value
1,C,p_balance,19,19,0,None,Fixed value
1,C,p_balance,20,20,0,None,Fixed value
1,C,p_balance,21,21,0,None,Fixed value
1,C,p_balance,22,22,0,None,Fixed value
1,C,p_balance,23,23,0,None,Fixed value
1,C,p_balance,24,24,0,None,Fixed value
1,C,p_balance,25,25,0,None,Fixed value
1,C,p_balance,26,26,0,None,Fixed value
1,C,p_balance,27,27,0,None,Fixed value
1,C,p_balance,28,28,0,None,Fixed value
1,C,p_balance,29,29,0,None,Fixed value
1,C,p_balance,30,30,0,None,Fixed value
1,C,p_balance,31,31,0,None,Fixed value
1,C,p_balance,32,32,0,None,Fixed value
1,C,p_balance,33,33,0,None,Fixed value
1,C,p_balance,34,34,0,None,Fixed value
1,C,p_balance,35,35,0,None,Fixed value
1,C,p_balance,36,36,0,None,Fixed value
1,C,p_balance,37,37,0,None,Fixed value
1,C,p_balance,38,38,0,None,Fixed value
1,C,p_balance,39,39,0,None,Fixed value
1,C,p_balance,40,40,0,None,Fixed value
1,C,p_balance,41,41,0,None,Fixed value
1,C,p_balance,42,42,0,None,Fixed value
1,C,p_balance,43,43,0,None,Fixed value
1,C,p_balance,44,44,0,None,Fixed value
1,C,p_balance,45,45,0,None,Fixed value
1,C,p_balance,46,46,0,None,Fixed value
1,C,p_balance,47,47,0,None,Fixed value
1,C,p_balance,48,48,0,None,Fixed value
1,C,p_balance,49,49,0,None,Fixed value
1,C,p_balance,50,50,0,None,Fixed value
1,C,p_balance,51,51,0,None,Fixed value
1,C,p_balance,52,52,0,None,Fixed value
1,C,p_balance,53,53,0,None,Fixed value
1,C,p_balance,54,54,0,None,Fixed value
1,C,p_balance,55,55,0,None,Fixed value
1,C,p_balance,56,56,0,None,Fixed value
1,C,p_balance,57,57,0,None,Fixed value
1,C,p_balance,58,58,0,None,Fixed value
1,C,p_balance,59,59,0,None,Fixed value
1,C,p_balance,60,60,0,None,Fixed value
1,C,p_balance,61,61,0,None,Fixed value
1,C,p_balance,62,62,0,None,Fixed value
1,C,p_balance,63,63,0,None,Fixed value
1,C,p_balance,64,64,0,None,Fixed value
1,C,p_balance,65,65,0,None,Fixed value
1,C,p_balance,66,66,0,None,Fixed value
1,C,p_balance,67,67,0,None,Fixed value
1,C,p_balance,68,68,0,None,Fixed value
1,C,p_balance,69,69,0,None,Fixed value
1,C,p_balance,70,70,0,None,Fixed value
1,C,p_balance,71,71,0,None,Fixed value
1,C,p_balance,72,72,0,None,Fixed value
1,C,p_balance,73,73,0,None,Fixed value
1,C,p_balance,74,74,0,None,Fixed value
1,C,p_balance,75,75,0,None,Fixed value
1,C,p_balance,76,76,0,None,Fixed value
1,C,p_balance,77,77,0,None,Fixed value
1,C,p_balance,78,78,0,None,Fixed value
1,C,p_balance,79,79,0,None,Fixed value
1,C,p_balance,80,80,0,None,Fixed value
1,C,p_balance,81,81,0,None,Fixed value
1,C,p_balance,82,82,0,None,Fixed value
1,C,p_balance,83,83,0,None,Fixed value
1,C,p_balance,84,84,0,None,Fixed value
1,C,p_balance,85,85,0,None,Fixed value
1,C,p_balance,86,86,0,None,Fixed value
1,C,p_balance,87,87,0,None,Fixed value
1,C,p_balance,88,88,0,None,Fixed value
1,C,p_balance,89,89,0,None,Fixed value
1,C,p_balance,90,90,0,None,Fixed value
1,C,p_balance,91,91,0,None,Fixed value
1,C,p_balance,92,92,0,None,Fixed value
1,C,p_balance,93,93,0,None,Fixed value
1,C,p_balance,94,94,0,None,Fixed value
1,C,p_balance,95,95,0,None,Fixed value
1,C,p_balance,96,96,0,None,Fixed value
1,C,p_balance,97,97,0,None,Fixed value
1,C,p_balance,98,98,0,None,Fixed value
1,C,p_balance,99,99,0,None,Fixed value
1,C,p_balance,100,100,0,None,Fixed value
1,C,p_balance,101,101,0,None,Fixed value
1,C,p_balance,102,102,0,None,Fixed value
1,C,p_balance,103,103,0,None,Fixed value
1,C,p_balance,104,104,0,None,Fixed value
1,C,p_balance,105,105,0,None,Fixed value
1,C,p_balance,106,106,0,None,Fixed value
1,C,p_balance,107,107,0,None,Fixed value
1,C,p_balance,108,108,0,None,Fixed value
1,C,p_balance,109,109,0,None,Fixed value
1,C,p_balance,110,110,0,None,Fixed value
1,C,p_balance,111,111,0,None,Fixed value
1,C,p_balance,112,112,0,None,Fixed value
1,C,p_balance,113,113,0,None,Fixed value
1,C,p_balance,114,114,0,None,Fixed value
1,C,p_balance,115,115,0,None,Fixed value
1,C,p_balance,116,116,0,None,Fixed value
1,C,p_balance,117,117,0,None,Fixed value
1,C,p_balance,118,118,0,None,Fixed value
1,C,p_balance,119,119,0,None,Fixed value
1,C,p_balance,120,120,0,None,Fixed value
1,C,p_balance,121,121,0,None,Fixed value
1,C,p_balance,122,122,0,None,Fixed value
1,C,p_balance,123,123,0,None,Fixed value
1,C,p_balance,124,124,0,None,Fixed value
1,C,p_balance,125,125,0,None,Fixed value
1,C,p_balance,126,126,0,None,Fixed value
1,C,p_balance,127,127,0,None,Fixed value
1,C,p_balance,128,128,0,None,Fixed value
1,C,p_balance,129,129,0,None,Fixed value
1,C,p_balance,130,130,0,None,Fixed value
1,C,p_balance,131,131,0,None,Fixed value
1,C,p_balance,132,132,0,None,Fixed value
1,C,p_balance,133,133,0,None,Fixed value
1,C,p_balance,134,134,0,None,Fixed value
1,C,p_balance,135,135,0,None,Fixed value
1,C,p_balance,136,136,0,None,Fixed value
1,C,p_balance,137,137,0,None,Fixed value
1,C,p_balance,138,138,0,None,Fixed value
1,C,p_balance,139,139,0,None,Fixed value
1,C,p_balance,140,140,0,None,Fixed value
1,C,p_balance,141,141,0,None,Fixed value
1,C,p_balance,142,142,0,None,Fixed value
1,C,p_balance,143,143,0,None,Fixed value
1,C,p_balance,144,144,0,None,Fixed value
1,C,p_balance,145,145,0,None,Fixed value
1,C,p_balance,146,146,0,None,Fixed value
1,C,p_balance,147,147,0,None,Fixed value
1,C,p_balance,148,148,0,None,Fixed value
1,C,p_balance,149,149,0,None,Fixed value
1,C,p_balance,150,150,0,None,Fixed value
1,C,p_balance,151,151,0,None,Fixed value
1,C,p_balance,152,152,0,None,Fixed value
1,C,p_balance,153,153,0,None,Fixed value
1,C,p_balance,154,154,0,None,Fixed value
1,C,p_balance,155,155,0,None,Fixed value
1,C,p_balance,156,156,0,None,Fixed value
1,C,p_balance,157,157,0,None,Fixed value
1,C,p_balance,158,158,0,None,Fixed value
1,C,p_balance,159,159,0,None,Fixed value
1,C,p_balance,160,160,0,None,Fixed value
1,C,p_balance,161,161,0,None,Fixed value
1,C,p_balance,162,162,0,None,Fixed value
1,C,p_balance,163,163,0,None,Fixed value
1,C,p_balance,164,164,0,None,Fixed value
1,C,p_balance,165,165,0,None,Fixed value
1,C,p_balance,166,166,0,None,Fixed value
1,C,p_balance,167,167,0,None,Fixed value
1,C,p_balance,168,168,0,None,Fixed value
1,C,q_balance,None,None,None,None,Basic
1,C,theta_port.theta,1,1,0,0,None
1,C,theta_port.theta,2,2,0,0,None
1,C,theta_port.theta,3,3,0,0,None
1,C,theta_port.theta,4,4,0,0,None
1,C,theta_port.theta,5,5,0,0,None
1,C,theta_port.theta,6,6,0,0,None
1,C,theta_port.theta,7,7,0,0,None
1,C,theta_port.theta,8,8,0,0,None
1,C,theta_port.theta,9,9,0,0,None
1,C,theta_port.theta,10,10,0,0,None
1,C,theta_port.theta,11,11,0,0,None
1,C,theta_port.theta,12,12,0,0,None
1,C,theta_port.theta,13,13,0,0,None
1,C,theta_port.theta,14,14,0,0,None
1,C,theta_port.theta,15,15,0,0,None
1,C,theta_port.theta,16,16,0,0,None
1,C,theta_port.theta,17,17,0,0,None
1,C,theta_port.theta,18,18,0,0,None
1,C,theta_port.theta,19,19,0,0,None
1,C,theta_port.theta,20,20,0,0,None
1,C,theta_port.theta,21,21,0,0,None
1,C,theta_port.theta,22,22,0,0,None
1,C,theta_port.theta,23,23,0,0,None
1,C,theta_port.theta,24,24,0,0,None
1,C,theta_port.theta,25,25,0,0,None
1,C,theta_port.theta,26,26,0,0,None
1,C,theta_port.theta,27,27,0,0,None
1,C,theta_port.theta,28,28,0,0,None
1,C,theta_port.theta,29,29,0,0,None
1,C,theta_port.theta,30,30,0,0,None
1,C,theta_port.theta,31,31,0,0,None
1,C,theta_port.theta,32,32,0,0,None
1,C,theta_port.theta,33,33,0,0,None
1,C,theta_port.theta,34,34,0,0,None
1,C,theta_port.theta,35,35,0,0,None
1,C,theta_port.theta,36,36,0,0,None
1,C,theta_port.theta,37,37,0,0,None
1,C,theta_port.theta,38,38,0,0,None
1,C,theta_port.theta,39,39,0,0,None
1,C,theta_port.theta,40,40,0,0,None
1,C,theta_port.theta,41,41,0,0,None
1,C,theta_port.theta,42,42,0,0,None
1,C,theta_port.theta,43,43,0,0,None
1,C,theta_port.theta,44,44,0,0,None
1,C,theta_port.theta,45,45,0,0,None
1,C,theta_port.theta,46,46,0,0,None
1,C,theta_port.theta,47,47,0,0,None
1,C,theta_port.theta,48,48,0,0,None
1,C,theta_port.theta,49,49,0,0,None
1,C,theta_port.theta,50,50,0,0,None
1,C,theta_port.theta,51,51,0,0,None
1,C,theta_port.theta,52,52,0,0,None
1,C,theta_port.theta,53,53,0,0,None
1,C,theta_port.theta,54,54,0,0,None
1,C,theta_port.theta,55,55,0,0,None
1,C,theta_port.theta,56,56,0,0,None
1,C,theta_port.theta,57,57,0,0,None
1,C,theta_port.theta,58,58,0,0,None
1,C,theta_port.theta,59,59,0,0,None
1,C,theta_port.theta,60,60,0,0,None
1,C,theta_port.theta,61,61,0,0,None
1,C,theta_port.theta,62,62,0,0,None
1,C,theta_port.theta,63,63,0,0,None
1,C,theta_port.theta,64,64,0,0,None
1,C,theta_port.theta,65,65,0,0,None
1,C,theta_port.theta,66,66,0,0,None
1,C,theta_port.theta,67,67,0,0,None
1,C,theta_port.theta,68,68,0,0,None
1,C,theta_port.theta,69,69,0,0,None
1,C,theta_port.theta,70,70,0,0,None
1,C,theta_port.theta,71,71,0,0,None
1,C,theta_port.theta,72,72,0,0,None
1,C,theta_port.theta,73,73,0,0,None
1,C,theta_port.theta,74,74,0,0,None
1,C,theta_port.theta,75,75,0,0,None
1,C,theta_port.theta,76,76,0,0,None
1,C,theta_port.theta,77,77,0,0,None
1,C,theta_port.theta,78,78,0,0,None
1,C,theta_port.theta,79,79,0,0,None
1,C,theta_port.theta,80,80,0,0,None
1,C,theta_port.theta,81,81,0,0,None
1,C,theta_port.theta,82,82,0,0,None
1,C,theta_port.theta,83,83,0,0,None
1,C,theta_port.theta,84,84,0,0,None
1,C,theta_port.theta,85,85,0,0,None
1,C,theta_port.theta,86,86,0,0,None
1,C,theta_port.theta,87,87,0,0,None
1,C,theta_port.theta,88,88,0,0,None
1,C,theta_port.theta,89,89,0,0,None
1,C,theta_port.theta,90,90,0,0,None
1,C,theta_port.theta,91,91,0,0,None
1,C,theta_port.theta,92,92,0,0,None
1,C,theta_port.theta,93,93,0,0,None
1,C,theta_port.theta,94,94,0,0,None
1,C,theta_port.theta,95,95,0,0,None
1,C,theta_port.theta,96,96,0,0,None
1,C,theta_port.theta,97,97,0,0,None
1,C,theta_port.theta,98,98,0,0,None
1,C,theta_port.theta,99,99,0,0,None
1,C,theta_port.theta,100,100,0,0,None
1,C,theta_port.theta,101,101,0,0,None
1,C,theta_port.theta,102,102,0,0,None
1,C,theta_port.theta,103,103,0,0,None
1,C,theta_port.theta,104,104,0,0,None
1,C,theta_port.theta,105,105,0,0,None
1,C,theta_port.theta,106,106,0,0,None
1,C,theta_port.theta,107,107,0,0,None
1,C,theta_port.theta,108,108,0,0,None
1,C,theta_port.theta,109,109,0,0,None
1,C,theta_port.theta,110,110,0,0,None
1,C,theta_port.theta,111,111,0,0,None
1,C,theta_port.theta,112,112,0,0,None
1,C,theta_port.theta,113,113,0,0,None
1,C,theta_port.theta,114,114,0,0,None
1,C,theta_port.theta,115,115,0,0,None
1,C,theta_port.theta,116,116,0,0,None
1,C,theta_port.theta,117,117,0,0,None
1,C,theta_port.theta,118,118,0,0,None
1,C,theta_port.theta,119,119,0,0,None
1,C,theta_port.theta,120,120,0,0,None
1,C,theta_port.theta,121,121,0,0,None
1,C,theta_port.theta,122,122,0,0,None
1,C,theta_port.theta,123,123,0,0,None
1,C,theta_port.theta,124,124,0,0,None
1,C,theta_port.theta,125,125,0,0,None
1,C,theta_port.theta,126,126,0,0,None
1,C,theta_port.theta,127,127,0,0,None
1,C,theta_port.theta,128,128,0,0,None
1,C,theta_port.theta,129,129,0,0,None
1,C,theta_port.theta,130,130,0,0,None
1,C,theta_port.theta,131,131,0,0,None
1,C,theta_port.theta,132,132,0,0,None
1,C,theta_port.theta,133,133,0,0,None
1,C,theta_port.theta,134,134,0,0,None
1,C,theta_port.theta,135,135,0,0,None
1,C,theta_port.theta,136,136,0,0,None
1,C,theta_port.theta,137,137,0,0,None
1,C,theta_port.theta,138,138,0,0,None
1,C,theta_port.theta,139,139,0,0,None
1,C,theta_port.theta,140,140,0,0,None
1,C,theta_port.theta,141,141,0,0,None
1,C,theta_port.theta,142,142,0,0,None
1,C,theta_port.theta,143,143,0,0,None
1,C,theta_port.theta,144,144,0,0,None
1,C,theta_port.theta,145,145,0,0,None
1,C,theta_port.theta,146,146,0,0,None
1,C,theta_port.theta,147,147,0,0,None
1,C,theta_port.theta,148,148,0,0,None
1,C,theta_port.theta,149,149,0,0,None
1,C,theta_port.theta,150,150,0,0,None
1,C,theta_port.theta,151,151,0,0,None
1,C,theta_port.theta,152,152,0,0,None
1,C,theta_port.theta,153,153,0,0,None
1,C,theta_port.theta,154,154,0,0,None
1,C,theta_port.theta,155,155,0,0,None
1,C,theta_port.theta,156,156,0,0,None
1,C,theta_port.theta,157,157,0,0,None
1,C,theta_port.theta,158,158,0,0,None
1,C,theta_port.theta,159,159,0,0,None
1,C,theta_port.theta,160,160,0,0,None
1,C,theta_port.theta,161,161,0,0,None
1,C,theta_port.theta,162,162,0,0,None
1,C,theta_port.theta,163,163,0,0,None
1,C,theta_port.theta,164,164,0,0,None
1,C,theta_port.theta,165,165,0,0,None
1,C,theta_port.theta,166,166,0,0,None
1,C,theta_port.theta,167,167,0,0,None
1,C,theta_port.theta,168,168,0,0,None
1,G_A,p_nom,None,None,None,200,Fixed value
1,G_A,p,1,1,0,50,Basic
1,G_A,p,2,2,0,52,Basic
1,G_A,p,3,3,0,57,Basic
1,G_A,p,4,4,0,65,Basic
1,G_A,p,5,5,0,75,Basic
1,G_A,p,6,6,0,87,Basic
1,G_A,p,7,7,0,100,Basic
1,G_A,p,8,8,0,113,Basic
1,G_A,p,9,9,0,125,Basic
1,G_A,p,10,10,0,135,Basic
1,G_A,p,11,11,0,143,Basic
1,G_A,p,12,12,0,148,Basic
1,G_A,p,13,13,0,150,Basic
1,G_A,p,14,14,0,148,Basic
1,G_A,p,15,15,0,143,Basic
1,G_A,p,16,16,0,135,Basic
1,G_A,p,17,17,0,125,Basic
1,G_A,p,18,18,0,113,Basic
1,G_A,p,19,19,0,100,Basic
1,G_A,p,20,20,0,87,Basic
1,G_A,p,21,21,0,75,Basic
1,G_A,p,22,22,0,65,Basic
1,G_A,p,23,23,0,57,Basic
1,G_A,p,24,24,0,52,Basic
1,G_A,p,25,25,0,50,Basic
1,G_A,p,26,26,0,52,Basic
1,G_A,p,27,27,0,57,Basic
1,G_A,p,28,28,0,65,Basic
1,G_A,p,29,29,0,75,Basic
1,G_A,p,30,30,0,87,Basic
1,G_A,p,31,31,0,100,Basic
1,G_A,p,32,32,0,113,Basic
1,G_A,p,33,33,0,125,Basic
1,G_A,p,34,34,0,135,Basic
1,G_A,p,35,35,0,143,Basic
1,G_A,p,36,36,0,148,Basic
1,G_A,p,37,37,0,150,Basic
1,G_A,p,38,38,0,148,Basic
1,G_A,p,39,39,0,143,Basic
1,G_A,p,40,40,0,135,Basic
1,G_A,p,41,41,0,125,Basic
1,G_A,p,42,42,0,113,Basic
1,G_A,p,43,43,0,100,Basic
1,G_A,p,44,44,0,87,Basic
1,G_A,p,45,45,0,75,Basic
1,G_A,p,46,46,0,65,Basic
1,G_A,p,47,47,0,57,Basic
1,G_A,p,48,48,0,52,Basic
1,G_A,p,49,49,0,50,Basic
1,G_A,p,50,50,0,52,Basic
1,G_A,p,51,51,0,57,Basic
1,G_A,p,52,52,0,65,Basic
1,G_A,p,53,53,0,75,Basic
1,G_A,p,54,54,0,87,Basic
1,G_A,p,55,55,0,100,Basic
1,G_A,p,56,56,0,113,Basic
1,G_A,p,57,57,0,125,Basic
1,G_A,p,58,58,0,135,Basic
1,G_A,p,59,59,0,143,Basic
1,G_A,p,60,60,0,148,Basic
1,G_A,p,61,61,0,150,Basic
1,G_A,p,62,62,0,148,Basic
1,G_A,p,63,63,0,143,Basic
1,G_A,p,64,64,0,135,Basic
1,G_A,p,65,65,0,125,Basic
1,G_A,p,66,66,0,113,Basic
1,G_A,p,67,67,0,100,Basic
1,G_A,p,68,68,0,87,Basic
1,G_A,p,69,69,0,75,Basic
1,G_A,p,70,70,0,65,Basic
1,G_A,p,71,71,0,57,Basic
1,G_A,p,72,72,0,52,Basic
1,G_A,p,73,73,0,50,Basic
1,G_A,p,74,74,0,52,Basic
1,G_A,p,75,75,0,57,Basic
1,G_A,p,76,76,0,65,Basic
1,G_A,p,77,77,0,75,Basic
1,G_A,p,78,78,0,87,Basic
1,G_A,p,79,79,0,100,Basic
1,G_A,p,80,80,0,113,Basic
1,G_A,p,81,81,0,125,Basic
1,G_A,p,82,82,0,135,Basic
1,G_A,p,83,83,0,143,Basic
1,G_A,p,84,84,0,148,Basic
1,G_A,p,85,85,0,150,Basic
1,G_A,p,86,86,0,148,Basic
1,G_A,p,87,87,0,143,Basic
1,G_A,p,88,88,0,135,Basic
1,G_A,p,89,89,0,125,Basic
1,G_A,p,90,90,0,113,Basic
1,G_A,p,91,91,0,100,Basic
1,G_A,p,92,92,0,87,Basic
1,G_A,p,93,93,0,75,Basic
1,G_A,p,94,94,0,65,Basic
1,G_A,p,95,95,0,57,Basic
1,G_A,p,96,96,0,52,Basic
1,G_A,p,97,97,0,50,Basic
1,G_A,p,98,98,0,52,Basic
1,G_A,p,99,99,0,57,Basic
1,G_A,p,100,100,0,65,Basic
1,G_A,p,101,101,0,75,Basic
1,G_A,p,102,102,0,87,Basic
1,G_A,p,103,103,0,100,Basic
1,G_A,p,104,104,0,113,Basic
1,G_A,p,105,105,0,125,Basic
1,G_A,p,106,106,0,135,Basic
1,G_A,p,107,107,0,143,Basic
1,G_A,p,108,108,0,148,Basic
1,G_A,p,109,109,0,150,Basic
1,G_A,p,110,110,0,148,Basic
1,G_A,p,111,111,0,143,Basic
1,G_A,p,112,112,0,135,Basic
1,G_A,p,113,113,0,125,Basic
1,G_A,p,114,114,0,113,Basic
1,G_A,p,115,115,0,100,Basic
1,G_A,p,116,116,0,87,Basic
1,G_A,p,117,117,0,75,Basic
1,G_A,p,118,118,0,65,Basic
1,G_A,p,119,119,0,57,Basic
1,G_A,p,120,120,0,52,Basic
1,G_A,p,121,121,0,30,Basic
1,G_A,p,122,122,0,32,Basic
1,G_A,p,123,123,0,37,Basic
1,G_A,p,124,124,0,45,Basic
1,G_A,p,125,125,0,55,Basic
1,G_A,p,126,126,0,67,Basic
1,G_A,p,127,127,0,80,Basic
1,G_A,p,128,128,0,93,Basic
1,G_A,p,129,129,0,105,Basic
1,G_A,p,130,130,0,115,Basic
1,G_A,p,131,131,0,123,Basic
1,G_A,p,132,132,0,128,Basic
1,G_A,p,133,133,0,130,Basic
1,G_A,p,134,134,0,128,Basic
1,G_A,p,135,135,0,123,Basic
1,G_A,p,136,136,0,115,Basic
1,G_A,p,137,137,0,105,Basic
1,G_A,p,138,138,0,93,Basic
1,G_A,p,139,139,0,80,Basic
1,G_A,p,140,140,0,67,Basic
1,G_A,p,141,141,0,55,Basic
1,G_A,p,142,142,0,45,Basic
1,G_A,p,143,143,0,37,Basic
1,G_A,p,144,144,0,32,Basic
1,G_A,p,145,145,0,30,Basic
1,G_A,p,146,146,0,32,Basic
1,G_A,p,147,147,0,37,Basic
1,G_A,p,148,148,0,45,Basic
1,G_A,p,149,149,0,55,Basic
1,G_A,p,150,150,0,67,Basic
1,G_A,p,151,151,0,80,Basic
1,G_A,p,152,152,0,93,Basic
1,G_A,p,153,153,0,105,Basic
1,G_A,p,154,154,0,115,Basic
1,G_A,p,155,155,0,123,Basic
1,G_A,p,156,156,0,128,Basic
1,G_A,p,157,157,0,130,Basic
1,G_A,p,158,158,0,128,Basic
1,G_A,p,159,159,0,123,Basic
1,G_A,p,160,160,0,115,Basic
1,G_A,p,161,161,0,105,Basic
1,G_A,p,162,162,0,93,Basic
1,G_A,p,163,163,0,80,Basic
1,G_A,p,164,164,0,67,Basic
1,G_A,p,165,165,0,55,Basic
1,G_A,p,166,166,0,45,Basic
1,G_A,p,167,167,0,37,Basic
1,G_A,p,168,168,0,32,Basic
1,G_A,min_dispatch,1,1,0,None,Basic
1,G_A,min_dispatch,2,2,0,None,Basic
1,G_A,min_dispatch,3,3,0,None,Basic
1,G_A,min_dispatch,4,4,0,None,Basic
1,G_A,min_dispatch,5,5,0,None,Basic
1,G_A,min_dispatch,6,6,0,None,Basic
1,G_A,min_dispatch,7,7,0,None,Basic
1,G_A,min_dispatch,8,8,0,None,Basic
1,G_A,min_dispatch,9,9,0,None,Basic
1,G_A,min_dispatch,10,10,0,None,Basic
1,G_A,min_dispatch,11,11,0,None,Basic
1,G_A,min_dispatch,12,12,0,None,Basic
1,G_A,min_dispatch,13,13,0,None,Basic
1,G_A,min_dispatch,14,14,0,None,Basic
1,G_A,min_dispatch,15,15,0,None,Basic
1,G_A,min_dispatch,16,16,0,None,Basic
1,G_A,min_dispatch,17,17,0,None,Basic
1,G_A,min_dispatch,18,18,0,None,Basic
1,G_A,min_dispatch,19,19,0,None,Basic
1,G_A,min_dispatch,20,20,0,None,Basic
1,G_A,min_dispatch,21,21,0,None,Basic
1,G_A,min_dispatch,22,22,0,None,Basic
1,G_A,min_dispatch,23,23,0,None,Basic
1,G_A,min_dispatch,24,24,0,None,Basic
1,G_A,min_dispatch,25,25,0,None,Basic
1,G_A,min_dispatch,26,26,0,None,Basic
1,G_A,min_dispatch,27,27,0,None,Basic
1,G_A,min_dispatch,28,28,0,None,Basic
1,G_A,min_dispatch,29,29,0,None,Basic
1,G_A,min_dispatch,30,30,0,None,Basic
1,G_A,min_dispatch,31,31,0,None,Basic
1,G_A,min_dispatch,32,32,0,None,Basic
1,G_A,min_dispatch,33,33,0,None,Basic
1,G_A,min_dispatch,34,34,0,None,Basic
1,G_A,min_dispatch,35,35,0,None,Basic
1,G_A,min_dispatch,36,36,0,None,Basic
1,G_A,min_dispatch,37,37,0,None,Basic
1,G_A,min_dispatch,38,38,0,None,Basic
1,G_A,min_dispatch,39,39,0,None,Basic
1,G_A,min_dispatch,40,40,0,None,Basic
1,G_A,min_dispatch,41,41,0,None,Basic
1,G_A,min_dispatch,42,42,0,None,Basic
1,G_A,min_dispatch,43,43,0,None,Basic
1,G_A,min_dispatch,44,44,0,None,Basic
1,G_A,min_dispatch,45,45,0,None,Basic
1,G_A,min_dispatch,46,46,0,None,Basic
1,G_A,min_dispatch,47,47,0,None,Basic
1,G_A,min_dispatch,48,48,0,None,Basic
1,G_A,min_dispatch,49,49,0,None,Basic
1,G_A,min_dispatch,50,50,0,None,Basic
1,G_A,min_dispatch,51,51,0,None,Basic
1,G_A,min_dispatch,52,52,0,None,Basic
1,G_A,min_dispatch,53,53,0,None,Basic
1,G_A,min_dispatch,54,54,0,None,Basic
1,G_A,min_dispatch,55,55,0,None,Basic
1,G_A,min_dispatch,56,56,0,None,Basic
1,G_A,min_dispatch,57,57,0,None,Basic
1,G_A,min_dispatch,58,58,0,None,Basic
1,G_A,min_dispatch,59,59,0,None,Basic
1,G_A,min_dispatch,60,60,0,None,Basic
1,G_A,min_dispatch,61,61,0,None,Basic
1,G_A,min_dispatch,62,62,0,None,Basic
1,G_A,min_dispatch,63,63,0,None,Basic
1,G_A,min_dispatch,64,64,0,None,Basic
1,G_A,min_dispatch,65,65,0,None,Basic
1,G_A,min_dispatch,66,66,0,None,Basic
1,G_A,min_dispatch,67,67,0,None,Basic
1,G_A,min_dispatch,68,68,0,None,Basic
1,G_A,min_dispatch,69,69,0,None,Basic
1,G_A,min_dispatch,70,70,0,None,Basic
1,G_A,min_dispatch,71,71,0,None,Basic
1,G_A,min_dispatch,72,72,0,None,Basic
1,G_A,min_dispatch,73,73,0,None,Basic
1,G_A,min_dispatch,74,74,0,None,Basic
1,G_A,min_dispatch,75,75,0,None,Basic
1,G_A,min_dispatch,76,76,0,None,Basic
1,G_A,min_dispatch,77,77,0,None,Basic
1,G_A,min_dispatch,78,78,0,None,Basic
1,G_A,min_dispatch,79,79,0,None,Basic
1,G_A,min_dispatch,80,80,0,None,Basic
1,G_A,min_dispatch,81,81,0,None,Basic
1,G_A,min_dispatch,82,82,0,None,Basic
1,G_A,min_dispatch,83,83,0,None,Basic
1,G_A,min_dispatch,84,84,0,None,Basic
1,G_A,min_dispatch,85,85,0,None,Basic
1,G_A,min_dispatch,86,86,0,None,Basic
1,G_A,min_dispatch,87,87,0,None,Basic
1,G_A,min_dispatch,88,88,0,None,Basic
1,G_A,min_dispatch,89,89,0,None,Basic
1,G_A,min_dispatch,90,90,0,None,Basic
1,G_A,min_dispatch,91,91,0,None,Basic
1,G_A,min_dispatch,92,92,0,None,Basic
1,G_A,min_dispatch,93,93,0,None,Basic
1,G_A,min_dispatch,94,94,0,None,Basic
1,G_A,min_dispatch,95,95,0,None,Basic
1,G_A,min_dispatch,96,96,0,None,Basic
1,G_A,min_dispatch,97,97,0,None,Basic
1,G_A,min_dispatch,98,98,0,None,Basic
1,G_A,min_dispatch,99,99,0,None,Basic
1,G_A,min_dispatch,100,100,0,None,Basic
1,G_A,min_dispatch,101,101,0,None,Basic
1,G_A,min_dispatch,102,102,0,None,Basic
1,G_A,min_dispatch,103,103,0,None,Basic
1,G_A,min_dispatch,104,104,0,None,Basic
1,G_A,min_dispatch,105,105,0,None,Basic
1,G_A,min_dispatch,106,106,0,None,Basic
1,G_A,min_dispatch,107,107,0,None,Basic
1,G_A,min_dispatch,108,108,0,None,Basic
1,G_A,min_dispatch,109,109,0,None,Basic
1,G_A,min_dispatch,110,110,0,None,Basic
1,G_A,min_dispatch,111,111,0,None,Basic
1,G_A,min_dispatch,112,112,0,None,Basic
1,G_A,min_dispatch,113,113,0,None,Basic
1,G_A,min_dispatch,114,114,0,None,Basic
1,G_A,min_dispatch,115,115,0,None,Basic
1,G_A,min_dispatch,116,116,0,None,Basic
1,G_A,min_dispatch,117,117,0,None,Basic
1,G_A,min_dispatch,118,118,0,None,Basic
1,G_A,min_dispatch,119,119,0,None,Basic
1,G_A,min_dispatch,120,120,0,None,Basic
1,G_A,min_dispatch,121,121,0,None,Basic
1,G_A,min_dispatch,122,122,0,None,Basic
1,G_A,min_dispatch,123,123,0,None,Basic
1,G_A,min_dispatch,124,124,0,None,Basic
1,G_A,min_dispatch,125,125,0,None,Basic
1,G_A,min_dispatch,126,126,0,None,Basic
1,G_A,min_dispatch,127,127,0,None,Basic
1,G_A,min_dispatch,128,128,0,None,Basic
1,G_A,min_dispatch,129,129,0,None,Basic
1,G_A,min_dispatch,130,130,0,None,Basic
1,G_A,min_dispatch,131,131,0,None,Basic
1,G_A,min_dispatch,132,132,0,None,Basic
1,G_A,min_dispatch,133,133,0,None,Basic
1,G_A,min_dispatch,134,134,0,None,Basic
1,G_A,min_dispatch,135,135,0,None,Basic
1,G_A,min_dispatch,136,136,0,None,Basic
1,G_A,min_dispatch,137,137,0,None,Basic
1,G_A,min_dispatch,138,138,0,None,Basic
1,G_A,min_dispatch,139,139,0,None,Basic
1,G_A,min_dispatch,140,140,0,None,Basic
1,G_A,min_dispatch,141,141,0,None,Basic
1,G_A,min_dispatch,142,142,0,None,Basic
1,G_A,min_dispatch,143,143,0,None,Basic
1,G_A,min_dispatch,144,144,0,None,Basic
1,G_A,min_dispatch,145,145,0,None,Basic
1,G_A,min_dispatch,146,146,0,None,Basic
1,G_A,min_dispatch,147,147,0,None,Basic
1,G_A,min_dispatch,148,148,0,None,Basic
1,G_A,min_dispatch,149,149,0,None,Basic
1,G_A,min_dispatch,150,150,0,None,Basic
1,G_A,min_dispatch,151,151,0,None,Basic
1,G_A,min_dispatch,152,152,0,None,Basic
1,G_A,min_dispatch,153,153,0,None,Basic
1,G_A,min_dispatch,154,154,0,None,Basic
1,G_A,min_dispatch,155,155,0,None,Basic
1,G_A,min_dispatch,156,156,0,None,Basic
1,G_A,min_dispatch,157,157,0,None,Basic
1,G_A,min_dispatch,158,158,0,None,Basic
1,G_A,min_dispatch,159,159,0,None,Basic
1,G_A,min_dispatch,160,160,0,None,Basic
1,G_A,min_dispatch,161,161,0,None,Basic
1,G_A,min_dispatch,162,162,0,None,Basic
1,G_A,min_dispatch,163,163,0,None,Basic
1,G_A,min_dispatch,164,164,0,None,Basic
1,G_A,min_dispatch,165,165,0,None,Basic
1,G_A,min_dispatch,166,166,0,None,Basic
1,G_A,min_dispatch,167,167,0,None,Basic
1,G_A,min_dispatch,168,168,0,None,Basic
1,G_A,max_dispatch,1,1,0,None,Basic
1,G_A,max_dispatch,2,2,0,None,Basic
1,G_A,max_dispatch,3,3,0,None,Basic
1,G_A,max_dispatch,4,4,0,None,Basic
1,G_A,max_dispatch,5,5,0,None,Basic
1,G_A,max_dispatch,6,6,0,None,Basic
1,G_A,max_dispatch,7,7,0,None,Basic
1,G_A,max_dispatch,8,8,0,None,Basic
1,G_A,max_dispatch,9,9,0,None,Basic
1,G_A,max_dispatch,10,10,0,None,Basic
1,G_A,max_dispatch,11,11,0,None,Basic
1,G_A,max_dispatch,12,12,0,None,Basic
1,G_A,max_dispatch,13,13,0,None,Basic
1,G_A,max_dispatch,14,14,0,None,Basic
1,G_A,max_dispatch,15,15,0,None,Basic
1,G_A,max_dispatch,16,16,0,None,Basic
1,G_A,max_dispatch,17,17,0,None,Basic
1,G_A,max_dispatch,18,18,0,None,Basic
1,G_A,max_dispatch,19,19,0,None,Basic
1,G_A,max_dispatch,20,20,0,None,Basic
1,G_A,max_dispatch,21,21,0,None,Basic
1,G_A,max_dispatch,22,22,0,None,Basic
1,G_A,max_dispatch,23,23,0,None,Basic
1,G_A,max_dispatch,24,24,0,None,Basic
1,G_A,max_dispatch,25,25,0,None,Basic
1,G_A,max_dispatch,26,26,0,None,Basic
1,G_A,max_dispatch,27,27,0,None,Basic
1,G_A,max_dispatch,28,28,0,None,Basic
1,G_A,max_dispatch,29,29,0,None,Basic
1,G_A,max_dispatch,30,30,0,None,Basic
1,G_A,max_dispatch,31,31,0,None,Basic
1,G_A,max_dispatch,32,32,0,None,Basic
1,G_A,max_dispatch,33,33,0,None,Basic
1,G_A,max_dispatch,34,34,0,None,Basic
1,G_A,max_dispatch,35,35,0,None,Basic
1,G_A,max_dispatch,36,36,0,None,Basic
1,G_A,max_dispatch,37,37,0,None,Basic
1,G_A,max_dispatch,38,38,0,None,Basic
1,G_A,max_dispatch,39,39,0,None,Basic
1,G_A,max_dispatch,40,40,0,None,Basic
1,G_A,max_dispatch,41,41,0,None,Basic
1,G_A,max_dispatch,42,42,0,None,Basic
1,G_A,max_dispatch,43,43,0,None,Basic
1,G_A,max_dispatch,44,44,0,None,Basic
1,G_A,max_dispatch,45,45,0,None,Basic
1,G_A,max_dispatch,46,46,0,None,Basic
1,G_A,max_dispatch,47,47,0,None,Basic
1,G_A,max_dispatch,48,48,0,None,Basic
1,G_A,max_dispatch,49,49,0,None,Basic
1,G_A,max_dispatch,50,50,0,None,Basic
1,G_A,max_dispatch,51,51,0,None,Basic
1,G_A,max_dispatch,52,52,0,None,Basic
1,G_A,max_dispatch,53,53,0,None,Basic
1,G_A,max_dispatch,54,54,0,None,Basic
1,G_A,max_dispatch,55,55,0,None,Basic
1,G_A,max_dispatch,56,56,0,None,Basic
1,G_A,max_dispatch,57,57,0,None,Basic
1,G_A,max_dispatch,58,58,0,None,Basic
1,G_A,max_dispatch,59,59,0,None,Basic
1,G_A,max_dispatch,60,60,0,None,Basic
1,G_A,max_dispatch,61,61,0,None,Basic
1,G_A,max_dispatch,62,62,0,None,Basic
1,G_A,max_dispatch,63,63,0,None,Basic
1,G_A,max_dispatch,64,64,0,None,Basic
1,G_A,max_dispatch,65,65,0,None,Basic
1,G_A,max_dispatch,66,66,0,None,Basic
1,G_A,max_dispatch,67,67,0,None,Basic
1,G_A,max_dispatch,68,68,0,None,Basic
1,G_A,max_dispatch,69,69,0,None,Basic
1,G_A,max_dispatch,70,70,0,None,Basic
1,G_A,max_dispatch,71,71,0,None,Basic
1,G_A,max_dispatch,72,72,0,None,Basic
1,G_A,max_dispatch,73,73,0,None,Basic
1,G_A,max_dispatch,74,74,0,None,Basic
1,G_A,max_dispatch,75,75,0,None,Basic
1,G_A,max_dispatch,76,76,0,None,Basic
1,G_A,max_dispatch,77,77,0,None,Basic
1,G_A,max_dispatch,78,78,0,None,Basic
1,G_A,max_dispatch,79,79,0,None,Basic
1,G_A,max_dispatch,80,80,0,None,Basic
1,G_A,max_dispatch,81,81,0,None,Basic
1,G_A,max_dispatch,82,82,0,None,Basic
1,G_A,max_dispatch,83,83,0,None,Basic
1,G_A,max_dispatch,84,84,0,None,Basic
1,G_A,max_dispatch,85,85,0,None,Basic
1,G_A,max_dispatch,86,86,0,None,Basic
1,G_A,max_dispatch,87,87,0,None,Basic
1,G_A,max_dispatch,88,88,0,None,Basic
1,G_A,max_dispatch,89,89,0,None,Basic
1,G_A,max_dispatch,90,90,0,None,Basic
1,G_A,max_dispatch,91,91,0,None,Basic
1,G_A,max_dispatch,92,92,0,None,Basic
1,G_A,max_dispatch,93,93,0,None,Basic
1,G_A,max_dispatch,94,94,0,None,Basic
1,G_A,max_dispatch,95,95,0,None,Basic
1,G_A,max_dispatch,96,96,0,None,Basic
1,G_A,max_dispatch,97,97,0,None,Basic
1,G_A,max_dispatch,98,98,0,None,Basic
1,G_A,max_dispatch,99,99,0,None,Basic
1,G_A,max_dispatch,100,100,0,None,Basic
1,G_A,max_dispatch,101,101,0,None,Basic
1,G_A,max_dispatch,102,102,0,None,Basic
1,G_A,max_dispatch,103,103,0,None,Basic
1,G_A,max_dispatch,104,104,0,None,Basic
1,G_A,max_dispatch,105,105,0,None,Basic
1,G_A,max_dispatch,106,106,0,None,Basic
1,G_A,max_dispatch,107,107,0,None,Basic
1,G_A,max_dispatch,108,108,0,None,Basic
1,G_A,max_dispatch,109,109,0,None,Basic
1,G_A,max_dispatch,110,110,0,None,Basic
1,G_A,max_dispatch,111,111,0,None,Basic
1,G_A,max_dispatch,112,112,0,None,Basic
1,G_A,max_dispatch,113,113,0,None,Basic
1,G_A,max_dispatch,114,114,0,None,Basic
1,G_A,max_dispatch,115,115,0,None,Basic
1,G_A,max_dispatch,116,116,0,None,Basic
1,G_A,max_dispatch,117,117,0,None,Basic
1,G_A,max_dispatch,118,118,0,None,Basic
1,G_A,max_dispatch,119,119,0,None,Basic
1,G_A,max_dispatch,120,120,0,None,Basic
1,G_A,max_dispatch,121,121,0,None,Basic
1,G_A,max_dispatch,122,122,0,None,Basic
1,G_A,max_dispatch,123,123,0,None,Basic
1,G_A,max_dispatch,124,124,0,None,Basic
1,G_A,max_dispatch,125,125,0,None,Basic
1,G_A,max_dispatch,126,126,0,None,Basic
1,G_A,max_dispatch,127,127,0,None,Basic
1,G_A,max_dispatch,128,128,0,None,Basic
1,G_A,max_dispatch,129,129,0,None,Basic
1,G_A,max_dispatch,130,130,0,None,Basic
1,G_A,max_dispatch,131,131,0,None,Basic
1,G_A,max_dispatch,132,132,0,None,Basic
1,G_A,max_dispatch,133,133,0,None,Basic
1,G_A,max_dispatch,134,134,0,None,Basic
1,G_A,max_dispatch,135,135,0,None,Basic
1,G_A,max_dispatch,136,136,0,None,Basic
1,G_A,max_dispatch,137,137,0,None,Basic
1,G_A,max_dispatch,138,138,0,None,Basic
1,G_A,max_dispatch,139,139,0,None,Basic
1,G_A,max_dispatch,140,140,0,None,Basic
1,G_A,max_dispatch,141,141,0,None,Basic
1,G_A,max_dispatch,142,142,0,None,Basic
1,G_A,max_dispatch,143,143,0,None,Basic
1,G_A,max_dispatch,144,144,0,None,Basic
1,G_A,max_dispatch,145,145,0,None,Basic
1,G_A,max_dispatch,146,146,0,None,Basic
1,G_A,max_dispatch,147,147,0,None,Basic
1,G_A,max_dispatch,148,148,0,None,Basic
1,G_A,max_dispatch,149,149,0,None,Basic
1,G_A,max_dispatch,150,150,0,None,Basic
1,G_A,max_dispatch,151,151,0,None,Basic
1,G_A,max_dispatch,152,152,0,None,Basic
1,G_A,max_dispatch,153,153,0,None,Basic
1,G_A,max_dispatch,154,154,0,None,Basic
1,G_A,max_dispatch,155,155,0,None,Basic
1,G_A,max_dispatch,156,156,0,None,Basic
1,G_A,max_dispatch,157,157,0,None,Basic
1,G_A,max_dispatch,158,158,0,None,Basic
1,G_A,max_dispatch,159,159,0,None,Basic
1,G_A,max_dispatch,160,160,0,None,Basic
1,G_A,max_dispatch,161,161,0,None,Basic
1,G_A,max_dispatch,162,162,0,None,Basic
1,G_A,max_dispatch,163,163,0,None,Basic
1,G_A,max_dispatch,164,164,0,None,Basic
1,G_A,max_dispatch,165,165,0,None,Basic
1,G_A,max_dispatch,166,166,0,None,Basic
1,G_A,max_dispatch,167,167,0,None,Basic
1,G_A,max_dispatch,168,168,0,None,Basic
1,G_A,min_production,None,None,None,None,Basic
1,G_A,max_production,None,None,None,None,Basic
1,G_A,emission_port.emission,1,1,0,0,None
1,G_A,emission_port.emission,2,2,0,0,None
1,G_A,emission_port.emission,3,3,0,0,None
1,G_A,emission_port.emission,4,4,0,0,None
1,G_A,emission_port.emission,5,5,0,0,None
1,G_A,emission_port.emission,6,6,0,0,None
1,G_A,emission_port.emission,7,7,0,0,None
1,G_A,emission_port.emission,8,8,0,0,None
1,G_A,emission_port.emission,9,9,0,0,None
1,G_A,emission_port.emission,10,10,0,0,None
1,G_A,emission_port.emission,11,11,0,0,None
1,G_A,emission_port.emission,12,12,0,0,None
1,G_A,emission_port.emission,13,13,0,0,None
1,G_A,emission_port.emission,14,14,0,0,None
1,G_A,emission_port.emission,15,15,0,0,None
1,G_A,emission_port.emission,16,16,0,0,None
1,G_A,emission_port.emission,17,17,0,0,None
1,G_A,emission_port.emission,18,18,0,0,None
1,G_A,emission_port.emission,19,19,0,0,None
1,G_A,emission_port.emission,20,20,0,0,None
1,G_A,emission_port.emission,21,21,0,0,None
1,G_A,emission_port.emission,22,22,0,0,None
1,G_A,emission_port.emission,23,23,0,0,None
1,G_A,emission_port.emission,24,24,0,0,None
1,G_A,emission_port.emission,25,25,0,0,None
1,G_A,emission_port.emission,26,26,0,0,None
1,G_A,emission_port.emission,27,27,0,0,None
1,G_A,emission_port.emission,28,28,0,0,None
1,G_A,emission_port.emission,29,29,0,0,None
1,G_A,emission_port.emission,30,30,0,0,None
1,G_A,emission_port.emission,31,31,0,0,None
1,G_A,emission_port.emission,32,32,0,0,None
1,G_A,emission_port.emission,33,33,0,0,None
1,G_A,emission_port.emission,34,34,0,0,None
1,G_A,emission_port.emission,35,35,0,0,None
1,G_A,emission_port.emission,36,36,0,0,None
1,G_A,emission_port.emission,37,37,0,0,None
1,G_A,emission_port.emission,38,38,0,0,None
1,G_A,emission_port.emission,39,39,0,0,None
1,G_A,emission_port.emission,40,40,0,0,None
1,G_A,emission_port.emission,41,41,0,0,None
1,G_A,emission_port.emission,42,42,0,0,None
1,G_A,emission_port.emission,43,43,0,0,None
1,G_A,emission_port.emission,44,44,0,0,None
1,G_A,emission_port.emission,45,45,0,0,None
1,G_A,emission_port.emission,46,46,0,0,None
1,G_A,emission_port.emission,47,47,0,0,None
1,G_A,emission_port.emission,48,48,0,0,None
1,G_A,emission_port.emission,49,49,0,0,None
1,G_A,emission_port.emission,50,50,0,0,None
1,G_A,emission_port.emission,51,51,0,0,None
1,G_A,emission_port.emission,52,52,0,0,None
1,G_A,emission_port.emission,53,53,0,0,None
1,G_A,emission_port.emission,54,54,0,0,None
1,G_A,emission_port.emission,55,55,0,0,None
1,G_A,emission_port.emission,56,56,0,0,None
1,G_A,emission_port.emission,57,57,0,0,None
1,G_A,emission_port.emission,58,58,0,0,None
1,G_A,emission_port.emission,59,59,0,0,None
1,G_A,emission_port.emission,60,60,0,0,None
1,G_A,emission_port.emission,61,61,0,0,None
1,G_A,emission_port.emission,62,62,0,0,None
1,G_A,emission_port.emission,63,63,0,0,None
1,G_A,emission_port.emission,64,64,0,0,None
1,G_A,emission_port.emission,65,65,0,0,None
1,G_A,emission_port.emission,66,66,0,0,None
1,G_A,emission_port.emission,67,67,0,0,None
1,G_A,emission_port.emission,68,68,0,0,None
1,G_A,emission_port.emission,69,69,0,0,None
1,G_A,emission_port.emission,70,70,0,0,None
1,G_A,emission_port.emission,71,71,0,0,None
1,G_A,emission_port.emission,72,72,0,0,None
1,G_A,emission_port.emission,73,73,0,0,None
1,G_A,emission_port.emission,74,74,0,0,None
1,G_A,emission_port.emission,75,75,0,0,None
1,G_A,emission_port.emission,76,76,0,0,None
1,G_A,emission_port.emission,77,77,0,0,None
1,G_A,emission_port.emission,78,78,0,0,None
1,G_A,emission_port.emission,79,79,0,0,None
1,G_A,emission_port.emission,80,80,0,0,None
1,G_A,emission_port.emission,81,81,0,0,None
1,G_A,emission_port.emission,82,82,0,0,None
1,G_A,emission_port.emission,83,83,0,0,None
1,G_A,emission_port.emission,84,84,0,0,None
1,G_A,emission_port.emission,85,85,0,0,None
1,G_A,emission_port.emission,86,86,0,0,None
1,G_A,emission_port.emission,87,87,0,0,None
1,G_A,emission_port.emission,88,88,0,0,None
1,G_A,emission_port.emission,89,89,0,0,None
1,G_A,emission_port.emission,90,90,0,0,None
1,G_A,emission_port.emission,91,91,0,0,None
1,G_A,emission_port.emission,92,92,0,0,None
1,G_A,emission_port.emission,93,93,0,0,None
1,G_A,emission_port.emission,94,94,0,0,None
1,G_A,emission_port.emission,95,95,0,0,None
1,G_A,emission_port.emission,96,96,0,0,None
1,G_A,emission_port.emission,97,97,0,0,None
1,G_A,emission_port.emission,98,98,0,0,None
1,G_A,emission_port.emission,99,99,0,0,None
1,G_A,emission_port.emission,100,100,0,0,None
1,G_A,emission_port.emission,101,101,0,0,None
1,G_A,emission_port.emission,102,102,0,0,None
1,G_A,emission_port.emission,103,103,0,0,None
1,G_A,emission_port.emission,104,104,0,0,None
1,G_A,emission_port.emission,105,105,0,0,None
1,G_A,emission_port.emission,106,106,0,0,None
1,G_A,emission_port.emission,107,107,0,0,None
1,G_A,emission_port.emission,108,108,0,0,None
1,G_A,emission_port.emission,109,109,0,0,None
1,G_A,emission_port.emission,110,110,0,0,None
1,G_A,emission_port.emission,111,111,0,0,None
1,G_A,emission_port.emission,112,112,0,0,None
1,G_A,emission_port.emission,113,113,0,0,None
1,G_A,emission_port.emission,114,114,0,0,None
1,G_A,emission_port.emission,115,115,0,0,None
1,G_A,emission_port.emission,116,116,0,0,None
1,G_A,emission_port.emission,117,117,0,0,None
1,G_A,emission_port.emission,118,118,0,0,None
1,G_A,emission_port.emission,119,119,0,0,None
1,G_A,emission_port.emission,120,120,0,0,None
1,G_A,emission_port.emission,121,121,0,0,None
1,G_A,emission_port.emission,122,122,0,0,None
1,G_A,emission_port.emission,123,123,0,0,None
1,G_A,emission_port.emission,124,124,0,0,None
1,G_A,emission_port.emission,125,125,0,0,None
1,G_A,emission_port.emission,126,126,0,0,None
1,G_A,emission_port.emission,127,127,0,0,None
1,G_A,emission_port.emission,128,128,0,0,None
1,G_A,emission_port.emission,129,129,0,0,None
1,G_A,emission_port.emission,130,130,0,0,None
1,G_A,emission_port.emission,131,131,0,0,None
1,G_A,emission_port.emission,132,132,0,0,None
1,G_A,emission_port.emission,133,133,0,0,None
1,G_A,emission_port.emission,134,134,0,0,None
1,G_A,emission_port.emission,135,135,0,0,None
1,G_A,emission_port.emission,136,136,0,0,None
1,G_A,emission_port.emission,137,137,0,0,None
1,G_A,emission_port.emission,138,138,0,0,None
1,G_A,emission_port.emission,139,139,0,0,None
1,G_A,emission_port.emission,140,140,0,0,None
1,G_A,emission_port.emission,141,141,0,0,None
1,G_A,emission_port.emission,142,142,0,0,None
1,G_A,emission_port.emission,143,143,0,0,None
1,G_A,emission_port.emission,144,144,0,0,None
1,G_A,emission_port.emission,145,145,0,0,None
1,G_A,emission_port.emission,146,146,0,0,None
1,G_A,emission_port.emission,147,147,0,0,None
1,G_A,emission_port.emission,148,148,0,0,None
1,G_A,emission_port.emission,149,149,0,0,None
1,G_A,emission_port.emission,150,150,0,0,None
1,G_A,emission_port.emission,151,151,0,0,None
1,G_A,emission_port.emission,152,152,0,0,None
1,G_A,emission_port.emission,153,153,0,0,None
1,G_A,emission_port.emission,154,154,0,0,None
1,G_A,emission_port.emission,155,155,0,0,None
1,G_A,emission_port.emission,156,156,0,0,None
1,G_A,emission_port.emission,157,157,0,0,None
1,G_A,emission_port.emission,158,158,0,0,None
1,G_A,emission_port.emission,159,159,0,0,None
1,G_A,emission_port.emission,160,160,0,0,None
1,G_A,emission_port.emission,161,161,0,0,None
1,G_A,emission_port.emission,162,162,0,0,None
1,G_A,emission_port.emission,163,163,0,0,None
1,G_A,emission_port.emission,164,164,0,0,None
1,G_A,emission_port.emission,165,165,0,0,None
1,G_A,emission_port.emission,166,166,0,0,None
1,G_A,emission_port.emission,167,167,0,0,None
1,G_A,emission_port.emission,168,168,0,0,None
1,G_A,p_balance_port.flow,1,1,0,50,None
1,G_A,p_balance_port.flow,2,2,0,52,None
1,G_A,p_balance_port.flow,3,3,0,57,None
1,G_A,p_balance_port.flow,4,4,0,65,None
1,G_A,p_balance_port.flow,5,5,0,75,None
1,G_A,p_balance_port.flow,6,6,0,87,None
1,G_A,p_balance_port.flow,7,7,0,100,None
1,G_A,p_balance_port.flow,8,8,0,113,None
1,G_A,p_balance_port.flow,9,9,0,125,None
1,G_A,p_balance_port.flow,10,10,0,135,None
1,G_A,p_balance_port.flow,11,11,0,143,None
1,G_A,p_balance_port.flow,12,12,0,148,None
1,G_A,p_balance_port.flow,13,13,0,150,None
1,G_A,p_balance_port.flow,14,14,0,148,None
1,G_A,p_balance_port.flow,15,15,0,143,None
1,G_A,p_balance_port.flow,16,16,0,135,None
1,G_A,p_balance_port.flow,17,17,0,125,None
1,G_A,p_balance_port.flow,18,18,0,113,None
1,G_A,p_balance_port.flow,19,19,0,100,None
1,G_A,p_balance_port.flow,20,20,0,87,None
1,G_A,p_balance_port.flow,21,21,0,75,None
1,G_A,p_balance_port.flow,22,22,0,65,None
1,G_A,p_balance_port.flow,23,23,0,57,None
1,G_A,p_balance_port.flow,24,24,0,52,None
1,G_A,p_balance_port.flow,25,25,0,50,None
1,G_A,p_balance_port.flow,26,26,0,52,None
1,G_A,p_balance_port.flow,27,27,0,57,None
1,G_A,p_balance_port.flow,28,28,0,65,None
1,G_A,p_balance_port.flow,29,29,0,75,None
1,G_A,p_balance_port.flow,30,30,0,87,None
1,G_A,p_balance_port.flow,31,31,0,100,None
1,G_A,p_balance_port.flow,32,32,0,113,None
1,G_A,p_balance_port.flow,33,33,0,125,None
1,G_A,p_balance_port.flow,34,34,0,135,None
1,G_A,p_balance_port.flow,35,35,0,143,None
1,G_A,p_balance_port.flow,36,36,0,148,None
1,G_A,p_balance_port.flow,37,37,0,150,None
1,G_A,p_balance_port.flow,38,38,0,148,None
1,G_A,p_balance_port.flow,39,39,0,143,None
1,G_A,p_balance_port.flow,40,40,0,135,None
1,G_A,p_balance_port.flow,41,41,0,125,None
1,G_A,p_balance_port.flow,42,42,0,113,None
1,G_A,p_balance_port.flow,43,43,0,100,None
1,G_A,p_balance_port.flow,44,44,0,87,None
1,G_A,p_balance_port.flow,45,45,0,75,None
1,G_A,p_balance_port.flow,46,46,0,65,None
1,G_A,p_balance_port.flow,47,47,0,57,None
1,G_A,p_balance_port.flow,48,48,0,52,None
1,G_A,p_balance_port.flow,49,49,0,50,None
1,G_A,p_balance_port.flow,50,50,0,52,None
1,G_A,p_balance_port.flow,51,51,0,57,None
1,G_A,p_balance_port.flow,52,52,0,65,None
1,G_A,p_balance_port.flow,53,53,0,75,None
1,G_A,p_balance_port.flow,54,54,0,87,None
1,G_A,p_balance_port.flow,55,55,0,100,None
1,G_A,p_balance_port.flow,56,56,0,113,None
1,G_A,p_balance_port.flow,57,57,0,125,None
1,G_A,p_balance_port.flow,58,58,0,135,None
1,G_A,p_balance_port.flow,59,59,0,143,None
1,G_A,p_balance_port.flow,60,60,0,148,None
1,G_A,p_balance_port.flow,61,61,0,150,None
1,G_A,p_balance_port.flow,62,62,0,148,None
1,G_A,p_balance_port.flow,63,63,0,143,None
1,G_A,p_balance_port.flow,64,64,0,135,None
1,G_A,p_balance_port.flow,65,65,0,125,None
1,G_A,p_balance_port.flow,66,66,0,113,None
1,G_A,p_balance_port.flow,67,67,0,100,None
1,G_A,p_balance_port.flow,68,68,0,87,None
1,G_A,p_balance_port.flow,69,69,0,75,None
1,G_A,p_balance_port.flow,70,70,0,65,None
1,G_A,p_balance_port.flow,71,71,0,57,None
1,G_A,p_balance_port.flow,72,72,0,52,None
1,G_A,p_balance_port.flow,73,73,0,50,None
1,G_A,p_balance_port.flow,74,74,0,52,None
1,G_A,p_balance_port.flow,75,75,0,57,None
1,G_A,p_balance_port.flow,76,76,0,65,None
1,G_A,p_balance_port.flow,77,77,0,75,None
1,G_A,p_balance_port.flow,78,78,0,87,None
1,G_A,p_balance_port.flow,79,79,0,100,None
1,G_A,p_balance_port.flow,80,80,0,113,None
1,G_A,p_balance_port.flow,81,81,0,125,None
1,G_A,p_balance_port.flow,82,82,0,135,None
1,G_A,p_balance_port.flow,83,83,0,143,None
1,G_A,p_balance_port.flow,84,84,0,148,None
1,G_A,p_balance_port.flow,85,85,0,150,None
1,G_A,p_balance_port.flow,86,86,0,148,None
1,G_A,p_balance_port.flow,87,87,0,143,None
1,G_A,p_balance_port.flow,88,88,0,135,None
1,G_A,p_balance_port.flow,89,89,0,125,None
1,G_A,p_balance_port.flow,90,90,0,113,None
1,G_A,p_balance_port.flow,91,91,0,100,None
1,G_A,p_balance_port.flow,92,92,0,87,None
1,G_A,p_balance_port.flow,93,93,0,75,None
1,G_A,p_balance_port.flow,94,94,0,65,None
1,G_A,p_balance_port.flow,95,95,0,57,None
1,G_A,p_balance_port.flow,96,96,0,52,None
1,G_A,p_balance_port.flow,97,97,0,50,None
1,G_A,p_balance_port.flow,98,98,0,52,None
1,G_A,p_balance_port.flow,99,99,0,57,None
1,G_A,p_balance_port.flow,100,100,0,65,None
1,G_A,p_balance_port.flow,101,101,0,75,None
1,G_A,p_balance_port.flow,102,102,0,87,None
1,G_A,p_balance_port.flow,103,103,0,100,None
1,G_A,p_balance_port.flow,104,104,0,113,None
1,G_A,p_balance_port.flow,105,105,0,125,None
1,G_A,p_balance_port.flow,106,106,0,135,None
1,G_A,p_balance_port.flow,107,107,0,143,None
1,G_A,p_balance_port.flow,108,108,0,148,None
1,G_A,p_balance_port.flow,109,109,0,150,None
1,G_A,p_balance_port.flow,110,110,0,148,None
1,G_A,p_balance_port.flow,111,111,0,143,None
1,G_A,p_balance_port.flow,112,112,0,135,None
1,G_A,p_balance_port.flow,113,113,0,125,None
1,G_A,p_balance_port.flow,114,114,0,113,None
1,G_A,p_balance_port.flow,115,115,0,100,None
1,G_A,p_balance_port.flow,116,116,0,87,None
1,G_A,p_balance_port.flow,117,117,0,75,None
1,G_A,p_balance_port.flow,118,118,0,65,None
1,G_A,p_balance_port.flow,119,119,0,57,None
1,G_A,p_balance_port.flow,120,120,0,52,None
1,G_A,p_balance_port.flow,121,121,0,30,None
1,G_A,p_balance_port.flow,122,122,0,32,None
1,G_A,p_balance_port.flow,123,123,0,37,None
1,G_A,p_balance_port.flow,124,124,0,45,None
1,G_A,p_balance_port.flow,125,125,0,55,None
1,G_A,p_balance_port.flow,126,126,0,67,None
1,G_A,p_balance_port.flow,127,127,0,80,None
1,G_A,p_balance_port.flow,128,128,0,93,None
1,G_A,p_balance_port.flow,129,129,0,105,None
1,G_A,p_balance_port.flow,130,130,0,115,None
1,G_A,p_balance_port.flow,131,131,0,123,None
1,G_A,p_balance_port.flow,132,132,0,128,None
1,G_A,p_balance_port.flow,133,133,0,130,None
1,G_A,p_balance_port.flow,134,134,0,128,None
1,G_A,p_balance_port.flow,135,135,0,123,None
1,G_A,p_balance_port.flow,136,136,0,115,None
1,G_A,p_balance_port.flow,137,137,0,105,None
1,G_A,p_balance_port.flow,138,138,0,93,None
1,G_A,p_balance_port.flow,139,139,0,80,None
1,G_A,p_balance_port.flow,140,140,0,67,None
1,G_A,p_balance_port.flow,141,141,0,55,None
1,G_A,p_balance_port.flow,142,142,0,45,None
1,G_A,p_balance_port.flow,143,143,0,37,None
1,G_A,p_balance_port.flow,144,144,0,32,None
1,G_A,p_balance_port.flow,145,145,0,30,None
1,G_A,p_balance_port.flow,146,146,0,32,None
1,G_A,p_balance_port.flow,147,147,0,37,None
1,G_A,p_balance_port.flow,148,148,0,45,None
1,G_A,p_balance_port.flow,149,149,0,55,None
1,G_A,p_balance_port.flow,150,150,0,67,None
1,G_A,p_balance_port.flow,151,151,0,80,None
1,G_A,p_balance_port.flow,152,152,0,93,None
1,G_A,p_balance_port.flow,153,153,0,105,None
1,G_A,p_balance_port.flow,154,154,0,115,None
1,G_A,p_balance_port.flow,155,155,0,123,None
1,G_A,p_balance_port.flow,156,156,0,128,None
1,G_A,p_balance_port.flow,157,157,0,130,None
1,G_A,p_balance_port.flow,158,158,0,128,None
1,G_A,p_balance_port.flow,159,159,0,123,None
1,G_A,p_balance_port.flow,160,160,0,115,None
1,G_A,p_balance_port.flow,161,161,0,105,None
1,G_A,p_balance_port.flow,162,162,0,93,None
1,G_A,p_balance_port.flow,163,163,0,80,None
1,G_A,p_balance_port.flow,164,164,0,67,None
1,G_A,p_balance_port.flow,165,165,0,55,None
1,G_A,p_balance_port.flow,166,166,0,45,None
1,G_A,p_balance_port.flow,167,167,0,37,None
1,G_A,p_balance_port.flow,168,168,0,32,None
1,L_C,q_balance_port.flow,None,None,None,-0,None
1,L_C,p_balance_port.flow,1,1,0,-50,None
1,L_C,p_balance_port.flow,2,2,0,-52,None
1,L_C,p_balance_port.flow,3,3,0,-57,None
1,L_C,p_balance_port.flow,4,4,0,-65,None
1,L_C,p_balance_port.flow,5,5,0,-75,None
1,L_C,p_balance_port.flow,6,6,0,-87,None
1,L_C,p_balance_port.flow,7,7,0,-100,None
1,L_C,p_balance_port.flow,8,8,0,-113,None
1,L_C,p_balance_port.flow,9,9,0,-125,None
1,L_C,p_balance_port.flow,10,10,0,-135,None
1,L_C,p_balance_port.flow,11,11,0,-143,None
1,L_C,p_balance_port.flow,12,12,0,-148,None
1,L_C,p_balance_port.flow,13,13,0,-150,None
1,L_C,p_balance_port.flow,14,14,0,-148,None
1,L_C,p_balance_port.flow,15,15,0,-143,None
1,L_C,p_balance_port.flow,16,16,0,-135,None
1,L_C,p_balance_port.flow,17,17,0,-125,None
1,L_C,p_balance_port.flow,18,18,0,-113,None
1,L_C,p_balance_port.flow,19,19,0,-100,None
1,L_C,p_balance_port.flow,20,20,0,-87,None
1,L_C,p_balance_port.flow,21,21,0,-75,None
1,L_C,p_balance_port.flow,22,22,0,-65,None
1,L_C,p_balance_port.flow,23,23,0,-57,None
1,L_C,p_balance_port.flow,24,24,0,-52,None
1,L_C,p_balance_port.flow,25,25,0,-50,None
1,L_C,p_balance_port.flow,26,26,0,-52,None
1,L_C,p_balance_port.flow,27,27,0,-57,None
1,L_C,p_balance_port.flow,28,28,0,-65,None
1,L_C,p_balance_port.flow,29,29,0,-75,None
1,L_C,p_balance_port.flow,30,30,0,-87,None
1,L_C,p_balance_port.flow,31,31,0,-100,None
1,L_C,p_balance_port.flow,32,32,0,-113,None
1,L_C,p_balance_port.flow,33,33,0,-125,None
1,L_C,p_balance_port.flow,34,34,0,-135,None
1,L_C,p_balance_port.flow,35,35,0,-143,None
1,L_C,p_balance_port.flow,36,36,0,-148,None
1,L_C,p_balance_port.flow,37,37,0,-150,None
1,L_C,p_balance_port.flow,38,38,0,-148,None
1,L_C,p_balance_port.flow,39,39,0,-143,None
1,L_C,p_balance_port.flow,40,40,0,-135,None
1,L_C,p_balance_port.flow,41,41,0,-125,None
1,L_C,p_balance_port.flow,42,42,0,-113,None
1,L_C,p_balance_port.flow,43,43,0,-100,None
1,L_C,p_balance_port.flow,44,44,0,-87,None
1,L_C,p_balance_port.flow,45,45,0,-75,None
1,L_C,p_balance_port.flow,46,46,0,-65,None
1,L_C,p_balance_port.flow,47,47,0,-57,None
1,L_C,p_balance_port.flow,48,48,0,-52,None
1,L_C,p_balance_port.flow,49,49,0,-50,None
1,L_C,p_balance_port.flow,50,50,0,-52,None
1,L_C,p_balance_port.flow,51,51,0,-57,None
1,L_C,p_balance_port.flow,52,52,0,-65,None
1,L_C,p_balance_port.flow,53,53,0,-75,None
1,L_C,p_balance_port.flow,54,54,0,-87,None
1,L_C,p_balance_port.flow,55,55,0,-100,None
1,L_C,p_balance_port.flow,56,56,0,-113,None
1,L_C,p_balance_port.flow,57,57,0,-125,None
1,L_C,p_balance_port.flow,58,58,0,-135,None
1,L_C,p_balance_port.flow,59,59,0,-143,None
1,L_C,p_balance_port.flow,60,60,0,-148,None
1,L_C,p_balance_port.flow,61,61,0,-150,None
1,L_C,p_balance_port.flow,62,62,0,-148,None
1,L_C,p_balance_port.flow,63,63,0,-143,None
1,L_C,p_balance_port.flow,64,64,0,-135,None
1,L_C,p_balance_port.flow,65,65,0,-125,None
1,L_C,p_balance_port.flow,66,66,0,-113,None
1,L_C,p_balance_port.flow,67,67,0,-100,None
1,L_C,p_balance_port.flow,68,68,0,-87,None
1,L_C,p_balance_port.flow,69,69,0,-75,None
1,L_C,p_balance_port.flow,70,70,0,-65,None
1,L_C,p_balance_port.flow,71,71,0,-57,None
1,L_C,p_balance_port.flow,72,72,0,-52,None
1,L_C,p_balance_port.flow,73,73,0,-50,None
1,L_C,p_balance_port.flow,74,74,0,-52,None
1,L_C,p_balance_port.flow,75,75,0,-57,None
1,L_C,p_balance_port.flow,76,76,0,-65,None
1,L_C,p_balance_port.flow,77,77,0,-75,None
1,L_C,p_balance_port.flow,78,78,0,-87,None
1,L_C,p_balance_port.flow,79,79,0,-100,None
1,L_C,p_balance_port.flow,80,80,0,-113,None
1,L_C,p_balance_port.flow,81,81,0,-125,None
1,L_C,p_balance_port.flow,82,82,0,-135,None
1,L_C,p_balance_port.flow,83,83,0,-143,None
1,L_C,p_balance_port.flow,84,84,0,-148,None
1,L_C,p_balance_port.flow,85,85,0,-150,None
1,L_C,p_balance_port.flow,86,86,0,-148,None
1,L_C,p_balance_port.flow,87,87,0,-143,None
1,L_C,p_balance_port.flow,88,88,0,-135,None
1,L_C,p_balance_port.flow,89,89,0,-125,None
1,L_C,p_balance_port.flow,90,90,0,-113,None
1,L_C,p_balance_port.flow,91,91,0,-100,None
1,L_C,p_balance_port.flow,92,92,0,-87,None
1,L_C,p_balance_port.flow,93,93,0,-75,None
1,L_C,p_balance_port.flow,94,94,0,-65,None
1,L_C,p_balance_port.flow,95,95,0,-57,None
1,L_C,p_balance_port.flow,96,96,0,-52,None
1,L_C,p_balance_port.flow,97,97,0,-50,None
1,L_C,p_balance_port.flow,98,98,0,-52,None
1,L_C,p_balance_port.flow,99,99,0,-57,None
1,L_C,p_balance_port.flow,100,100,0,-65,None
1,L_C,p_balance_port.flow,101,101,0,-75,None
1,L_C,p_balance_port.flow,102,102,0,-87,None
1,L_C,p_balance_port.flow,103,103,0,-100,None
1,L_C,p_balance_port.flow,104,104,0,-113,None
1,L_C,p_balance_port.flow,105,105,0,-125,None
1,L_C,p_balance_port.flow,106,106,0,-135,None
1,L_C,p_balance_port.flow,107,107,0,-143,None
1,L_C,p_balance_port.flow,108,108,0,-148,None
1,L_C,p_balance_port.flow,109,109,0,-150,None
1,L_C,p_balance_port.flow,110,110,0,-148,None
1,L_C,p_balance_port.flow,111,111,0,-143,None
1,L_C,p_balance_port.flow,112,112,0,-135,None
1,L_C,p_balance_port.flow,113,113,0,-125,None
1,L_C,p_balance_port.flow,114,114,0,-113,None
1,L_C,p_balance_port.flow,115,115,0,-100,None
1,L_C,p_balance_port.flow,116,116,0,-87,None
1,L_C,p_balance_port.flow,117,117,0,-75,None
1,L_C,p_balance_port.flow,118,118,0,-65,None
1,L_C,p_balance_port.flow,119,119,0,-57,None
1,L_C,p_balance_port.flow,120,120,0,-52,None
1,L_C,p_balance_port.flow,121,121,0,-30,None
1,L_C,p_balance_port.flow,122,122,0,-32,None
1,L_C,p_balance_port.flow,123,123,0,-37,None
1,L_C,p_balance_port.flow,124,124,0,-45,None
1,L_C,p_balance_port.flow,125,125,0,-55,None
1,L_C,p_balance_port.flow,126,126,0,-67,None
1,L_C,p_balance_port.flow,127,127,0,-80,None
1,L_C,p_balance_port.flow,128,128,0,-93,None
1,L_C,p_balance_port.flow,129,129,0,-105,None
1,L_C,p_balance_port.flow,130,130,0,-115,None
1,L_C,p_balance_port.flow,131,131,0,-123,None
1,L_C,p_balance_port.flow,132,132,0,-128,None
1,L_C,p_balance_port.flow,133,133,0,-130,None
1,L_C,p_balance_port.flow,134,134,0,-128,None
1,L_C,p_balance_port.flow,135,135,0,-123,None
1,L_C,p_balance_port.flow,136,136,0,-115,None
1,L_C,p_balance_port.flow,137,137,0,-105,None
1,L_C,p_balance_port.flow,138,138,0,-93,None
1,L_C,p_balance_port.flow,139,139,0,-80,None
1,L_C,p_balance_port.flow,140,140,0,-67,None
1,L_C,p_balance_port.flow,141,141,0,-55,None
1,L_C,p_balance_port.flow,142,142,0,-45,None
1,L_C,p_balance_port.flow,143,143,0,-37,None
1,L_C,p_balance_port.flow,144,144,0,-32,None
1,L_C,p_balance_port.flow,145,145,0,-30,None
1,L_C,p_balance_port.flow,146,146,0,-32,None
1,L_C,p_balance_port.flow,147,147,0,-37,None
1,L_C,p_balance_port.flow,148,148,0,-45,None
1,L_C,p_balance_port.flow,149,149,0,-55,None
1,L_C,p_balance_port.flow,150,150,0,-67,None
1,L_C,p_balance_port.flow,151,151,0,-80,None
1,L_C,p_balance_port.flow,152,152,0,-93,None
1,L_C,p_balance_port.flow,153,153,0,-105,None
1,L_C,p_balance_port.flow,154,154,0,-115,None
1,L_C,p_balance_port.flow,155,155,0,-123,None
1,L_C,p_balance_port.flow,156,156,0,-128,None
1,L_C,p_balance_port.flow,157,157,0,-130,None
1,L_C,p_balance_port.flow,158,158,0,-128,None
1,L_C,p_balance_port.flow,159,159,0,-123,None
1,L_C,p_balance_port.flow,160,160,0,-115,None
1,L_C,p_balance_port.flow,161,161,0,-105,None
1,L_C,p_balance_port.flow,162,162,0,-93,None
1,L_C,p_balance_port.flow,163,163,0,-80,None
1,L_C,p_balance_port.flow,164,164,0,-67,None
1,L_C,p_balance_port.flow,165,165,0,-55,None
1,L_C,p_balance_port.flow,166,166,0,-45,None
1,L_C,p_balance_port.flow,167,167,0,-37,None
1,L_C,p_balance_port.flow,168,168,0,-32,None
1,AB,p_nom,None,None,None,100,Fixed value
1,AB,p0,1,1,0,-0,Basic
1,AB,p0,2,2,0,-0,Basic
1,AB,p0,3,3,0,-0,Basic
1,AB,p0,4,4,0,-0,Basic
1,AB,p0,5,5,0,-0,Basic
1,AB,p0,6,6,0,-0,Basic
1,AB,p0,7,7,0,-0,Basic
1,AB,p0,8,8,0,13,Basic
1,AB,p0,9,9,0,25,Basic
1,AB,p0,10,10,0,35,Basic
1,AB,p0,11,11,0,43,Basic
1,AB,p0,12,12,0,48,Basic
1,AB,p0,13,13,0,50,Basic
1,AB,p0,14,14,0,48,Basic
1,AB,p0,15,15,0,43,Basic
1,AB,p0,16,16,0,35,Basic
1,AB,p0,17,17,0,25,Basic
1,AB,p0,18,18,0,13,Basic
1,AB,p0,19,19,0,-0,Basic
1,AB,p0,20,20,0,-0,Basic
1,AB,p0,21,21,0,-0,Basic
1,AB,p0,22,22,0,-0,Basic
1,AB,p0,23,23,0,-0,Basic
1,AB,p0,24,24,0,-0,Basic
1,AB,p0,25,25,0,-0,Basic
1,AB,p0,26,26,0,-0,Basic
1,AB,p0,27,27,0,-0,Basic
1,AB,p0,28,28,0,-0,Basic
1,AB,p0,29,29,0,-0,Basic
1,AB,p0,30,30,0,-0,Basic
1,AB,p0,31,31,0,-0,Basic
1,AB,p0,32,32,0,13,Basic
1,AB,p0,33,33,0,25,Basic
1,AB,p0,34,34,0,35,Basic
1,AB,p0,35,35,0,43,Basic
1,AB,p0,36,36,0,48,Basic
1,AB,p0,37,37,0,50,Basic
1,AB,p0,38,38,0,48,Basic
1,AB,p0,39,39,0,43,Basic
1,AB,p0,40,40,0,35,Basic
1,AB,p0,41,41,0,25,Basic
1,AB,p0,42,42,0,13,Basic
1,AB,p0,43,43,0,-0,Basic
1,AB,p0,44,44,0,-0,Basic
1,AB,p0,45,45,0,-0,Basic
1,AB,p0,46,46,0,-0,Basic
1,AB,p0,47,47,0,-0,Basic
1,AB,p0,48,48,0,-0,Basic
1,AB,p0,49,49,0,-0,Basic
1,AB,p0,50,50,0,-0,Basic
1,AB,p0,51,51,0,-0,Basic
1,AB,p0,52,52,0,-0,Basic
1,AB,p0,53,53,0,-0,Basic
1,AB,p0,54,54,0,-0,Basic
1,AB,p0,55,55,0,-0,Basic
1,AB,p0,56,56,0,13,Basic
1,AB,p0,57,57,0,25,Basic
1,AB,p0,58,58,0,35,Basic
1,AB,p0,59,59,0,43,Basic
1,AB,p0,60,60,0,48,Basic
1,AB,p0,61,61,0,50,Basic
1,AB,p0,62,62,0,48,Basic
1,AB,p0,63,63,0,43,Basic
1,AB,p0,64,64,0,35,Basic
1,AB,p0,65,65,0,25,Basic
1,AB,p0,66,66,0,13,Basic
1,AB,p0,67,67,0,-0,Basic
1,AB,p0,68,68,0,-0,Basic
1,AB,p0,69,69,0,-0,Basic
1,AB,p0,70,70,0,-0,Basic
1,AB,p0,71,71,0,-0,Basic
1,AB,p0,72,72,0,-0,Basic
1,AB,p0,73,73,0,-0,Basic
1,AB,p0,74,74,0,-0,Basic
1,AB,p0,75,75,0,-0,Basic
1,AB,p0,76,76,0,-0,Basic
1,AB,p0,77,77,0,-0,Basic
1,AB,p0,78,78,0,-0,Basic
1,AB,p0,79,79,0,-0,Basic
1,AB,p0,80,80,0,13,Basic
1,AB,p0,81,81,0,25,Basic
1,AB,p0,82,82,0,35,Basic
1,AB,p0,83,83,0,43,Basic
1,AB,p0,84,84,0,48,Basic
1,AB,p0,85,85,0,50,Basic
1,AB,p0,86,86,0,48,Basic
1,AB,p0,87,87,0,43,Basic
1,AB,p0,88,88,0,35,Basic
1,AB,p0,89,89,0,25,Basic
1,AB,p0,90,90,0,13,Basic
1,AB,p0,91,91,0,-0,Basic
1,AB,p0,92,92,0,-0,Basic
1,AB,p0,93,93,0,-0,Basic
1,AB,p0,94,94,0,-0,Basic
1,AB,p0,95,95,0,-0,Basic
1,AB,p0,96,96,0,-0,Basic
1,AB,p0,97,97,0,-0,Basic
1,AB,p0,98,98,0,-0,Basic
1,AB,p0,99,99,0,-0,Basic
1,AB,p0,100,100,0,-0,Basic
1,AB,p0,101,101,0,-0,Basic
1,AB,p0,102,102,0,-0,Basic
1,AB,p0,103,103,0,-0,Basic
1,AB,p0,104,104,0,13,Basic
1,AB,p0,105,105,0,25,Basic
1,AB,p0,106,106,0,35,Basic
1,AB,p0,107,107,0,43,Basic
1,AB,p0,108,108,0,48,Basic
1,AB,p0,109,109,0,50,Basic
1,AB,p0,110,110,0,48,Basic
1,AB,p0,111,111,0,43,Basic
1,AB,p0,112,112,0,35,Basic
1,AB,p0,113,113,0,25,Basic
1,AB,p0,114,114,0,13,Basic
1,AB,p0,115,115,0,-0,Basic
1,AB,p0,116,116,0,-0,Basic
1,AB,p0,117,117,0,-0,Basic
1,AB,p0,118,118,0,-0,Basic
1,AB,p0,119,119,0,-0,Basic
1,AB,p0,120,120,0,-0,Basic
1,AB,p0,121,121,0,-0,Basic
1,AB,p0,122,122,0,-0,Basic
1,AB,p0,123,123,0,-0,Basic
1,AB,p0,124,124,0,-0,Basic
1,AB,p0,125,125,0,-0,Basic
1,AB,p0,126,126,0,-0,Basic
1,AB,p0,127,127,0,-0,Basic
1,AB,p0,128,128,0,-0,Basic
1,AB,p0,129,129,0,5,Basic
1,AB,p0,130,130,0,15,Basic
1,AB,p0,131,131,0,23,Basic
1,AB,p0,132,132,0,28,Basic
1,AB,p0,133,133,0,30,Basic
1,AB,p0,134,134,0,28,Basic
1,AB,p0,135,135,0,23,Basic
1,AB,p0,136,136,0,15,Basic
1,AB,p0,137,137,0,5,Basic
1,AB,p0,138,138,0,-0,Basic
1,AB,p0,139,139,0,-0,Basic
1,AB,p0,140,140,0,-0,Basic
1,AB,p0,141,141,0,-0,Basic
1,AB,p0,142,142,0,-0,Basic
1,AB,p0,143,143,0,-0,Basic
1,AB,p0,144,144,0,-0,Basic
1,AB,p0,145,145,0,-0,Basic
1,AB,p0,146,146,0,-0,Basic
1,AB,p0,147,147,0,-0,Basic
1,AB,p0,148,148,0,-0,Basic
1,AB,p0,149,149,0,-0,Basic
1,AB,p0,150,150,0,-0,Basic
1,AB,p0,151,151,0,-0,Basic
1,AB,p0,152,152,0,-0,Basic
1,AB,p0,153,153,0,5,Basic
1,AB,p0,154,154,0,15,Basic
1,AB,p0,155,155,0,23,Basic
1,AB,p0,156,156,0,28,Basic
1,AB,p0,157,157,0,30,Basic
1,AB,p0,158,158,0,28,Basic
1,AB,p0,159,159,0,23,Basic
1,AB,p0,160,160,0,15,Basic
1,AB,p0,161,161,0,5,Basic
1,AB,p0,162,162,0,-0,Basic
1,AB,p0,163,163,0,-0,Basic
1,AB,p0,164,164,0,-0,Basic
1,AB,p0,165,165,0,-0,Basic
1,AB,p0,166,166,0,-0,Basic
1,AB,p0,167,167,0,-0,Basic
1,AB,p0,168,168,0,-0,Basic
1,AB,p0_upper,1,1,0,None,Basic
1,AB,p0_upper,2,2,0,None,Basic
1,AB,p0_upper,3,3,0,None,Basic
1,AB,p0_upper,4,4,0,None,Basic
1,AB,p0_upper,5,5,0,None,Basic
1,AB,p0_upper,6,6,0,None,Basic
1,AB,p0_upper,7,7,0,None,Basic
1,AB,p0_upper,8,8,0,None,Basic
1,AB,p0_upper,9,9,0,None,Basic
1,AB,p0_upper,10,10,0,None,Basic
1,AB,p0_upper,11,11,0,None,Basic
1,AB,p0_upper,12,12,0,None,Basic
1,AB,p0_upper,13,13,0,None,Basic
1,AB,p0_upper,14,14,0,None,Basic
1,AB,p0_upper,15,15,0,None,Basic
1,AB,p0_upper,16,16,0,None,Basic
1,AB,p0_upper,17,17,0,None,Basic
1,AB,p0_upper,18,18,0,None,Basic
1,AB,p0_upper,19,19,0,None,Basic
1,AB,p0_upper,20,20,0,None,Basic
1,AB,p0_upper,21,21,0,None,Basic
1,AB,p0_upper,22,22,0,None,Basic
1,AB,p0_upper,23,23,0,None,Basic
1,AB,p0_upper,24,24,0,None,Basic
1,AB,p0_upper,25,25,0,None,Basic
1,AB,p0_upper,26,26,0,None,Basic
1,AB,p0_upper,27,27,0,None,Basic
1,AB,p0_upper,28,28,0,None,Basic
1,AB,p0_upper,29,29,0,None,Basic
1,AB,p0_upper,30,30,0,None,Basic
1,AB,p0_upper,31,31,0,None,Basic
1,AB,p0_upper,32,32,0,None,Basic
1,AB,p0_upper,33,33,0,None,Basic
1,AB,p0_upper,34,34,0,None,Basic
1,AB,p0_upper,35,35,0,None,Basic
1,AB,p0_upper,36,36,0,None,Basic
1,AB,p0_upper,37,37,0,None,Basic
1,AB,p0_upper,38,38,0,None,Basic
1,AB,p0_upper,39,39,0,None,Basic
1,AB,p0_upper,40,40,0,None,Basic
1,AB,p0_upper,41,41,0,None,Basic
1,AB,p0_upper,42,42,0,None,Basic
1,AB,p0_upper,43,43,0,None,Basic
1,AB,p0_upper,44,44,0,None,Basic
1,AB,p0_upper,45,45,0,None,Basic
1,AB,p0_upper,46,46,0,None,Basic
1,AB,p0_upper,47,47,0,None,Basic
1,AB,p0_upper,48,48,0,None,Basic
1,AB,p0_upper,49,49,0,None,Basic
1,AB,p0_upper,50,50,0,None,Basic
1,AB,p0_upper,51,51,0,None,Basic
1,AB,p0_upper,52,52,0,None,Basic
1,AB,p0_upper,53,53,0,None,Basic
1,AB,p0_upper,54,54,0,None,Basic
1,AB,p0_upper,55,55,0,None,Basic
1,AB,p0_upper,56,56,0,None,Basic
1,AB,p0_upper,57,57,0,None,Basic
1,AB,p0_upper,58,58,0,None,Basic
1,AB,p0_upper,59,59,0,None,Basic
1,AB,p0_upper,60,60,0,None,Basic
1,AB,p0_upper,61,61,0,None,Basic
1,AB,p0_upper,62,62,0,None,Basic
1,AB,p0_upper,63,63,0,None,Basic
1,AB,p0_upper,64,64,0,None,Basic
1,AB,p0_upper,65,65,0,None,Basic
1,AB,p0_upper,66,66,0,None,Basic
1,AB,p0_upper,67,67,0,None,Basic
1,AB,p0_upper,68,68,0,None,Basic
1,AB,p0_upper,69,69,0,None,Basic
1,AB,p0_upper,70,70,0,None,Basic
1,AB,p0_upper,71,71,0,None,Basic
1,AB,p0_upper,72,72,0,None,Basic
1,AB,p0_upper,73,73,0,None,Basic
1,AB,p0_upper,74,74,0,None,Basic
1,AB,p0_upper,75,75,0,None,Basic
1,AB,p0_upper,76,76,0,None,Basic
1,AB,p0_upper,77,77,0,None,Basic
1,AB,p0_upper,78,78,0,None,Basic
1,AB,p0_upper,79,79,0,None,Basic
1,AB,p0_upper,80,80,0,None,Basic
1,AB,p0_upper,81,81,0,None,Basic
1,AB,p0_upper,82,82,0,None,Basic
1,AB,p0_upper,83,83,0,None,Basic
1,AB,p0_upper,84,84,0,None,Basic
1,AB,p0_upper,85,85,0,None,Basic
1,AB,p0_upper,86,86,0,None,Basic
1,AB,p0_upper,87,87,0,None,Basic
1,AB,p0_upper,88,88,0,None,Basic
1,AB,p0_upper,89,89,0,None,Basic
1,AB,p0_upper,90,90,0,None,Basic
1,AB,p0_upper,91,91,0,None,Basic
1,AB,p0_upper,92,92,0,None,Basic
1,AB,p0_upper,93,93,0,None,Basic
1,AB,p0_upper,94,94,0,None,Basic
1,AB,p0_upper,95,95,0,None,Basic
1,AB,p0_upper,96,96,0,None,Basic
1,AB,p0_upper,97,97,0,None,Basic
1,AB,p0_upper,98,98,0,None,Basic
1,AB,p0_upper,99,99,0,None,Basic
1,AB,p0_upper,100,100,0,None,Basic
1,AB,p0_upper,101,101,0,None,Basic
1,AB,p0_upper,102,102,0,None,Basic
1,AB,p0_upper,103,103,0,None,Basic
1,AB,p0_upper,104,104,0,None,Basic
1,AB,p0_upper,105,105,0,None,Basic
1,AB,p0_upper,106,106,0,None,Basic
1,AB,p0_upper,107,107,0,None,Basic
1,AB,p0_upper,108,108,0,None,Basic
1,AB,p0_upper,109,109,0,None,Basic
1,AB,p0_upper,110,110,0,None,Basic
1,AB,p0_upper,111,111,0,None,Basic
1,AB,p0_upper,112,112,0,None,Basic
1,AB,p0_upper,113,113,0,None,Basic
1,AB,p0_upper,114,114,0,None,Basic
1,AB,p0_upper,115,115,0,None,Basic
1,AB,p0_upper,116,116,0,None,Basic
1,AB,p0_upper,117,117,0,None,Basic
1,AB,p0_upper,118,118,0,None,Basic
1,AB,p0_upper,119,119,0,None,Basic
1,AB,p0_upper,120,120,0,None,Basic
1,AB,p0_upper,121,121,0,None,Basic
1,AB,p0_upper,122,122,0,None,Basic
1,AB,p0_upper,123,123,0,None,Basic
1,AB,p0_upper,124,124,0,None,Basic
1,AB,p0_upper,125,125,0,None,Basic
1,AB,p0_upper,126,126,0,None,Basic
1,AB,p0_upper,127,127,0,None,Basic
1,AB,p0_upper,128,128,0,None,Basic
1,AB,p0_upper,129,129,0,None,Basic
1,AB,p0_upper,130,130,0,None,Basic
1,AB,p0_upper,131,131,0,None,Basic
1,AB,p0_upper,132,132,0,None,Basic
1,AB,p0_upper,133,133,0,None,Basic
1,AB,p0_upper,134,134,0,None,Basic
1,AB,p0_upper,135,135,0,None,Basic
1,AB,p0_upper,136,136,0,None,Basic
1,AB,p0_upper,137,137,0,None,Basic
1,AB,p0_upper,138,138,0,None,Basic
1,AB,p0_upper,139,139,0,None,Basic
1,AB,p0_upper,140,140,0,None,Basic
1,AB,p0_upper,141,141,0,None,Basic
1,AB,p0_upper,142,142,0,None,Basic
1,AB,p0_upper,143,143,0,None,Basic
1,AB,p0_upper,144,144,0,None,Basic
1,AB,p0_upper,145,145,0,None,Basic
1,AB,p0_upper,146,146,0,None,Basic
1,AB,p0_upper,147,147,0,None,Basic
1,AB,p0_upper,148,148,0,None,Basic
1,AB,p0_upper,149,149,0,None,Basic
1,AB,p0_upper,150,150,0,None,Basic
1,AB,p0_upper,151,151,0,None,Basic
1,AB,p0_upper,152,152,0,None,Basic
1,AB,p0_upper,153,153,0,None,Basic
1,AB,p0_upper,154,154,0,None,Basic
1,AB,p0_upper,155,155,0,None,Basic
1,AB,p0_upper,156,156,0,None,Basic
1,AB,p0_upper,157,157,0,None,Basic
1,AB,p0_upper,158,158,0,None,Basic
1,AB,p0_upper,159,159,0,None,Basic
1,AB,p0_upper,160,160,0,None,Basic
1,AB,p0_upper,161,161,0,None,Basic
1,AB,p0_upper,162,162,0,None,Basic
1,AB,p0_upper,163,163,0,None,Basic
1,AB,p0_upper,164,164,0,None,Basic
1,AB,p0_upper,165,165,0,None,Basic
1,AB,p0_upper,166,166,0,None,Basic
1,AB,p0_upper,167,167,0,None,Basic
1,AB,p0_upper,168,168,0,None,Basic
1,AB,p0_lower,1,1,0,None,At lower bound
1,AB,p0_lower,2,2,0,None,At lower bound
1,AB,p0_lower,3,3,0,None,At lower bound
1,AB,p0_lower,4,4,0,None,At lower bound
1,AB,p0_lower,5,5,0,None,At lower bound
1,AB,p0_lower,6,6,0,None,At lower bound
1,AB,p0_lower,7,7,0,None,At lower bound
1,AB,p0_lower,8,8,0,None,Basic
1,AB,p0_lower,9,9,0,None,Basic
1,AB,p0_lower,10,10,0,None,Basic
1,AB,p0_lower,11,11,0,None,Basic
1,AB,p0_lower,12,12,0,None,Basic
1,AB,p0_lower,13,13,0,None,Basic
1,AB,p0_lower,14,14,0,None,Basic
1,AB,p0_lower,15,15,0,None,Basic
1,AB,p0_lower,16,16,0,None,Basic
1,AB,p0_lower,17,17,0,None,Basic
1,AB,p0_lower,18,18,0,None,Basic
1,AB,p0_lower,19,19,0,None,At lower bound
1,AB,p0_lower,20,20,0,None,At lower bound
1,AB,p0_lower,21,21,0,None,At lower bound
1,AB,p0_lower,22,22,0,None,At lower bound
1,AB,p0_lower,23,23,0,None,At lower bound
1,AB,p0_lower,24,24,0,None,At lower bound
1,AB,p0_lower,25,25,0,None,At lower bound
1,AB,p0_lower,26,26,0,None,At lower bound
1,AB,p0_lower,27,27,0,None,At lower bound
1,AB,p0_lower,28,28,0,None,At lower bound
1,AB,p0_lower,29,29,0,None,At lower bound
1,AB,p0_lower,30,30,0,None,At lower bound
1,AB,p0_lower,31,31,0,None,At lower bound
1,AB,p0_lower,32,32,0,None,Basic
1,AB,p0_lower,33,33,0,None,Basic
1,AB,p0_lower,34,34,0,None,Basic
1,AB,p0_lower,35,35,0,None,Basic
1,AB,p0_lower,36,36,0,None,Basic
1,AB,p0_lower,37,37,0,None,Basic
1,AB,p0_lower,38,38,0,None,Basic
1,AB,p0_lower,39,39,0,None,Basic
1,AB,p0_lower,40,40,0,None,Basic
1,AB,p0_lower,41,41,0,None,Basic
1,AB,p0_lower,42,42,0,None,Basic
1,AB,p0_lower,43,43,0,None,At lower bound
1,AB,p0_lower,44,44,0,None,At lower bound
1,AB,p0_lower,45,45,0,None,At lower bound
1,AB,p0_lower,46,46,0,None,At lower bound
1,AB,p0_lower,47,47,0,None,At lower bound
1,AB,p0_lower,48,48,0,None,At lower bound
1,AB,p0_lower,49,49,0,None,At lower bound
1,AB,p0_lower,50,50,0,None,At lower bound
1,AB,p0_lower,51,51,0,None,At lower bound
1,AB,p0_lower,52,52,0,None,At lower bound
1,AB,p0_lower,53,53,0,None,At lower bound
1,AB,p0_lower,54,54,0,None,At lower bound
1,AB,p0_lower,55,55,0,None,At lower bound
1,AB,p0_lower,56,56,0,None,Basic
1,AB,p0_lower,57,57,0,None,Basic
1,AB,p0_lower,58,58,0,None,Basic
1,AB,p0_lower,59,59,0,None,Basic
1,AB,p0_lower,60,60,0,None,Basic
1,AB,p0_lower,61,61,0,None,Basic
1,AB,p0_lower,62,62,0,None,Basic
1,AB,p0_lower,63,63,0,None,Basic
1,AB,p0_lower,64,64,0,None,Basic
1,AB,p0_lower,65,65,0,None,Basic
1,AB,p0_lower,66,66,0,None,Basic
1,AB,p0_lower,67,67,0,None,At lower bound
1,AB,p0_lower,68,68,0,None,At lower bound
1,AB,p0_lower,69,69,0,None,At lower bound
1,AB,p0_lower,70,70,0,None,At lower bound
1,AB,p0_lower,71,71,0,None,At lower bound
1,AB,p0_lower,72,72,0,None,At lower bound
1,AB,p0_lower,73,73,0,None,At lower bound
1,AB,p0_lower,74,74,0,None,At lower bound
1,AB,p0_lower,75,75,0,None,At lower bound
1,AB,p0_lower,76,76,0,None,At lower bound
1,AB,p0_lower,77,77,0,None,At lower bound
1,AB,p0_lower,78,78,0,None,At lower bound
1,AB,p0_lower,79,79,0,None,At lower bound
1,AB,p0_lower,80,80,0,None,Basic
1,AB,p0_lower,81,81,0,None,Basic
1,AB,p0_lower,82,82,0,None,Basic
1,AB,p0_lower,83,83,0,None,Basic
1,AB,p0_lower,84,84,0,None,Basic
1,AB,p0_lower,85,85,0,None,Basic
1,AB,p0_lower,86,86,0,None,Basic
1,AB,p0_lower,87,87,0,None,Basic
1,AB,p0_lower,88,88,0,None,Basic
1,AB,p0_lower,89,89,0,None,Basic
1,AB,p0_lower,90,90,0,None,Basic
1,AB,p0_lower,91,91,0,None,At lower bound
1,AB,p0_lower,92,92,0,None,At lower bound
1,AB,p0_lower,93,93,0,None,At lower bound
1,AB,p0_lower,94,94,0,None,At lower bound
1,AB,p0_lower,95,95,0,None,At lower bound
1,AB,p0_lower,96,96,0,None,At lower bound
1,AB,p0_lower,97,97,0,None,At lower bound
1,AB,p0_lower,98,98,0,None,At lower bound
1,AB,p0_lower,99,99,0,None,At lower bound
1,AB,p0_lower,100,100,0,None,At lower bound
1,AB,p0_lower,101,101,0,None,At lower bound
1,AB,p0_lower,102,102,0,None,At lower bound
1,AB,p0_lower,103,103,0,None,At lower bound
1,AB,p0_lower,104,104,0,None,Basic
1,AB,p0_lower,105,105,0,None,Basic
1,AB,p0_lower,106,106,0,None,Basic
1,AB,p0_lower,107,107,0,None,Basic
1,AB,p0_lower,108,108,0,None,Basic
1,AB,p0_lower,109,109,0,None,Basic
1,AB,p0_lower,110,110,0,None,Basic
1,AB,p0_lower,111,111,0,None,Basic
1,AB,p0_lower,112,112,0,None,Basic
1,AB,p0_lower,113,113,0,None,Basic
1,AB,p0_lower,114,114,0,None,Basic
1,AB,p0_lower,115,115,0,None,At lower bound
1,AB,p0_lower,116,116,0,None,At lower bound
1,AB,p0_lower,117,117,0,None,At lower bound
1,AB,p0_lower,118,118,0,None,At lower bound
1,AB,p0_lower,119,119,0,None,At lower bound
1,AB,p0_lower,120,120,0,None,At lower bound
1,AB,p0_lower,121,121,0,None,At lower bound
1,AB,p0_lower,122,122,0,None,At lower bound
1,AB,p0_lower,123,123,0,None,At lower bound
1,AB,p0_lower,124,124,0,None,At lower bound
1,AB,p0_lower,125,125,0,None,At lower bound
1,AB,p0_lower,126,126,0,None,At lower bound
1,AB,p0_lower,127,127,0,None,At lower bound
1,AB,p0_lower,128,128,0,None,At lower bound
1,AB,p0_lower,129,129,0,None,Basic
1,AB,p0_lower,130,130,0,None,Basic
1,AB,p0_lower,131,131,0,None,Basic
1,AB,p0_lower,132,132,0,None,Basic
1,AB,p0_lower,133,133,0,None,Basic
1,AB,p0_lower,134,134,0,None,Basic
1,AB,p0_lower,135,135,0,None,Basic
1,AB,p0_lower,136,136,0,None,Basic
1,AB,p0_lower,137,137,0,None,Basic
1,AB,p0_lower,138,138,0,None,At lower bound
1,AB,p0_lower,139,139,0,None,At lower bound
1,AB,p0_lower,140,140,0,None,At lower bound
1,AB,p0_lower,141,141,0,None,At lower bound
1,AB,p0_lower,142,142,0,None,At lower bound
1,AB,p0_lower,143,143,0,None,At lower bound
1,AB,p0_lower,144,144,0,None,At lower bound
1,AB,p0_lower,145,145,0,None,At lower bound
1,AB,p0_lower,146,146,0,None,At lower bound
1,AB,p0_lower,147,147,0,None,At lower bound
1,AB,p0_lower,148,148,0,None,At lower bound
1,AB,p0_lower,149,149,0,None,At lower bound
1,AB,p0_lower,150,150,0,None,At lower bound
1,AB,p0_lower,151,151,0,None,At lower bound
1,AB,p0_lower,152,152,0,None,At lower bound
1,AB,p0_lower,153,153,0,None,Basic
1,AB,p0_lower,154,154,0,None,Basic
1,AB,p0_lower,155,155,0,None,Basic
1,AB,p0_lower,156,156,0,None,Basic
1,AB,p0_lower,157,157,0,None,Basic
1,AB,p0_lower,158,158,0,None,Basic
1,AB,p0_lower,159,159,0,None,Basic
1,AB,p0_lower,160,160,0,None,Basic
1,AB,p0_lower,161,161,0,None,Basic
1,AB,p0_lower,162,162,0,None,At lower bound
1,AB,p0_lower,163,163,0,None,At lower bound
1,AB,p0_lower,164,164,0,None,At lower bound
1,AB,p0_lower,165,165,0,None,At lower bound
1,AB,p0_lower,166,166,0,None,At lower bound
1,AB,p0_lower,167,167,0,None,At lower bound
1,AB,p0_lower,168,168,0,None,At lower bound
1,AB,p1_port.flow,1,1,0,-0,None
1,AB,p1_port.flow,2,2,0,-0,None
1,AB,p1_port.flow,3,3,0,-0,None
1,AB,p1_port.flow,4,4,0,-0,None
1,AB,p1_port.flow,5,5,0,-0,None
1,AB,p1_port.flow,6,6,0,-0,None
1,AB,p1_port.flow,7,7,0,-0,None
1,AB,p1_port.flow,8,8,0,13,None
1,AB,p1_port.flow,9,9,0,25,None
1,AB,p1_port.flow,10,10,0,35,None
1,AB,p1_port.flow,11,11,0,43,None
1,AB,p1_port.flow,12,12,0,48,None
1,AB,p1_port.flow,13,13,0,50,None
1,AB,p1_port.flow,14,14,0,48,None
1,AB,p1_port.flow,15,15,0,43,None
1,AB,p1_port.flow,16,16,0,35,None
1,AB,p1_port.flow,17,17,0,25,None
1,AB,p1_port.flow,18,18,0,13,None
1,AB,p1_port.flow,19,19,0,-0,None
1,AB,p1_port.flow,20,20,0,-0,None
1,AB,p1_port.flow,21,21,0,-0,None
1,AB,p1_port.flow,22,22,0,-0,None
1,AB,p1_port.flow,23,23,0,-0,None
1,AB,p1_port.flow,24,24,0,-0,None
1,AB,p1_port.flow,25,25,0,-0,None
1,AB,p1_port.flow,26,26,0,-0,None
1,AB,p1_port.flow,27,27,0,-0,None
1,AB,p1_port.flow,28,28,0,-0,None
1,AB,p1_port.flow,29,29,0,-0,None
1,AB,p1_port.flow,30,30,0,-0,None
1,AB,p1_port.flow,31,31,0,-0,None
1,AB,p1_port.flow,32,32,0,13,None
1,AB,p1_port.flow,33,33,0,25,None
1,AB,p1_port.flow,34,34,0,35,None
1,AB,p1_port.flow,35,35,0,43,None
1,AB,p1_port.flow,36,36,0,48,None
1,AB,p1_port.flow,37,37,0,50,None
1,AB,p1_port.flow,38,38,0,48,None
1,AB,p1_port.flow,39,39,0,43,None
1,AB,p1_port.flow,40,40,0,35,None
1,AB,p1_port.flow,41,41,0,25,None
1,AB,p1_port.flow,42,42,0,13,None
1,AB,p1_port.flow,43,43,0,-0,None
1,AB,p1_port.flow,44,44,0,-0,None
1,AB,p1_port.flow,45,45,0,-0,None
1,AB,p1_port.flow,46,46,0,-0,None
1,AB,p1_port.flow,47,47,0,-0,None
1,AB,p1_port.flow,48,48,0,-0,None
1,AB,p1_port.flow,49,49,0,-0,None
1,AB,p1_port.flow,50,50,0,-0,None
1,AB,p1_port.flow,51,51,0,-0,None
1,AB,p1_port.flow,52,52,0,-0,None
1,AB,p1_port.flow,53,53,0,-0,None
1,AB,p1_port.flow,54,54,0,-0,None
1,AB,p1_port.flow,55,55,0,-0,None
1,AB,p1_port.flow,56,56,0,13,None
1,AB,p1_port.flow,57,57,0,25,None
1,AB,p1_port.flow,58,58,0,35,None
1,AB,p1_port.flow,59,59,0,43,None
1,AB,p1_port.flow,60,60,0,48,None
1,AB,p1_port.flow,61,61,0,50,None
1,AB,p1_port.flow,62,62,0,48,None
1,AB,p1_port.flow,63,63,0,43,None
1,AB,p1_port.flow,64,64,0,35,None
1,AB,p1_port.flow,65,65,0,25,None
1,AB,p1_port.flow,66,66,0,13,None
1,AB,p1_port.flow,67,67,0,-0,None
1,AB,p1_port.flow,68,68,0,-0,None
1,AB,p1_port.flow,69,69,0,-0,None
1,AB,p1_port.flow,70,70,0,-0,None
1,AB,p1_port.flow,71,71,0,-0,None
1,AB,p1_port.flow,72,72,0,-0,None
1,AB,p1_port.flow,73,73,0,-0,None
1,AB,p1_port.flow,74,74,0,-0,None
1,AB,p1_port.flow,75,75,0,-0,None
1,AB,p1_port.flow,76,76,0,-0,None
1,AB,p1_port.flow,77,77,0,-0,None
1,AB,p1_port.flow,78,78,0,-0,None
1,AB,p1_port.flow,79,79,0,-0,None
1,AB,p1_port.flow,80,80,0,13,None
1,AB,p1_port.flow,81,81,0,25,None
1,AB,p1_port.flow,82,82,0,35,None
1,AB,p1_port.flow,83,83,0,43,None
1,AB,p1_port.flow,84,84,0,48,None
1,AB,p1_port.flow,85,85,0,50,None
1,AB,p1_port.flow,86,86,0,48,None
1,AB,p1_port.flow,87,87,0,43,None
1,AB,p1_port.flow,88,88,0,35,None
1,AB,p1_port.flow,89,89,0,25,None
1,AB,p1_port.flow,90,90,0,13,None
1,AB,p1_port.flow,91,91,0,-0,None
1,AB,p1_port.flow,92,92,0,-0,None
1,AB,p1_port.flow,93,93,0,-0,None
1,AB,p1_port.flow,94,94,0,-0,None
1,AB,p1_port.flow,95,95,0,-0,None
1,AB,p1_port.flow,96,96,0,-0,None
1,AB,p1_port.flow,97,97,0,-0,None
1,AB,p1_port.flow,98,98,0,-0,None
1,AB,p1_port.flow,99,99,0,-0,None
1,AB,p1_port.flow,100,100,0,-0,None
1,AB,p1_port.flow,101,101,0,-0,None
1,AB,p1_port.flow,102,102,0,-0,None
1,AB,p1_port.flow,103,103,0,-0,None
1,AB,p1_port.flow,104,104,0,13,None
1,AB,p1_port.flow,105,105,0,25,None
1,AB,p1_port.flow,106,106,0,35,None
1,AB,p1_port.flow,107,107,0,43,None
1,AB,p1_port.flow,108,108,0,48,None
1,AB,p1_port.flow,109,109,0,50,None
1,AB,p1_port.flow,110,110,0,48,None
1,AB,p1_port.flow,111,111,0,43,None
1,AB,p1_port.flow,112,112,0,35,None
1,AB,p1_port.flow,113,113,0,25,None
1,AB,p1_port.flow,114,114,0,13,None
1,AB,p1_port.flow,115,115,0,-0,None
1,AB,p1_port.flow,116,116,0,-0,None
1,AB,p1_port.flow,117,117,0,-0,None
1,AB,p1_port.flow,118,118,0,-0,None
1,AB,p1_port.flow,119,119,0,-0,None
1,AB,p1_port.flow,120,120,0,-0,None
1,AB,p1_port.flow,121,121,0,-0,None
1,AB,p1_port.flow,122,122,0,-0,None
1,AB,p1_port.flow,123,123,0,-0,None
1,AB,p1_port.flow,124,124,0,-0,None
1,AB,p1_port.flow,125,125,0,-0,None
1,AB,p1_port.flow,126,126,0,-0,None
1,AB,p1_port.flow,127,127,0,-0,None
1,AB,p1_port.flow,128,128,0,-0,None
1,AB,p1_port.flow,129,129,0,5,None
1,AB,p1_port.flow,130,130,0,15,None
1,AB,p1_port.flow,131,131,0,23,None
1,AB,p1_port.flow,132,132,0,28,None
1,AB,p1_port.flow,133,133,0,30,None
1,AB,p1_port.flow,134,134,0,28,None
1,AB,p1_port.flow,135,135,0,23,None
1,AB,p1_port.flow,136,136,0,15,None
1,AB,p1_port.flow,137,137,0,5,None
1,AB,p1_port.flow,138,138,0,-0,None
1,AB,p1_port.flow,139,139,0,-0,None
1,AB,p1_port.flow,140,140,0,-0,None
1,AB,p1_port.flow,141,141,0,-0,None
1,AB,p1_port.flow,142,142,0,-0,None
1,AB,p1_port.flow,143,143,0,-0,None
1,AB,p1_port.flow,144,144,0,-0,None
1,AB,p1_port.flow,145,145,0,-0,None
1,AB,p1_port.flow,146,146,0,-0,None
1,AB,p1_port.flow,147,147,0,-0,None
1,AB,p1_port.flow,148,148,0,-0,None
1,AB,p1_port.flow,149,149,0,-0,None
1,AB,p1_port.flow,150,150,0,-0,None
1,AB,p1_port.flow,151,151,0,-0,None
1,AB,p1_port.flow,152,152,0,-0,None
1,AB,p1_port.flow,153,153,0,5,None
1,AB,p1_port.flow,154,154,0,15,None
1,AB,p1_port.flow,155,155,0,23,None
1,AB,p1_port.flow,156,156,0,28,None
1,AB,p1_port.flow,157,157,0,30,None
1,AB,p1_port.flow,158,158,0,28,None
1,AB,p1_port.flow,159,159,0,23,None
1,AB,p1_port.flow,160,160,0,15,None
1,AB,p1_port.flow,161,161,0,5,None
1,AB,p1_port.flow,162,162,0,-0,None
1,AB,p1_port.flow,163,163,0,-0,None
1,AB,p1_port.flow,164,164,0,-0,None
1,AB,p1_port.flow,165,165,0,-0,None
1,AB,p1_port.flow,166,166,0,-0,None
1,AB,p1_port.flow,167,167,0,-0,None
1,AB,p1_port.flow,168,168,0,-0,None
1,AB,p0_port.flow,1,1,0,0,None
1,AB,p0_port.flow,2,2,0,0,None
1,AB,p0_port.flow,3,3,0,0,None
1,AB,p0_port.flow,4,4,0,0,None
1,AB,p0_port.flow,5,5,0,0,None
1,AB,p0_port.flow,6,6,0,0,None
1,AB,p0_port.flow,7,7,0,0,None
1,AB,p0_port.flow,8,8,0,-13,None
1,AB,p0_port.flow,9,9,0,-25,None
1,AB,p0_port.flow,10,10,0,-35,None
1,AB,p0_port.flow,11,11,0,-43,None
1,AB,p0_port.flow,12,12,0,-48,None
1,AB,p0_port.flow,13,13,0,-50,None
1,AB,p0_port.flow,14,14,0,-48,None
1,AB,p0_port.flow,15,15,0,-43,None
1,AB,p0_port.flow,16,16,0,-35,None
1,AB,p0_port.flow,17,17,0,-25,None
1,AB,p0_port.flow,18,18,0,-13,None
1,AB,p0_port.flow,19,19,0,0,None
1,AB,p0_port.flow,20,20,0,0,None
1,AB,p0_port.flow,21,21,0,0,None
1,AB,p0_port.flow,22,22,0,0,None
1,AB,p0_port.flow,23,23,0,0,None
1,AB,p0_port.flow,24,24,0,0,None
1,AB,p0_port.flow,25,25,0,0,None
1,AB,p0_port.flow,26,26,0,0,None
1,AB,p0_port.flow,27,27,0,0,None
1,AB,p0_port.flow,28,28,0,0,None
1,AB,p0_port.flow,29,29,0,0,None
1,AB,p0_port.flow,30,30,0,0,None
1,AB,p0_port.flow,31,31,0,0,None
1,AB,p0_port.flow,32,32,0,-13,None
1,AB,p0_port.flow,33,33,0,-25,None
1,AB,p0_port.flow,34,34,0,-35,None
1,AB,p0_port.flow,35,35,0,-43,None
1,AB,p0_port.flow,36,36,0,-48,None
1,AB,p0_port.flow,37,37,0,-50,None
1,AB,p0_port.flow,38,38,0,-48,None
1,AB,p0_port.flow,39,39,0,-43,None
1,AB,p0_port.flow,40,40,0,-35,None
1,AB,p0_port.flow,41,41,0,-25,None
1,AB,p0_port.flow,42,42,0,-13,None
1,AB,p0_port.flow,43,43,0,0,None
1,AB,p0_port.flow,44,44,0,0,None
1,AB,p0_port.flow,45,45,0,0,None
1,AB,p0_port.flow,46,46,0,0,None
1,AB,p0_port.flow,47,47,0,0,None
1,AB,p0_port.flow,48,48,0,0,None
1,AB,p0_port.flow,49,49,0,0,None
1,AB,p0_port.flow,50,50,0,0,None
1,AB,p0_port.flow,51,51,0,0,None
1,AB,p0_port.flow,52,52,0,0,None
1,AB,p0_port.flow,53,53,0,0,None
1,AB,p0_port.flow,54,54,0,0,None
1,AB,p0_port.flow,55,55,0,0,None
1,AB,p0_port.flow,56,56,0,-13,None
1,AB,p0_port.flow,57,57,0,-25,None
1,AB,p0_port.flow,58,58,0,-35,None
1,AB,p0_port.flow,59,59,0,-43,None
1,AB,p0_port.flow,60,60,0,-48,None
1,AB,p0_port.flow,61,61,0,-50,None
1,AB,p0_port.flow,62,62,0,-48,None
1,AB,p0_port.flow,63,63,0,-43,None
1,AB,p0_port.flow,64,64,0,-35,None
1,AB,p0_port.flow,65,65,0,-25,None
1,AB,p0_port.flow,66,66,0,-13,None
1,AB,p0_port.flow,67,67,0,0,None
1,AB,p0_port.flow,68,68,0,0,None
1,AB,p0_port.flow,69,69,0,0,None
1,AB,p0_port.flow,70,70,0,0,None
1,AB,p0_port.flow,71,71,0,0,None
1,AB,p0_port.flow,72,72,0,0,None
1,AB,p0_port.flow,73,73,0,0,None
1,AB,p0_port.flow,74,74,0,0,None
1,AB,p0_port.flow,75,75,0,0,None
1,AB,p0_port.flow,76,76,0,0,None
1,AB,p0_port.flow,77,77,0,0,None
1,AB,p0_port.flow,78,78,0,0,None
1,AB,p0_port.flow,79,79,0,0,None
1,AB,p0_port.flow,80,80,0,-13,None
1,AB,p0_port.flow,81,81,0,-25,None
1,AB,p0_port.flow,82,82,0,-35,None
1,AB,p0_port.flow,83,83,0,-43,None
1,AB,p0_port.flow,84,84,0,-48,None
1,AB,p0_port.flow,85,85,0,-50,None
1,AB,p0_port.flow,86,86,0,-48,None
1,AB,p0_port.flow,87,87,0,-43,None
1,AB,p0_port.flow,88,88,0,-35,None
1,AB,p0_port.flow,89,89,0,-25,None
1,AB,p0_port.flow,90,90,0,-13,None
1,AB,p0_port.flow,91,91,0,0,None
1,AB,p0_port.flow,92,92,0,0,None
1,AB,p0_port.flow,93,93,0,0,None
1,AB,p0_port.flow,94,94,0,0,None
1,AB,p0_port.flow,95,95,0,0,None
1,AB,p0_port.flow,96,96,0,0,None
1,AB,p0_port.flow,97,97,0,0,None
1,AB,p0_port.flow,98,98,0,0,None
1,AB,p0_port.flow,99,99,0,0,None
1,AB,p0_port.flow,100,100,0,0,None
1,AB,p0_port.flow,101,101,0,0,None
1,AB,p0_port.flow,102,102,0,0,None
1,AB,p0_port.flow,103,103,0,0,None
1,AB,p0_port.flow,104,104,0,-13,None
1,AB,p0_port.flow,105,105,0,-25,None
1,AB,p0_port.flow,106,106,0,-35,None
1,AB,p0_port.flow,107,107,0,-43,None
1,AB,p0_port.flow,108,108,0,-48,None
1,AB,p0_port.flow,109,109,0,-50,None
1,AB,p0_port.flow,110,110,0,-48,None
1,AB,p0_port.flow,111,111,0,-43,None
1,AB,p0_port.flow,112,112,0,-35,None
1,AB,p0_port.flow,113,113,0,-25,None
1,AB,p0_port.flow,114,114,0,-13,None
1,AB,p0_port.flow,115,115,0,0,None
1,AB,p0_port.flow,116,116,0,0,None
1,AB,p0_port.flow,117,117,0,0,None
1,AB,p0_port.flow,118,118,0,0,None
1,AB,p0_port.flow,119,119,0,0,None
1,AB,p0_port.flow,120,120,0,0,None
1,AB,p0_port.flow,121,121,0,0,None
1,AB,p0_port.flow,122,122,0,0,None
1,AB,p0_port.flow,123,123,0,0,None
1,AB,p0_port.flow,124,124,0,0,None
1,AB,p0_port.flow,125,125,0,0,None
1,AB,p0_port.flow,126,126,0,0,None
1,AB,p0_port.flow,127,127,0,0,None
1,AB,p0_port.flow,128,128,0,0,None
1,AB,p0_port.flow,129,129,0,-5,None
1,AB,p0_port.flow,130,130,0,-15,None
1,AB,p0_port.flow,131,131,0,-23,None
1,AB,p0_port.flow,132,132,0,-28,None
1,AB,p0_port.flow,133,133,0,-30,None
1,AB,p0_port.flow,134,134,0,-28,None
1,AB,p0_port.flow,135,135,0,-23,None
1,AB,p0_port.flow,136,136,0,-15,None
1,AB,p0_port.flow,137,137,0,-5,None
1,AB,p0_port.flow,138,138,0,0,None
1,AB,p0_port.flow,139,139,0,0,None
1,AB,p0_port.flow,140,140,0,0,None
1,AB,p0_port.flow,141,141,0,0,None
1,AB,p0_port.flow,142,142,0,0,None
1,AB,p0_port.flow,143,143,0,0,None
1,AB,p0_port.flow,144,144,0,0,None
1,AB,p0_port.flow,145,145,0,0,None
1,AB,p0_port.flow,146,146,0,0,None
1,AB,p0_port.flow,147,147,0,0,None
1,AB,p0_port.flow,148,148,0,0,None
1,AB,p0_port.flow,149,149,0,0,None
1,AB,p0_port.flow,150,150,0,0,None
1,AB,p0_port.flow,151,151,0,0,None
1,AB,p0_port.flow,152,152,0,0,None
1,AB,p0_port.flow,153,153,0,-5,None
1,AB,p0_port.flow,154,154,0,-15,None
1,AB,p0_port.flow,155,155,0,-23,None
1,AB,p0_port.flow,156,156,0,-28,None
1,AB,p0_port.flow,157,157,0,-30,None
1,AB,p0_port.flow,158,158,0,-28,None
1,AB,p0_port.flow,159,159,0,-23,None
1,AB,p0_port.flow,160,160,0,-15,None
1,AB,p0_port.flow,161,161,0,-5,None
1,AB,p0_port.flow,162,162,0,0,None
1,AB,p0_port.flow,163,163,0,0,None
1,AB,p0_port.flow,164,164,0,0,None
1,AB,p0_port.flow,165,165,0,0,None
1,AB,p0_port.flow,166,166,0,0,None
1,AB,p0_port.flow,167,167,0,0,None
1,AB,p0_port.flow,168,168,0,0,None
1,BC,p_nom,None,None,None,100,Fixed value
1,BC,p0,1,1,0,0,Basic
1,BC,p0,2,2,0,0,Basic
1,BC,p0,3,3,0,0,Basic
1,BC,p0,4,4,0,0,Basic
1,BC,p0,5,5,0,0,Basic
1,BC,p0,6,6,0,0,Basic
1,BC,p0,7,7,0,0,Basic
1,BC,p0,8,8,0,13,Basic
1,BC,p0,9,9,0,25,Basic
1,BC,p0,10,10,0,35,Basic
1,BC,p0,11,11,0,43,Basic
1,BC,p0,12,12,0,48,Basic
1,BC,p0,13,13,0,50,Basic
1,BC,p0,14,14,0,48,Basic
1,BC,p0,15,15,0,43,Basic
1,BC,p0,16,16,0,35,Basic
1,BC,p0,17,17,0,25,Basic
1,BC,p0,18,18,0,13,Basic
1,BC,p0,19,19,0,0,Basic
1,BC,p0,20,20,0,0,Basic
1,BC,p0,21,21,0,0,Basic
1,BC,p0,22,22,0,0,Basic
1,BC,p0,23,23,0,0,Basic
1,BC,p0,24,24,0,0,Basic
1,BC,p0,25,25,0,0,Basic
1,BC,p0,26,26,0,0,Basic
1,BC,p0,27,27,0,0,Basic
1,BC,p0,28,28,0,0,Basic
1,BC,p0,29,29,0,0,Basic
1,BC,p0,30,30,0,0,Basic
1,BC,p0,31,31,0,0,Basic
1,BC,p0,32,32,0,13,Basic
1,BC,p0,33,33,0,25,Basic
1,BC,p0,34,34,0,35,Basic
1,BC,p0,35,35,0,43,Basic
1,BC,p0,36,36,0,48,Basic
1,BC,p0,37,37,0,50,Basic
1,BC,p0,38,38,0,48,Basic
1,BC,p0,39,39,0,43,Basic
1,BC,p0,40,40,0,35,Basic
1,BC,p0,41,41,0,25,Basic
1,BC,p0,42,42,0,13,Basic
1,BC,p0,43,43,0,0,Basic
1,BC,p0,44,44,0,0,Basic
1,BC,p0,45,45,0,0,Basic
1,BC,p0,46,46,0,0,Basic
1,BC,p0,47,47,0,0,Basic
1,BC,p0,48,48,0,0,Basic
1,BC,p0,49,49,0,0,Basic
1,BC,p0,50,50,0,0,Basic
1,BC,p0,51,51,0,0,Basic
1,BC,p0,52,52,0,0,Basic
1,BC,p0,53,53,0,0,Basic
1,BC,p0,54,54,0,0,Basic
1,BC,p0,55,55,0,0,Basic
1,BC,p0,56,56,0,13,Basic
1,BC,p0,57,57,0,25,Basic
1,BC,p0,58,58,0,35,Basic
1,BC,p0,59,59,0,43,Basic
1,BC,p0,60,60,0,48,Basic
1,BC,p0,61,61,0,50,Basic
1,BC,p0,62,62,0,48,Basic
1,BC,p0,63,63,0,43,Basic
1,BC,p0,64,64,0,35,Basic
1,BC,p0,65,65,0,25,Basic
1,BC,p0,66,66,0,13,Basic
1,BC,p0,67,67,0,0,Basic
1,BC,p0,68,68,0,0,Basic
1,BC,p0,69,69,0,0,Basic
1,BC,p0,70,70,0,0,Basic
1,BC,p0,71,71,0,0,Basic
1,BC,p0,72,72,0,0,Basic
1,BC,p0,73,73,0,0,Basic
1,BC,p0,74,74,0,0,Basic
1,BC,p0,75,75,0,0,Basic
1,BC,p0,76,76,0,0,Basic
1,BC,p0,77,77,0,0,Basic
1,BC,p0,78,78,0,0,Basic
1,BC,p0,79,79,0,0,Basic
1,BC,p0,80,80,0,13,Basic
1,BC,p0,81,81,0,25,Basic
1,BC,p0,82,82,0,35,Basic
1,BC,p0,83,83,0,43,Basic
1,BC,p0,84,84,0,48,Basic
1,BC,p0,85,85,0,50,Basic
1,BC,p0,86,86,0,48,Basic
1,BC,p0,87,87,0,43,Basic
1,BC,p0,88,88,0,35,Basic
1,BC,p0,89,89,0,25,Basic
1,BC,p0,90,90,0,13,Basic
1,BC,p0,91,91,0,0,Basic
1,BC,p0,92,92,0,0,Basic
1,BC,p0,93,93,0,0,Basic
1,BC,p0,94,94,0,0,Basic
1,BC,p0,95,95,0,0,Basic
1,BC,p0,96,96,0,0,Basic
1,BC,p0,97,97,0,0,Basic
1,BC,p0,98,98,0,0,Basic
1,BC,p0,99,99,0,0,Basic
1,BC,p0,100,100,0,0,Basic
1,BC,p0,101,101,0,0,Basic
1,BC,p0,102,102,0,0,Basic
1,BC,p0,103,103,0,0,Basic
1,BC,p0,104,104,0,13,Basic
1,BC,p0,105,105,0,25,Basic
1,BC,p0,106,106,0,35,Basic
1,BC,p0,107,107,0,43,Basic
1,BC,p0,108,108,0,48,Basic
1,BC,p0,109,109,0,50,Basic
1,BC,p0,110,110,0,48,Basic
1,BC,p0,111,111,0,43,Basic
1,BC,p0,112,112,0,35,Basic
1,BC,p0,113,113,0,25,Basic
1,BC,p0,114,114,0,13,Basic
1,BC,p0,115,115,0,0,Basic
1,BC,p0,116,116,0,0,Basic
1,BC,p0,117,117,0,0,Basic
1,BC,p0,118,118,0,0,Basic
1,BC,p0,119,119,0,0,Basic
1,BC,p0,120,120,0,0,Basic
1,BC,p0,121,121,0,0,Basic
1,BC,p0,122,122,0,0,Basic
1,BC,p0,123,123,0,0,Basic
1,BC,p0,124,124,0,0,Basic
1,BC,p0,125,125,0,0,Basic
1,BC,p0,126,126,0,0,Basic
1,BC,p0,127,127,0,0,Basic
1,BC,p0,128,128,0,0,Basic
1,BC,p0,129,129,0,5,Basic
1,BC,p0,130,130,0,15,Basic
1,BC,p0,131,131,0,23,Basic
1,BC,p0,132,132,0,28,Basic
1,BC,p0,133,133,0,30,Basic
1,BC,p0,134,134,0,28,Basic
1,BC,p0,135,135,0,23,Basic
1,BC,p0,136,136,0,15,Basic
1,BC,p0,137,137,0,5,Basic
1,BC,p0,138,138,0,0,Basic
1,BC,p0,139,139,0,0,Basic
1,BC,p0,140,140,0,0,Basic
1,BC,p0,141,141,0,0,Basic
1,BC,p0,142,142,0,0,Basic
1,BC,p0,143,143,0,0,Basic
1,BC,p0,144,144,0,0,Basic
1,BC,p0,145,145,0,0,Basic
1,BC,p0,146,146,0,0,Basic
1,BC,p0,147,147,0,0,Basic
1,BC,p0,148,148,0,0,Basic
1,BC,p0,149,149,0,0,Basic
1,BC,p0,150,150,0,0,Basic
1,BC,p0,151,151,0,0,Basic
1,BC,p0,152,152,0,0,Basic
1,BC,p0,153,153,0,5,Basic
1,BC,p0,154,154,0,15,Basic
1,BC,p0,155,155,0,23,Basic
1,BC,p0,156,156,0,28,Basic
1,BC,p0,157,157,0,30,Basic
1,BC,p0,158,158,0,28,Basic
1,BC,p0,159,159,0,23,Basic
1,BC,p0,160,160,0,15,Basic
1,BC,p0,161,161,0,5,Basic
1,BC,p0,162,162,0,0,Basic
1,BC,p0,163,163,0,0,Basic
1,BC,p0,164,164,0,0,Basic
1,BC,p0,165,165,0,0,Basic
1,BC,p0,166,166,0,0,Basic
1,BC,p0,167,167,0,0,Basic
1,BC,p0,168,168,0,0,Basic
1,BC,p0_upper,1,1,0,None,Basic
1,BC,p0_upper,2,2,0,None,Basic
1,BC,p0_upper,3,3,0,None,Basic
1,BC,p0_upper,4,4,0,None,Basic
1,BC,p0_upper,5,5,0,None,Basic
1,BC,p0_upper,6,6,0,None,Basic
1,BC,p0_upper,7,7,0,None,Basic
1,BC,p0_upper,8,8,0,None,Basic
1,BC,p0_upper,9,9,0,None,Basic
1,BC,p0_upper,10,10,0,None,Basic
1,BC,p0_upper,11,11,0,None,Basic
1,BC,p0_upper,12,12,0,None,Basic
1,BC,p0_upper,13,13,0,None,Basic
1,BC,p0_upper,14,14,0,None,Basic
1,BC,p0_upper,15,15,0,None,Basic
1,BC,p0_upper,16,16,0,None,Basic
1,BC,p0_upper,17,17,0,None,Basic
1,BC,p0_upper,18,18,0,None,Basic
1,BC,p0_upper,19,19,0,None,Basic
1,BC,p0_upper,20,20,0,None,Basic
1,BC,p0_upper,21,21,0,None,Basic
1,BC,p0_upper,22,22,0,None,Basic
1,BC,p0_upper,23,23,0,None,Basic
1,BC,p0_upper,24,24,0,None,Basic
1,BC,p0_upper,25,25,0,None,Basic
1,BC,p0_upper,26,26,0,None,Basic
1,BC,p0_upper,27,27,0,None,Basic
1,BC,p0_upper,28,28,0,None,Basic
1,BC,p0_upper,29,29,0,None,Basic
1,BC,p0_upper,30,30,0,None,Basic
1,BC,p0_upper,31,31,0,None,Basic
1,BC,p0_upper,32,32,0,None,Basic
1,BC,p0_upper,33,33,0,None,Basic
1,BC,p0_upper,34,34,0,None,Basic
1,BC,p0_upper,35,35,0,None,Basic
1,BC,p0_upper,36,36,0,None,Basic
1,BC,p0_upper,37,37,0,None,Basic
1,BC,p0_upper,38,38,0,None,Basic
1,BC,p0_upper,39,39,0,None,Basic
1,BC,p0_upper,40,40,0,None,Basic
1,BC,p0_upper,41,41,0,None,Basic
1,BC,p0_upper,42,42,0,None,Basic
1,BC,p0_upper,43,43,0,None,Basic
1,BC,p0_upper,44,44,0,None,Basic
1,BC,p0_upper,45,45,0,None,Basic
1,BC,p0_upper,46,46,0,None,Basic
1,BC,p0_upper,47,47,0,None,Basic
1,BC,p0_upper,48,48,0,None,Basic
1,BC,p0_upper,49,49,0,None,Basic
1,BC,p0_upper,50,50,0,None,Basic
1,BC,p0_upper,51,51,0,None,Basic
1,BC,p0_upper,52,52,0,None,Basic
1,BC,p0_upper,53,53,0,None,Basic
1,BC,p0_upper,54,54,0,None,Basic
1,BC,p0_upper,55,55,0,None,Basic
1,BC,p0_upper,56,56,0,None,Basic
1,BC,p0_upper,57,57,0,None,Basic
1,BC,p0_upper,58,58,0,None,Basic
1,BC,p0_upper,59,59,0,None,Basic
1,BC,p0_upper,60,60,0,None,Basic
1,BC,p0_upper,61,61,0,None,Basic
1,BC,p0_upper,62,62,0,None,Basic
1,BC,p0_upper,63,63,0,None,Basic
1,BC,p0_upper,64,64,0,None,Basic
1,BC,p0_upper,65,65,0,None,Basic
1,BC,p0_upper,66,66,0,None,Basic
1,BC,p0_upper,67,67,0,None,Basic
1,BC,p0_upper,68,68,0,None,Basic
1,BC,p0_upper,69,69,0,None,Basic
1,BC,p0_upper,70,70,0,None,Basic
1,BC,p0_upper,71,71,0,None,Basic
1,BC,p0_upper,72,72,0,None,Basic
1,BC,p0_upper,73,73,0,None,Basic
1,BC,p0_upper,74,74,0,None,Basic
1,BC,p0_upper,75,75,0,None,Basic
1,BC,p0_upper,76,76,0,None,Basic
1,BC,p0_upper,77,77,0,None,Basic
1,BC,p0_upper,78,78,0,None,Basic
1,BC,p0_upper,79,79,0,None,Basic
1,BC,p0_upper,80,80,0,None,Basic
1,BC,p0_upper,81,81,0,None,Basic
1,BC,p0_upper,82,82,0,None,Basic
1,BC,p0_upper,83,83,0,None,Basic
1,BC,p0_upper,84,84,0,None,Basic
1,BC,p0_upper,85,85,0,None,Basic
1,BC,p0_upper,86,86,0,None,Basic
1,BC,p0_upper,87,87,0,None,Basic
1,BC,p0_upper,88,88,0,None,Basic
1,BC,p0_upper,89,89,0,None,Basic
1,BC,p0_upper,90,90,0,None,Basic
1,BC,p0_upper,91,91,0,None,Basic
1,BC,p0_upper,92,92,0,None,Basic
1,BC,p0_upper,93,93,0,None,Basic
1,BC,p0_upper,94,94,0,None,Basic
1,BC,p0_upper,95,95,0,None,Basic
1,BC,p0_upper,96,96,0,None,Basic
1,BC,p0_upper,97,97,0,None,Basic
1,BC,p0_upper,98,98,0,None,Basic
1,BC,p0_upper,99,99,0,None,Basic
1,BC,p0_upper,100,100,0,None,Basic
1,BC,p0_upper,101,101,0,None,Basic
1,BC,p0_upper,102,102,0,None,Basic
1,BC,p0_upper,103,103,0,None,Basic
1,BC,p0_upper,104,104,0,None,Basic
1,BC,p0_upper,105,105,0,None,Basic
1,BC,p0_upper,106,106,0,None,Basic
1,BC,p0_upper,107,107,0,None,Basic
1,BC,p0_upper,108,108,0,None,Basic
1,BC,p0_upper,109,109,0,None,Basic
1,BC,p0_upper,110,110,0,None,Basic
1,BC,p0_upper,111,111,0,None,Basic
1,BC,p0_upper,112,112,0,None,Basic
1,BC,p0_upper,113,113,0,None,Basic
1,BC,p0_upper,114,114,0,None,Basic
1,BC,p0_upper,115,115,0,None,Basic
1,BC,p0_upper,116,116,0,None,Basic
1,BC,p0_upper,117,117,0,None,Basic
1,BC,p0_upper,118,118,0,None,Basic
1,BC,p0_upper,119,119,0,None,Basic
1,BC,p0_upper,120,120,0,None,Basic
1,BC,p0_upper,121,121,0,None,Basic
1,BC,p0_upper,122,122,0,None,Basic
1,BC,p0_upper,123,123,0,None,Basic
1,BC,p0_upper,124,124,0,None,Basic
1,BC,p0_upper,125,125,0,None,Basic
1,BC,p0_upper,126,126,0,None,Basic
1,BC,p0_upper,127,127,0,None,Basic
1,BC,p0_upper,128,128,0,None,Basic
1,BC,p0_upper,129,129,0,None,Basic
1,BC,p0_upper,130,130,0,None,Basic
1,BC,p0_upper,131,131,0,None,Basic
1,BC,p0_upper,132,132,0,None,Basic
1,BC,p0_upper,133,133,0,None,Basic
1,BC,p0_upper,134,134,0,None,Basic
1,BC,p0_upper,135,135,0,None,Basic
1,BC,p0_upper,136,136,0,None,Basic
1,BC,p0_upper,137,137,0,None,Basic
1,BC,p0_upper,138,138,0,None,Basic
1,BC,p0_upper,139,139,0,None,Basic
1,BC,p0_upper,140,140,0,None,Basic
1,BC,p0_upper,141,141,0,None,Basic
1,BC,p0_upper,142,142,0,None,Basic
1,BC,p0_upper,143,143,0,None,Basic
1,BC,p0_upper,144,144,0,None,Basic
1,BC,p0_upper,145,145,0,None,Basic
1,BC,p0_upper,146,146,0,None,Basic
1,BC,p0_upper,147,147,0,None,Basic
1,BC,p0_upper,148,148,0,None,Basic
1,BC,p0_upper,149,149,0,None,Basic
1,BC,p0_upper,150,150,0,None,Basic
1,BC,p0_upper,151,151,0,None,Basic
1,BC,p0_upper,152,152,0,None,Basic
1,BC,p0_upper,153,153,0,None,Basic
1,BC,p0_upper,154,154,0,None,Basic
1,BC,p0_upper,155,155,0,None,Basic
1,BC,p0_upper,156,156,0,None,Basic
1,BC,p0_upper,157,157,0,None,Basic
1,BC,p0_upper,158,158,0,None,Basic
1,BC,p0_upper,159,159,0,None,Basic
1,BC,p0_upper,160,160,0,None,Basic
1,BC,p0_upper,161,161,0,None,Basic
1,BC,p0_upper,162,162,0,None,Basic
1,BC,p0_upper,163,163,0,None,Basic
1,BC,p0_upper,164,164,0,None,Basic
1,BC,p0_upper,165,165,0,None,Basic
1,BC,p0_upper,166,166,0,None,Basic
1,BC,p0_upper,167,167,0,None,Basic
1,BC,p0_upper,168,168,0,None,Basic
1,BC,p0_lower,1,1,0,None,Basic
1,BC,p0_lower,2,2,0,None,Basic
1,BC,p0_lower,3,3,0,None,Basic
1,BC,p0_lower,4,4,0,None,Basic
1,BC,p0_lower,5,5,0,None,Basic
1,BC,p0_lower,6,6,0,None,Basic
1,BC,p0_lower,7,7,0,None,Basic
1,BC,p0_lower,8,8,0,None,Basic
1,BC,p0_lower,9,9,0,None,Basic
1,BC,p0_lower,10,10,0,None,Basic
1,BC,p0_lower,11,11,0,None,Basic
1,BC,p0_lower,12,12,0,None,Basic
1,BC,p0_lower,13,13,0,None,Basic
1,BC,p0_lower,14,14,0,None,Basic
1,BC,p0_lower,15,15,0,None,Basic
1,BC,p0_lower,16,16,0,None,Basic
1,BC,p0_lower,17,17,0,None,Basic
1,BC,p0_lower,18,18,0,None,Basic
1,BC,p0_lower,19,19,0,None,Basic
1,BC,p0_lower,20,20,0,None,Basic
1,BC,p0_lower,21,21,0,None,Basic
1,BC,p0_lower,22,22,0,None,Basic
1,BC,p0_lower,23,23,0,None,Basic
1,BC,p0_lower,24,24,0,None,Basic
1,BC,p0_lower,25,25,0,None,Basic
1,BC,p0_lower,26,26,0,None,Basic
1,BC,p0_lower,27,27,0,None,Basic
1,BC,p0_lower,28,28,0,None,Basic
1,BC,p0_lower,29,29,0,None,Basic
1,BC,p0_lower,30,30,0,None,Basic
1,BC,p0_lower,31,31,0,None,Basic
1,BC,p0_lower,32,32,0,None,Basic
1,BC,p0_lower,33,33,0,None,Basic
1,BC,p0_lower,34,34,0,None,Basic
1,BC,p0_lower,35,35,0,None,Basic
1,BC,p0_lower,36,36,0,None,Basic
1,BC,p0_lower,37,37,0,None,Basic
1,BC,p0_lower,38,38,0,None,Basic
1,BC,p0_lower,39,39,0,None,Basic
1,BC,p0_lower,40,40,0,None,Basic
1,BC,p0_lower,41,41,0,None,Basic
1,BC,p0_lower,42,42,0,None,Basic
1,BC,p0_lower,43,43,0,None,Basic
1,BC,p0_lower,44,44,0,None,Basic
1,BC,p0_lower,45,45,0,None,Basic
1,BC,p0_lower,46,46,0,None,Basic
1,BC,p0_lower,47,47,0,None,Basic
1,BC,p0_lower,48,48,0,None,Basic
1,BC,p0_lower,49,49,0,None,Basic
1,BC,p0_lower,50,50,0,None,Basic
1,BC,p0_lower,51,51,0,None,Basic
1,BC,p0_lower,52,52,0,None,Basic
1,BC,p0_lower,53,53,0,None,Basic
1,BC,p0_lower,54,54,0,None,Basic
1,BC,p0_lower,55,55,0,None,Basic
1,BC,p0_lower,56,56,0,None,Basic
1,BC,p0_lower,57,57,0,None,Basic
1,BC,p0_lower,58,58,0,None,Basic
1,BC,p0_lower,59,59,0,None,Basic
1,BC,p0_lower,60,60,0,None,Basic
1,BC,p0_lower,61,61,0,None,Basic
1,BC,p0_lower,62,62,0,None,Basic
1,BC,p0_lower,63,63,0,None,Basic
1,BC,p0_lower,64,64,0,None,Basic
1,BC,p0_lower,65,65,0,None,Basic
1,BC,p0_lower,66,66,0,None,Basic
1,BC,p0_lower,67,67,0,None,Basic
1,BC,p0_lower,68,68,0,None,Basic
1,BC,p0_lower,69,69,0,None,Basic
1,BC,p0_lower,70,70,0,None,Basic
1,BC,p0_lower,71,71,0,None,Basic
1,BC,p0_lower,72,72,0,None,Basic
1,BC,p0_lower,73,73,0,None,Basic
1,BC,p0_lower,74,74,0,None,Basic
1,BC,p0_lower,75,75,0,None,Basic
1,BC,p0_lower,76,76,0,None,Basic
1,BC,p0_lower,77,77,0,None,Basic
1,BC,p0_lower,78,78,0,None,Basic
1,BC,p0_lower,79,79,0,None,Basic
1,BC,p0_lower,80,80,0,None,Basic
1,BC,p0_lower,81,81,0,None,Basic
1,BC,p0_lower,82,82,0,None,Basic
1,BC,p0_lower,83,83,0,None,Basic
1,BC,p0_lower,84,84,0,None,Basic
1,BC,p0_lower,85,85,0,None,Basic
1,BC,p0_lower,86,86,0,None,Basic
1,BC,p0_lower,87,87,0,None,Basic
1,BC,p0_lower,88,88,0,None,Basic
1,BC,p0_lower,89,89,0,None,Basic
1,BC,p0_lower,90,90,0,None,Basic
1,BC,p0_lower,91,91,0,None,Basic
1,BC,p0_lower,92,92,0,None,Basic
1,BC,p0_lower,93,93,0,None,Basic
1,BC,p0_lower,94,94,0,None,Basic
1,BC,p0_lower,95,95,0,None,Basic
1,BC,p0_lower,96,96,0,None,Basic
1,BC,p0_lower,97,97,0,None,Basic
1,BC,p0_lower,98,98,0,None,Basic
1,BC,p0_lower,99,99,0,None,Basic
1,BC,p0_lower,100,100,0,None,Basic
1,BC,p0_lower,101,101,0,None,Basic
1,BC,p0_lower,102,102,0,None,Basic
1,BC,p0_lower,103,103,0,None,Basic
1,BC,p0_lower,104,104,0,None,Basic
1,BC,p0_lower,105,105,0,None,Basic
1,BC,p0_lower,106,106,0,None,Basic
1,BC,p0_lower,107,107,0,None,Basic
1,BC,p0_lower,108,108,0,None,Basic
1,BC,p0_lower,109,109,0,None,Basic
1,BC,p0_lower,110,110,0,None,Basic
1,BC,p0_lower,111,111,0,None,Basic
1,BC,p0_lower,112,112,0,None,Basic
1,BC,p0_lower,113,113,0,None,Basic
1,BC,p0_lower,114,114,0,None,Basic
1,BC,p0_lower,115,115,0,None,Basic
1,BC,p0_lower,116,116,0,None,Basic
1,BC,p0_lower,117,117,0,None,Basic
1,BC,p0_lower,118,118,0,None,Basic
1,BC,p0_lower,119,119,0,None,Basic
1,BC,p0_lower,120,120,0,None,Basic
1,BC,p0_lower,121,121,0,None,Basic
1,BC,p0_lower,122,122,0,None,Basic
1,BC,p0_lower,123,123,0,None,Basic
1,BC,p0_lower,124,124,0,None,Basic
1,BC,p0_lower,125,125,0,None,Basic
1,BC,p0_lower,126,126,0,None,Basic
1,BC,p0_lower,127,127,0,None,Basic
1,BC,p0_lower,128,128,0,None,Basic
1,BC,p0_lower,129,129,0,None,Basic
1,BC,p0_lower,130,130,0,None,Basic
1,BC,p0_lower,131,131,0,None,Basic
1,BC,p0_lower,132,132,0,None,Basic
1,BC,p0_lower,133,133,0,None,Basic
1,BC,p0_lower,134,134,0,None,Basic
1,BC,p0_lower,135,135,0,None,Basic
1,BC,p0_lower,136,136,0,None,Basic
1,BC,p0_lower,137,137,0,None,Basic
1,BC,p0_lower,138,138,0,None,Basic
1,BC,p0_lower,139,139,0,None,Basic
1,BC,p0_lower,140,140,0,None,Basic
1,BC,p0_lower,141,141,0,None,Basic
1,BC,p0_lower,142,142,0,None,Basic
1,BC,p0_lower,143,143,0,None,Basic
1,BC,p0_lower,144,144,0,None,Basic
1,BC,p0_lower,145,145,0,None,Basic
1,BC,p0_lower,146,146,0,None,Basic
1,BC,p0_lower,147,147,0,None,Basic
1,BC,p0_lower,148,148,0,None,Basic
1,BC,p0_lower,149,149,0,None,Basic
1,BC,p0_lower,150,150,0,None,Basic
1,BC,p0_lower,151,151,0,None,Basic
1,BC,p0_lower,152,152,0,None,Basic
1,BC,p0_lower,153,153,0,None,Basic
1,BC,p0_lower,154,154,0,None,Basic
1,BC,p0_lower,155,155,0,None,Basic
1,BC,p0_lower,156,156,0,None,Basic
1,BC,p0_lower,157,157,0,None,Basic
1,BC,p0_lower,158,158,0,None,Basic
1,BC,p0_lower,159,159,0,None,Basic
1,BC,p0_lower,160,160,0,None,Basic
1,BC,p0_lower,161,161,0,None,Basic
1,BC,p0_lower,162,162,0,None,Basic
1,BC,p0_lower,163,163,0,None,Basic
1,BC,p0_lower,164,164,0,None,Basic
1,BC,p0_lower,165,165,0,None,Basic
1,BC,p0_lower,166,166,0,None,Basic
1,BC,p0_lower,167,167,0,None,Basic
1,BC,p0_lower,168,168,0,None,Basic
1,BC,p1_port.flow,1,1,0,0,None
1,BC,p1_port.flow,2,2,0,0,None
1,BC,p1_port.flow,3,3,0,0,None
1,BC,p1_port.flow,4,4,0,0,None
1,BC,p1_port.flow,5,5,0,0,None
1,BC,p1_port.flow,6,6,0,0,None
1,BC,p1_port.flow,7,7,0,0,None
1,BC,p1_port.flow,8,8,0,13,None
1,BC,p1_port.flow,9,9,0,25,None
1,BC,p1_port.flow,10,10,0,35,None
1,BC,p1_port.flow,11,11,0,43,None
1,BC,p1_port.flow,12,12,0,48,None
1,BC,p1_port.flow,13,13,0,50,None
1,BC,p1_port.flow,14,14,0,48,None
1,BC,p1_port.flow,15,15,0,43,None
1,BC,p1_port.flow,16,16,0,35,None
1,BC,p1_port.flow,17,17,0,25,None
1,BC,p1_port.flow,18,18,0,13,None
1,BC,p1_port.flow,19,19,0,0,None
1,BC,p1_port.flow,20,20,0,0,None
1,BC,p1_port.flow,21,21,0,0,None
1,BC,p1_port.flow,22,22,0,0,None
1,BC,p1_port.flow,23,23,0,0,None
1,BC,p1_port.flow,24,24,0,0,None
1,BC,p1_port.flow,25,25,0,0,None
1,BC,p1_port.flow,26,26,0,0,None
1,BC,p1_port.flow,27,27,0,0,None
1,BC,p1_port.flow,28,28,0,0,None
1,BC,p1_port.flow,29,29,0,0,None
1,BC,p1_port.flow,30,30,0,0,None
1,BC,p1_port.flow,31,31,0,0,None
1,BC,p1_port.flow,32,32,0,13,None
1,BC,p1_port.flow,33,33,0,25,None
1,BC,p1_port.flow,34,34,0,35,None
1,BC,p1_port.flow,35,35,0,43,None
1,BC,p1_port.flow,36,36,0,48,None
1,BC,p1_port.flow,37,37,0,50,None
1,BC,p1_port.flow,38,38,0,48,None
1,BC,p1_port.flow,39,39,0,43,None
1,BC,p1_port.flow,40,40,0,35,None
1,BC,p1_port.flow,41,41,0,25,None
1,BC,p1_port.flow,42,42,0,13,None
1,BC,p1_port.flow,43,43,0,0,None
1,BC,p1_port.flow,44,44,0,0,None
1,BC,p1_port.flow,45,45,0,0,None
1,BC,p1_port.flow,46,46,0,0,None
1,BC,p1_port.flow,47,47,0,0,None
1,BC,p1_port.flow,48,48,0,0,None
1,BC,p1_port.flow,49,49,0,0,None
1,BC,p1_port.flow,50,50,0,0,None
1,BC,p1_port.flow,51,51,0,0,None
1,BC,p1_port.flow,52,52,0,0,None
1,BC,p1_port.flow,53,53,0,0,None
1,BC,p1_port.flow,54,54,0,0,None
1,BC,p1_port.flow,55,55,0,0,None
1,BC,p1_port.flow,56,56,0,13,None
1,BC,p1_port.flow,57,57,0,25,None
1,BC,p1_port.flow,58,58,0,35,None
1,BC,p1_port.flow,59,59,0,43,None
1,BC,p1_port.flow,60,60,0,48,None
1,BC,p1_port.flow,61,61,0,50,None
1,BC,p1_port.flow,62,62,0,48,None
1,BC,p1_port.flow,63,63,0,43,None
1,BC,p1_port.flow,64,64,0,35,None
1,BC,p1_port.flow,65,65,0,25,None
1,BC,p1_port.flow,66,66,0,13,None
1,BC,p1_port.flow,67,67,0,0,None
1,BC,p1_port.flow,68,68,0,0,None
1,BC,p1_port.flow,69,69,0,0,None
1,BC,p1_port.flow,70,70,0,0,None
1,BC,p1_port.flow,71,71,0,0,None
1,BC,p1_port.flow,72,72,0,0,None
1,BC,p1_port.flow,73,73,0,0,None
1,BC,p1_port.flow,74,74,0,0,None
1,BC,p1_port.flow,75,75,0,0,None
1,BC,p1_port.flow,76,76,0,0,None
1,BC,p1_port.flow,77,77,0,0,None
1,BC,p1_port.flow,78,78,0,0,None
1,BC,p1_port.flow,79,79,0,0,None
1,BC,p1_port.flow,80,80,0,13,None
1,BC,p1_port.flow,81,81,0,25,None
1,BC,p1_port.flow,82,82,0,35,None
1,BC,p1_port.flow,83,83,0,43,None
1,BC,p1_port.flow,84,84,0,48,None
1,BC,p1_port.flow,85,85,0,50,None
1,BC,p1_port.flow,86,86,0,48,None
1,BC,p1_port.flow,87,87,0,43,None
1,BC,p1_port.flow,88,88,0,35,None
1,BC,p1_port.flow,89,89,0,25,None
1,BC,p1_port.flow,90,90,0,13,None
1,BC,p1_port.flow,91,91,0,0,None
1,BC,p1_port.flow,92,92,0,0,None
1,BC,p1_port.flow,93,93,0,0,None
1,BC,p1_port.flow,94,94,0,0,None
1,BC,p1_port.flow,95,95,0,0,None
1,BC,p1_port.flow,96,96,0,0,None
1,BC,p1_port.flow,97,97,0,0,None
1,BC,p1_port.flow,98,98,0,0,None
1,BC,p1_port.flow,99,99,0,0,None
1,BC,p1_port.flow,100,100,0,0,None
1,BC,p1_port.flow,101,101,0,0,None
1,BC,p1_port.flow,102,102,0,0,None
1,BC,p1_port.flow,103,103,0,0,None
1,BC,p1_port.flow,104,104,0,13,None
1,BC,p1_port.flow,105,105,0,25,None
1,BC,p1_port.flow,106,106,0,35,None
1,BC,p1_port.flow,107,107,0,43,None
1,BC,p1_port.flow,108,108,0,48,None
1,BC,p1_port.flow,109,109,0,50,None
1,BC,p1_port.flow,110,110,0,48,None
1,BC,p1_port.flow,111,111,0,43,None
1,BC,p1_port.flow,112,112,0,35,None
1,BC,p1_port.flow,113,113,0,25,None
1,BC,p1_port.flow,114,114,0,13,None
1,BC,p1_port.flow,115,115,0,0,None
1,BC,p1_port.flow,116,116,0,0,None
1,BC,p1_port.flow,117,117,0,0,None
1,BC,p1_port.flow,118,118,0,0,None
1,BC,p1_port.flow,119,119,0,0,None
1,BC,p1_port.flow,120,120,0,0,None
1,BC,p1_port.flow,121,121,0,0,None
1,BC,p1_port.flow,122,122,0,0,None
1,BC,p1_port.flow,123,123,0,0,None
1,BC,p1_port.flow,124,124,0,0,None
1,BC,p1_port.flow,125,125,0,0,None
1,BC,p1_port.flow,126,126,0,0,None
1,BC,p1_port.flow,127,127,0,0,None
1,BC,p1_port.flow,128,128,0,0,None
1,BC,p1_port.flow,129,129,0,5,None
1,BC,p1_port.flow,130,130,0,15,None
1,BC,p1_port.flow,131,131,0,23,None
1,BC,p1_port.flow,132,132,0,28,None
1,BC,p1_port.flow,133,133,0,30,None
1,BC,p1_port.flow,134,134,0,28,None
1,BC,p1_port.flow,135,135,0,23,None
1,BC,p1_port.flow,136,136,0,15,None
1,BC,p1_port.flow,137,137,0,5,None
1,BC,p1_port.flow,138,138,0,0,None
1,BC,p1_port.flow,139,139,0,0,None
1,BC,p1_port.flow,140,140,0,0,None
1,BC,p1_port.flow,141,141,0,0,None
1,BC,p1_port.flow,142,142,0,0,None
1,BC,p1_port.flow,143,143,0,0,None
1,BC,p1_port.flow,144,144,0,0,None
1,BC,p1_port.flow,145,145,0,0,None
1,BC,p1_port.flow,146,146,0,0,None
1,BC,p1_port.flow,147,147,0,0,None
1,BC,p1_port.flow,148,148,0,0,None
1,BC,p1_port.flow,149,149,0,0,None
1,BC,p1_port.flow,150,150,0,0,None
1,BC,p1_port.flow,151,151,0,0,None
1,BC,p1_port.flow,152,152,0,0,None
1,BC,p1_port.flow,153,153,0,5,None
1,BC,p1_port.flow,154,154,0,15,None
1,BC,p1_port.flow,155,155,0,23,None
1,BC,p1_port.flow,156,156,0,28,None
1,BC,p1_port.flow,157,157,0,30,None
1,BC,p1_port.flow,158,158,0,28,None
1,BC,p1_port.flow,159,159,0,23,None
1,BC,p1_port.flow,160,160,0,15,None
1,BC,p1_port.flow,161,161,0,5,None
1,BC,p1_port.flow,162,162,0,0,None
1,BC,p1_port.flow,163,163,0,0,None
1,BC,p1_port.flow,164,164,0,0,None
1,BC,p1_port.flow,165,165,0,0,None
1,BC,p1_port.flow,166,166,0,0,None
1,BC,p1_port.flow,167,167,0,0,None
1,BC,p1_port.flow,168,168,0,0,None
1,BC,p0_port.flow,1,1,0,-0,None
1,BC,p0_port.flow,2,2,0,-0,None
1,BC,p0_port.flow,3,3,0,-0,None
1,BC,p0_port.flow,4,4,0,-0,None
1,BC,p0_port.flow,5,5,0,-0,None
1,BC,p0_port.flow,6,6,0,-0,None
1,BC,p0_port.flow,7,7,0,-0,None
1,BC,p0_port.flow,8,8,0,-13,None
1,BC,p0_port.flow,9,9,0,-25,None
1,BC,p0_port.flow,10,10,0,-35,None
1,BC,p0_port.flow,11,11,0,-43,None
1,BC,p0_port.flow,12,12,0,-48,None
1,BC,p0_port.flow,13,13,0,-50,None
1,BC,p0_port.flow,14,14,0,-48,None
1,BC,p0_port.flow,15,15,0,-43,None
1,BC,p0_port.flow,16,16,0,-35,None
1,BC,p0_port.flow,17,17,0,-25,None
1,BC,p0_port.flow,18,18,0,-13,None
1,BC,p0_port.flow,19,19,0,-0,None
1,BC,p0_port.flow,20,20,0,-0,None
1,BC,p0_port.flow,21,21,0,-0,None
1,BC,p0_port.flow,22,22,0,-0,None
1,BC,p0_port.flow,23,23,0,-0,None
1,BC,p0_port.flow,24,24,0,-0,None
1,BC,p0_port.flow,25,25,0,-0,None
1,BC,p0_port.flow,26,26,0,-0,None
1,BC,p0_port.flow,27,27,0,-0,None
1,BC,p0_port.flow,28,28,0,-0,None
1,BC,p0_port.flow,29,29,0,-0,None
1,BC,p0_port.flow,30,30,0,-0,None
1,BC,p0_port.flow,31,31,0,-0,None
1,BC,p0_port.flow,32,32,0,-13,None
1,BC,p0_port.flow,33,33,0,-25,None
1,BC,p0_port.flow,34,34,0,-35,None
1,BC,p0_port.flow,35,35,0,-43,None
1,BC,p0_port.flow,36,36,0,-48,None
1,BC,p0_port.flow,37,37,0,-50,None
1,BC,p0_port.flow,38,38,0,-48,None
1,BC,p0_port.flow,39,39,0,-43,None
1,BC,p0_port.flow,40,40,0,-35,None
1,BC,p0_port.flow,41,41,0,-25,None
1,BC,p0_port.flow,42,42,0,-13,None
1,BC,p0_port.flow,43,43,0,-0,None
1,BC,p0_port.flow,44,44,0,-0,None
1,BC,p0_port.flow,45,45,0,-0,None
1,BC,p0_port.flow,46,46,0,-0,None
1,BC,p0_port.flow,47,47,0,-0,None
1,BC,p0_port.flow,48,48,0,-0,None
1,BC,p0_port.flow,49,49,0,-0,None
1,BC,p0_port.flow,50,50,0,-0,None
1,BC,p0_port.flow,51,51,0,-0,None
1,BC,p0_port.flow,52,52,0,-0,None
1,BC,p0_port.flow,53,53,0,-0,None
1,BC,p0_port.flow,54,54,0,-0,None
1,BC,p0_port.flow,55,55,0,-0,None
1,BC,p0_port.flow,56,56,0,-13,None
1,BC,p0_port.flow,57,57,0,-25,None
1,BC,p0_port.flow,58,58,0,-35,None
1,BC,p0_port.flow,59,59,0,-43,None
1,BC,p0_port.flow,60,60,0,-48,None
1,BC,p0_port.flow,61,61,0,-50,None
1,BC,p0_port.flow,62,62,0,-48,None
1,BC,p0_port.flow,63,63,0,-43,None
1,BC,p0_port.flow,64,64,0,-35,None
1,BC,p0_port.flow,65,65,0,-25,None
1,BC,p0_port.flow,66,66,0,-13,None
1,BC,p0_port.flow,67,67,0,-0,None
1,BC,p0_port.flow,68,68,0,-0,None
1,BC,p0_port.flow,69,69,0,-0,None
1,BC,p0_port.flow,70,70,0,-0,None
1,BC,p0_port.flow,71,71,0,-0,None
1,BC,p0_port.flow,72,72,0,-0,None
1,BC,p0_port.flow,73,73,0,-0,None
1,BC,p0_port.flow,74,74,0,-0,None
1,BC,p0_port.flow,75,75,0,-0,None
1,BC,p0_port.flow,76,76,0,-0,None
1,BC,p0_port.flow,77,77,0,-0,None
1,BC,p0_port.flow,78,78,0,-0,None
1,BC,p0_port.flow,79,79,0,-0,None
1,BC,p0_port.flow,80,80,0,-13,None
1,BC,p0_port.flow,81,81,0,-25,None
1,BC,p0_port.flow,82,82,0,-35,None
1,BC,p0_port.flow,83,83,0,-43,None
1,BC,p0_port.flow,84,84,0,-48,None
1,BC,p0_port.flow,85,85,0,-50,None
1,BC,p0_port.flow,86,86,0,-48,None
1,BC,p0_port.flow,87,87,0,-43,None
1,BC,p0_port.flow,88,88,0,-35,None
1,BC,p0_port.flow,89,89,0,-25,None
1,BC,p0_port.flow,90,90,0,-13,None
1,BC,p0_port.flow,91,91,0,-0,None
1,BC,p0_port.flow,92,92,0,-0,None
1,BC,p0_port.flow,93,93,0,-0,None
1,BC,p0_port.flow,94,94,0,-0,None
1,BC,p0_port.flow,95,95,0,-0,None
1,BC,p0_port.flow,96,96,0,-0,None
1,BC,p0_port.flow,97,97,0,-0,None
1,BC,p0_port.flow,98,98,0,-0,None
1,BC,p0_port.flow,99,99,0,-0,None
1,BC,p0_port.flow,100,100,0,-0,None
1,BC,p0_port.flow,101,101,0,-0,None
1,BC,p0_port.flow,102,102,0,-0,None
1,BC,p0_port.flow,103,103,0,-0,None
1,BC,p0_port.flow,104,104,0,-13,None
1,BC,p0_port.flow,105,105,0,-25,None
1,BC,p0_port.flow,106,106,0,-35,None
1,BC,p0_port.flow,107,107,0,-43,None
1,BC,p0_port.flow,108,108,0,-48,None
1,BC,p0_port.flow,109,109,0,-50,None
1,BC,p0_port.flow,110,110,0,-48,None
1,BC,p0_port.flow,111,111,0,-43,None
1,BC,p0_port.flow,112,112,0,-35,None
1,BC,p0_port.flow,113,113,0,-25,None
1,BC,p0_port.flow,114,114,0,-13,None
1,BC,p0_port.flow,115,115,0,-0,None
1,BC,p0_port.flow,116,116,0,-0,None
1,BC,p0_port.flow,117,117,0,-0,None
1,BC,p0_port.flow,118,118,0,-0,None
1,BC,p0_port.flow,119,119,0,-0,None
1,BC,p0_port.flow,120,120,0,-0,None
1,BC,p0_port.flow,121,121,0,-0,None
1,BC,p0_port.flow,122,122,0,-0,None
1,BC,p0_port.flow,123,123,0,-0,None
1,BC,p0_port.flow,124,124,0,-0,None
1,BC,p0_port.flow,125,125,0,-0,None
1,BC,p0_port.flow,126,126,0,-0,None
1,BC,p0_port.flow,127,127,0,-0,None
1,BC,p0_port.flow,128,128,0,-0,None
1,BC,p0_port.flow,129,129,0,-5,None
1,BC,p0_port.flow,130,130,0,-15,None
1,BC,p0_port.flow,131,131,0,-23,None
1,BC,p0_port.flow,132,132,0,-28,None
1,BC,p0_port.flow,133,133,0,-30,None
1,BC,p0_port.flow,134,134,0,-28,None
1,BC,p0_port.flow,135,135,0,-23,None
1,BC,p0_port.flow,136,136,0,-15,None
1,BC,p0_port.flow,137,137,0,-5,None
1,BC,p0_port.flow,138,138,0,-0,None
1,BC,p0_port.flow,139,139,0,-0,None
1,BC,p0_port.flow,140,140,0,-0,None
1,BC,p0_port.flow,141,141,0,-0,None
1,BC,p0_port.flow,142,142,0,-0,None
1,BC,p0_port.flow,143,143,0,-0,None
1,BC,p0_port.flow,144,144,0,-0,None
1,BC,p0_port.flow,145,145,0,-0,None
1,BC,p0_port.flow,146,146,0,-0,None
1,BC,p0_port.flow,147,147,0,-0,None
1,BC,p0_port.flow,148,148,0,-0,None
1,BC,p0_port.flow,149,149,0,-0,None
1,BC,p0_port.flow,150,150,0,-0,None
1,BC,p0_port.flow,151,151,0,-0,None
1,BC,p0_port.flow,152,152,0,-0,None
1,BC,p0_port.flow,153,153,0,-5,None
1,BC,p0_port.flow,154,154,0,-15,None
1,BC,p0_port.flow,155,155,0,-23,None
1,BC,p0_port.flow,156,156,0,-28,None
1,BC,p0_port.flow,157,157,0,-30,None
1,BC,p0_port.flow,158,158,0,-28,None
1,BC,p0_port.flow,159,159,0,-23,None
1,BC,p0_port.flow,160,160,0,-15,None
1,BC,p0_port.flow,161,161,0,-5,None
1,BC,p0_port.flow,162,162,0,-0,None
1,BC,p0_port.flow,163,163,0,-0,None
1,BC,p0_port.flow,164,164,0,-0,None
1,BC,p0_port.flow,165,165,0,-0,None
1,BC,p0_port.flow,166,166,0,-0,None
1,BC,p0_port.flow,167,167,0,-0,None
1,BC,p0_port.flow,168,168,0,-0,None
1,AC,p_nom,None,None,None,100,Fixed value
1,AC,p0,1,1,0,50,Basic
1,AC,p0,2,2,0,52,Basic
1,AC,p0,3,3,0,57,Basic
1,AC,p0,4,4,0,65,Basic
1,AC,p0,5,5,0,75,Basic
1,AC,p0,6,6,0,87,Basic
1,AC,p0,7,7,0,100,Basic
1,AC,p0,8,8,0,100,Basic
1,AC,p0,9,9,0,100,Basic
1,AC,p0,10,10,0,100,Basic
1,AC,p0,11,11,0,100,Basic
1,AC,p0,12,12,0,100,Basic
1,AC,p0,13,13,0,100,Basic
1,AC,p0,14,14,0,100,Basic
1,AC,p0,15,15,0,100,Basic
1,AC,p0,16,16,0,100,Basic
1,AC,p0,17,17,0,100,Basic
1,AC,p0,18,18,0,100,Basic
1,AC,p0,19,19,0,100,Basic
1,AC,p0,20,20,0,87,Basic
1,AC,p0,21,21,0,75,Basic
1,AC,p0,22,22,0,65,Basic
1,AC,p0,23,23,0,57,Basic
1,AC,p0,24,24,0,52,Basic
1,AC,p0,25,25,0,50,Basic
1,AC,p0,26,26,0,52,Basic
1,AC,p0,27,27,0,57,Basic
1,AC,p0,28,28,0,65,Basic
1,AC,p0,29,29,0,75,Basic
1,AC,p0,30,30,0,87,Basic
1,AC,p0,31,31,0,100,Basic
1,AC,p0,32,32,0,100,Basic
1,AC,p0,33,33,0,100,Basic
1,AC,p0,34,34,0,100,Basic
1,AC,p0,35,35,0,100,Basic
1,AC,p0,36,36,0,100,Basic
1,AC,p0,37,37,0,100,Basic
1,AC,p0,38,38,0,100,Basic
1,AC,p0,39,39,0,100,Basic
1,AC,p0,40,40,0,100,Basic
1,AC,p0,41,41,0,100,Basic
1,AC,p0,42,42,0,100,Basic
1,AC,p0,43,43,0,100,Basic
1,AC,p0,44,44,0,87,Basic
1,AC,p0,45,45,0,75,Basic
1,AC,p0,46,46,0,65,Basic
1,AC,p0,47,47,0,57,Basic
1,AC,p0,48,48,0,52,Basic
1,AC,p0,49,49,0,50,Basic
1,AC,p0,50,50,0,52,Basic
1,AC,p0,51,51,0,57,Basic
1,AC,p0,52,52,0,65,Basic
1,AC,p0,53,53,0,75,Basic
1,AC,p0,54,54,0,87,Basic
1,AC,p0,55,55,0,100,Basic
1,AC,p0,56,56,0,100,Basic
1,AC,p0,57,57,0,100,Basic
1,AC,p0,58,58,0,100,Basic
1,AC,p0,59,59,0,100,Basic
1,AC,p0,60,60,0,100,Basic
1,AC,p0,61,61,0,100,Basic
1,AC,p0,62,62,0,100,Basic
1,AC,p0,63,63,0,100,Basic
1,AC,p0,64,64,0,100,Basic
1,AC,p0,65,65,0,100,Basic
1,AC,p0,66,66,0,100,Basic
1,AC,p0,67,67,0,100,Basic
1,AC,p0,68,68,0,87,Basic
1,AC,p0,69,69,0,75,Basic
1,AC,p0,70,70,0,65,Basic
1,AC,p0,71,71,0,57,Basic
1,AC,p0,72,72,0,52,Basic
1,AC,p0,73,73,0,50,Basic
1,AC,p0,74,74,0,52,Basic
1,AC,p0,75,75,0,57,Basic
1,AC,p0,76,76,0,65,Basic
1,AC,p0,77,77,0,75,Basic
1,AC,p0,78,78,0,87,Basic
1,AC,p0,79,79,0,100,Basic
1,AC,p0,80,80,0,100,Basic
1,AC,p0,81,81,0,100,Basic
1,AC,p0,82,82,0,100,Basic
1,AC,p0,83,83,0,100,Basic
1,AC,p0,84,84,0,100,Basic
1,AC,p0,85,85,0,100,Basic
1,AC,p0,86,86,0,100,Basic
1,AC,p0,87,87,0,100,Basic
1,AC,p0,88,88,0,100,Basic
1,AC,p0,89,89,0,100,Basic
1,AC,p0,90,90,0,100,Basic
1,AC,p0,91,91,0,100,Basic
1,AC,p0,92,92,0,87,Basic
1,AC,p0,93,93,0,75,Basic
1,AC,p0,94,94,0,65,Basic
1,AC,p0,95,95,0,57,Basic
1,AC,p0,96,96,0,52,Basic
1,AC,p0,97,97,0,50,Basic
1,AC,p0,98,98,0,52,Basic
1,AC,p0,99,99,0,57,Basic
1,AC,p0,100,100,0,65,Basic
1,AC,p0,101,101,0,75,Basic
1,AC,p0,102,102,0,87,Basic
1,AC,p0,103,103,0,100,Basic
1,AC,p0,104,104,0,100,Basic
1,AC,p0,105,105,0,100,Basic
1,AC,p0,106,106,0,100,Basic
1,AC,p0,107,107,0,100,Basic
1,AC,p0,108,108,0,100,Basic
1,AC,p0,109,109,0,100,Basic
1,AC,p0,110,110,0,100,Basic
1,AC,p0,111,111,0,100,Basic
1,AC,p0,112,112,0,100,Basic
1,AC,p0,113,113,0,100,Basic
1,AC,p0,114,114,0,100,Basic
1,AC,p0,115,115,0,100,Basic
1,AC,p0,116,116,0,87,Basic
1,AC,p0,117,117,0,75,Basic
1,AC,p0,118,118,0,65,Basic
1,AC,p0,119,119,0,57,Basic
1,AC,p0,120,120,0,52,Basic
1,AC,p0,121,121,0,30,Basic
1,AC,p0,122,122,0,32,Basic
1,AC,p0,123,123,0,37,Basic
1,AC,p0,124,124,0,45,Basic
1,AC,p0,125,125,0,55,Basic
1,AC,p0,126,126,0,67,Basic
1,AC,p0,127,127,0,80,Basic
1,AC,p0,128,128,0,93,Basic
1,AC,p0,129,129,0,100,Basic
1,AC,p0,130,130,0,100,Basic
1,AC,p0,131,131,0,100,Basic
1,AC,p0,132,132,0,100,Basic
1,AC,p0,133,133,0,100,Basic
1,AC,p0,134,134,0,100,Basic
1,AC,p0,135,135,0,100,Basic
1,AC,p0,136,136,0,100,Basic
1,AC,p0,137,137,0,100,Basic
1,AC,p0,138,138,0,93,Basic
1,AC,p0,139,139,0,80,Basic
1,AC,p0,140,140,0,67,Basic
1,AC,p0,141,141,0,55,Basic
1,AC,p0,142,142,0,45,Basic
1,AC,p0,143,143,0,37,Basic
1,AC,p0,144,144,0,32,Basic
1,AC,p0,145,145,0,30,Basic
1,AC,p0,146,146,0,32,Basic
1,AC,p0,147,147,0,37,Basic
1,AC,p0,148,148,0,45,Basic
1,AC,p0,149,149,0,55,Basic
1,AC,p0,150,150,0,67,Basic
1,AC,p0,151,151,0,80,Basic
1,AC,p0,152,152,0,93,Basic
1,AC,p0,153,153,0,100,Basic
1,AC,p0,154,154,0,100,Basic
1,AC,p0,155,155,0,100,Basic
1,AC,p0,156,156,0,100,Basic
1,AC,p0,157,157,0,100,Basic
1,AC,p0,158,158,0,100,Basic
1,AC,p0,159,159,0,100,Basic
1,AC,p0,160,160,0,100,Basic
1,AC,p0,161,161,0,100,Basic
1,AC,p0,162,162,0,93,Basic
1,AC,p0,163,163,0,80,Basic
1,AC,p0,164,164,0,67,Basic
1,AC,p0,165,165,0,55,Basic
1,AC,p0,166,166,0,45,Basic
1,AC,p0,167,167,0,37,Basic
1,AC,p0,168,168,0,32,Basic
1,AC,p0_upper,1,1,0,None,Basic
1,AC,p0_upper,2,2,0,None,Basic
1,AC,p0_upper,3,3,0,None,Basic
1,AC,p0_upper,4,4,0,None,Basic
1,AC,p0_upper,5,5,0,None,Basic
1,AC,p0_upper,6,6,0,None,Basic
1,AC,p0_upper,7,7,0,None,Basic
1,AC,p0_upper,8,8,0,None,At upper bound
1,AC,p0_upper,9,9,0,None,At upper bound
1,AC,p0_upper,10,10,0,None,At upper bound
1,AC,p0_upper,11,11,0,None,At upper bound
1,AC,p0_upper,12,12,0,None,At upper bound
1,AC,p0_upper,13,13,0,None,At upper bound
1,AC,p0_upper,14,14,0,None,At upper bound
1,AC,p0_upper,15,15,0,None,At upper bound
1,AC,p0_upper,16,16,0,None,At upper bound
1,AC,p0_upper,17,17,0,None,At upper bound
1,AC,p0_upper,18,18,0,None,At upper bound
1,AC,p0_upper,19,19,0,None,Basic
1,AC,p0_upper,20,20,0,None,Basic
1,AC,p0_upper,21,21,0,None,Basic
1,AC,p0_upper,22,22,0,None,Basic
1,AC,p0_upper,23,23,0,None,Basic
1,AC,p0_upper,24,24,0,None,Basic
1,AC,p0_upper,25,25,0,None,Basic
1,AC,p0_upper,26,26,0,None,Basic
1,AC,p0_upper,27,27,0,None,Basic
1,AC,p0_upper,28,28,0,None,Basic
1,AC,p0_upper,29,29,0,None,Basic
1,AC,p0_upper,30,30,0,None,Basic
1,AC,p0_upper,31,31,0,None,Basic
1,AC,p0_upper,32,32,0,None,At upper bound
1,AC,p0_upper,33,33,0,None,At upper bound
1,AC,p0_upper,34,34,0,None,At upper bound
1,AC,p0_upper,35,35,0,None,At upper bound
1,AC,p0_upper,36,36,0,None,At upper bound
1,AC,p0_upper,37,37,0,None,At upper bound
1,AC,p0_upper,38,38,0,None,At upper bound
1,AC,p0_upper,39,39,0,None,At upper bound
1,AC,p0_upper,40,40,0,None,At upper bound
1,AC,p0_upper,41,41,0,None,At upper bound
1,AC,p0_upper,42,42,0,None,At upper bound
1,AC,p0_upper,43,43,0,None,Basic
1,AC,p0_upper,44,44,0,None,Basic
1,AC,p0_upper,45,45,0,None,Basic
1,AC,p0_upper,46,46,0,None,Basic
1,AC,p0_upper,47,47,0,None,Basic
1,AC,p0_upper,48,48,0,None,Basic
1,AC,p0_upper,49,49,0,None,Basic
1,AC,p0_upper,50,50,0,None,Basic
1,AC,p0_upper,51,51,0,None,Basic
1,AC,p0_upper,52,52,0,None,Basic
1,AC,p0_upper,53,53,0,None,Basic
1,AC,p0_upper,54,54,0,None,Basic
1,AC,p0_upper,55,55,0,None,Basic
1,AC,p0_upper,56,56,0,None,At upper bound
1,AC,p0_upper,57,57,0,None,At upper bound
1,AC,p0_upper,58,58,0,None,At upper bound
1,AC,p0_upper,59,59,0,None,At upper bound
1,AC,p0_upper,60,60,0,None,At upper bound
1,AC,p0_upper,61,61,0,None,At upper bound
1,AC,p0_upper,62,62,0,None,At upper bound
1,AC,p0_upper,63,63,0,None,At upper bound
1,AC,p0_upper,64,64,0,None,At upper bound
1,AC,p0_upper,65,65,0,None,At upper bound
1,AC,p0_upper,66,66,0,None,At upper bound
1,AC,p0_upper,67,67,0,None,Basic
1,AC,p0_upper,68,68,0,None,Basic
1,AC,p0_upper,69,69,0,None,Basic
1,AC,p0_upper,70,70,0,None,Basic
1,AC,p0_upper,71,71,0,None,Basic
1,AC,p0_upper,72,72,0,None,Basic
1,AC,p0_upper,73,73,0,None,Basic
1,AC,p0_upper,74,74,0,None,Basic
1,AC,p0_upper,75,75,0,None,Basic
1,AC,p0_upper,76,76,0,None,Basic
1,AC,p0_upper,77,77,0,None,Basic
1,AC,p0_upper,78,78,0,None,Basic
1,AC,p0_upper,79,79,0,None,Basic
1,AC,p0_upper,80,80,0,None,At upper bound
1,AC,p0_upper,81,81,0,None,At upper bound
1,AC,p0_upper,82,82,0,None,At upper bound
1,AC,p0_upper,83,83,0,None,At upper bound
1,AC,p0_upper,84,84,0,None,At upper bound
1,AC,p0_upper,85,85,0,None,At upper bound
1,AC,p0_upper,86,86,0,None,At upper bound
1,AC,p0_upper,87,87,0,None,At upper bound
1,AC,p0_upper,88,88,0,None,At upper bound
1,AC,p0_upper,89,89,0,None,At upper bound
1,AC,p0_upper,90,90,0,None,At upper bound
1,AC,p0_upper,91,91,0,None,Basic
1,AC,p0_upper,92,92,0,None,Basic
1,AC,p0_upper,93,93,0,None,Basic
1,AC,p0_upper,94,94,0,None,Basic
1,AC,p0_upper,95,95,0,None,Basic
1,AC,p0_upper,96,96,0,None,Basic
1,AC,p0_upper,97,97,0,None,Basic
1,AC,p0_upper,98,98,0,None,Basic
1,AC,p0_upper,99,99,0,None,Basic
1,AC,p0_upper,100,100,0,None,Basic
1,AC,p0_upper,101,101,0,None,Basic
1,AC,p0_upper,102,102,0,None,Basic
1,AC,p0_upper,103,103,0,None,Basic
1,AC,p0_upper,104,104,0,None,At upper bound
1,AC,p0_upper,105,105,0,None,At upper bound
1,AC,p0_upper,106,106,0,None,At upper bound
1,AC,p0_upper,107,107,0,None,At upper bound
1,AC,p0_upper,108,108,0,None,At upper bound
1,AC,p0_upper,109,109,0,None,At upper bound
1,AC,p0_upper,110,110,0,None,At upper bound
1,AC,p0_upper,111,111,0,None,At upper bound
1,AC,p0_upper,112,112,0,None,At upper bound
1,AC,p0_upper,113,113,0,None,At upper bound
1,AC,p0_upper,114,114,0,None,At upper bound
1,AC,p0_upper,115,115,0,None,Basic
1,AC,p0_upper,116,116,0,None,Basic
1,AC,p0_upper,117,117,0,None,Basic
1,AC,p0_upper,118,118,0,None,Basic
1,AC,p0_upper,119,119,0,None,Basic
1,AC,p0_upper,120,120,0,None,Basic
1,AC,p0_upper,121,121,0,None,Basic
1,AC,p0_upper,122,122,0,None,Basic
1,AC,p0_upper,123,123,0,None,Basic
1,AC,p0_upper,124,124,0,None,Basic
1,AC,p0_upper,125,125,0,None,Basic
1,AC,p0_upper,126,126,0,None,Basic
1,AC,p0_upper,127,127,0,None,Basic
1,AC,p0_upper,128,128,0,None,Basic
1,AC,p0_upper,129,129,0,None,At upper bound
1,AC,p0_upper,130,130,0,None,At upper bound
1,AC,p0_upper,131,131,0,None,At upper bound
1,AC,p0_upper,132,132,0,None,At upper bound
1,AC,p0_upper,133,133,0,None,At upper bound
1,AC,p0_upper,134,134,0,None,At upper bound
1,AC,p0_upper,135,135,0,None,At upper bound
1,AC,p0_upper,136,136,0,None,At upper bound
1,AC,p0_upper,137,137,0,None,At upper bound
1,AC,p0_upper,138,138,0,None,Basic
1,AC,p0_upper,139,139,0,None,Basic
1,AC,p0_upper,140,140,0,None,Basic
1,AC,p0_upper,141,141,0,None,Basic
1,AC,p0_upper,142,142,0,None,Basic
1,AC,p0_upper,143,143,0,None,Basic
1,AC,p0_upper,144,144,0,None,Basic
1,AC,p0_upper,145,145,0,None,Basic
1,AC,p0_upper,146,146,0,None,Basic
1,AC,p0_upper,147,147,0,None,Basic
1,AC,p0_upper,148,148,0,None,Basic
1,AC,p0_upper,149,149,0,None,Basic
1,AC,p0_upper,150,150,0,None,Basic
1,AC,p0_upper,151,151,0,None,Basic
1,AC,p0_upper,152,152,0,None,Basic
1,AC,p0_upper,153,153,0,None,At upper bound
1,AC,p0_upper,154,154,0,None,At upper bound
1,AC,p0_upper,155,155,0,None,At upper bound
1,AC,p0_upper,156,156,0,None,At upper bound
1,AC,p0_upper,157,157,0,None,At upper bound
1,AC,p0_upper,158,158,0,None,At upper bound
1,AC,p0_upper,159,159,0,None,At upper bound
1,AC,p0_upper,160,160,0,None,At upper bound
1,AC,p0_upper,161,161,0,None,At upper bound
1,AC,p0_upper,162,162,0,None,Basic
1,AC,p0_upper,163,163,0,None,Basic
1,AC,p0_upper,164,164,0,None,Basic
1,AC,p0_upper,165,165,0,None,Basic
1,AC,p0_upper,166,166,0,None,Basic
1,AC,p0_upper,167,167,0,None,Basic
1,AC,p0_upper,168,168,0,None,Basic
1,AC,p0_lower,1,1,0,None,Basic
1,AC,p0_lower,2,2,0,None,Basic
1,AC,p0_lower,3,3,0,None,Basic
1,AC,p0_lower,4,4,0,None,Basic
1,AC,p0_lower,5,5,0,None,Basic
1,AC,p0_lower,6,6,0,None,Basic
1,AC,p0_lower,7,7,0,None,Basic
1,AC,p0_lower,8,8,0,None,Basic
1,AC,p0_lower,9,9,0,None,Basic
1,AC,p0_lower,10,10,0,None,Basic
1,AC,p0_lower,11,11,0,None,Basic
1,AC,p0_lower,12,12,0,None,Basic
1,AC,p0_lower,13,13,0,None,Basic
1,AC,p0_lower,14,14,0,None,Basic
1,AC,p0_lower,15,15,0,None,Basic
1,AC,p0_lower,16,16,0,None,Basic
1,AC,p0_lower,17,17,0,None,Basic
1,AC,p0_lower,18,18,0,None,Basic
1,AC,p0_lower,19,19,0,None,Basic
1,AC,p0_lower,20,20,0,None,Basic
1,AC,p0_lower,21,21,0,None,Basic
1,AC,p0_lower,22,22,0,None,Basic
1,AC,p0_lower,23,23,0,None,Basic
1,AC,p0_lower,24,24,0,None,Basic
1,AC,p0_lower,25,25,0,None,Basic
1,AC,p0_lower,26,26,0,None,Basic
1,AC,p0_lower,27,27,0,None,Basic
1,AC,p0_lower,28,28,0,None,Basic
1,AC,p0_lower,29,29,0,None,Basic
1,AC,p0_lower,30,30,0,None,Basic
1,AC,p0_lower,31,31,0,None,Basic
1,AC,p0_lower,32,32,0,None,Basic
1,AC,p0_lower,33,33,0,None,Basic
1,AC,p0_lower,34,34,0,None,Basic
1,AC,p0_lower,35,35,0,None,Basic
1,AC,p0_lower,36,36,0,None,Basic
1,AC,p0_lower,37,37,0,None,Basic
1,AC,p0_lower,38,38,0,None,Basic
1,AC,p0_lower,39,39,0,None,Basic
1,AC,p0_lower,40,40,0,None,Basic
1,AC,p0_lower,41,41,0,None,Basic
1,AC,p0_lower,42,42,0,None,Basic
1,AC,p0_lower,43,43,0,None,Basic
1,AC,p0_lower,44,44,0,None,Basic
1,AC,p0_lower,45,45,0,None,Basic
1,AC,p0_lower,46,46,0,None,Basic
1,AC,p0_lower,47,47,0,None,Basic
1,AC,p0_lower,48,48,0,None,Basic
1,AC,p0_lower,49,49,0,None,Basic
1,AC,p0_lower,50,50,0,None,Basic
1,AC,p0_lower,51,51,0,None,Basic
1,AC,p0_lower,52,52,0,None,Basic
1,AC,p0_lower,53,53,0,None,Basic
1,AC,p0_lower,54,54,0,None,Basic
1,AC,p0_lower,55,55,0,None,Basic
1,AC,p0_lower,56,56,0,None,Basic
1,AC,p0_lower,57,57,0,None,Basic
1,AC,p0_lower,58,58,0,None,Basic
1,AC,p0_lower,59,59,0,None,Basic
1,AC,p0_lower,60,60,0,None,Basic
1,AC,p0_lower,61,61,0,None,Basic
1,AC,p0_lower,62,62,0,None,Basic
1,AC,p0_lower,63,63,0,None,Basic
1,AC,p0_lower,64,64,0,None,Basic
1,AC,p0_lower,65,65,0,None,Basic
1,AC,p0_lower,66,66,0,None,Basic
1,AC,p0_lower,67,67,0,None,Basic
1,AC,p0_lower,68,68,0,None,Basic
1,AC,p0_lower,69,69,0,None,Basic
1,AC,p0_lower,70,70,0,None,Basic
1,AC,p0_lower,71,71,0,None,Basic
1,AC,p0_lower,72,72,0,None,Basic
1,AC,p0_lower,73,73,0,None,Basic
1,AC,p0_lower,74,74,0,None,Basic
1,AC,p0_lower,75,75,0,None,Basic
1,AC,p0_lower,76,76,0,None,Basic
1,AC,p0_lower,77,77,0,None,Basic
1,AC,p0_lower,78,78,0,None,Basic
1,AC,p0_lower,79,79,0,None,Basic
1,AC,p0_lower,80,80,0,None,Basic
1,AC,p0_lower,81,81,0,None,Basic
1,AC,p0_lower,82,82,0,None,Basic
1,AC,p0_lower,83,83,0,None,Basic
1,AC,p0_lower,84,84,0,None,Basic
1,AC,p0_lower,85,85,0,None,Basic
1,AC,p0_lower,86,86,0,None,Basic
1,AC,p0_lower,87,87,0,None,Basic
1,AC,p0_lower,88,88,0,None,Basic
1,AC,p0_lower,89,89,0,None,Basic
1,AC,p0_lower,90,90,0,None,Basic
1,AC,p0_lower,91,91,0,None,Basic
1,AC,p0_lower,92,92,0,None,Basic
1,AC,p0_lower,93,93,0,None,Basic
1,AC,p0_lower,94,94,0,None,Basic
1,AC,p0_lower,95,95,0,None,Basic
1,AC,p0_lower,96,96,0,None,Basic
1,AC,p0_lower,97,97,0,None,Basic
1,AC,p0_lower,98,98,0,None,Basic
1,AC,p0_lower,99,99,0,None,Basic
1,AC,p0_lower,100,100,0,None,Basic
1,AC,p0_lower,101,101,0,None,Basic
1,AC,p0_lower,102,102,0,None,Basic
1,AC,p0_lower,103,103,0,None,Basic
1,AC,p0_lower,104,104,0,None,Basic
1,AC,p0_lower,105,105,0,None,Basic
1,AC,p0_lower,106,106,0,None,Basic
1,AC,p0_lower,107,107,0,None,Basic
1,AC,p0_lower,108,108,0,None,Basic
1,AC,p0_lower,109,109,0,None,Basic
1,AC,p0_lower,110,110,0,None,Basic
1,AC,p0_lower,111,111,0,None,Basic
1,AC,p0_lower,112,112,0,None,Basic
1,AC,p0_lower,113,113,0,None,Basic
1,AC,p0_lower,114,114,0,None,Basic
1,AC,p0_lower,115,115,0,None,Basic
1,AC,p0_lower,116,116,0,None,Basic
1,AC,p0_lower,117,117,0,None,Basic
1,AC,p0_lower,118,118,0,None,Basic
1,AC,p0_lower,119,119,0,None,Basic
1,AC,p0_lower,120,120,0,None,Basic
1,AC,p0_lower,121,121,0,None,Basic
1,AC,p0_lower,122,122,0,None,Basic
1,AC,p0_lower,123,123,0,None,Basic
1,AC,p0_lower,124,124,0,None,Basic
1,AC,p0_lower,125,125,0,None,Basic
1,AC,p0_lower,126,126,0,None,Basic
1,AC,p0_lower,127,127,0,None,Basic
1,AC,p0_lower,128,128,0,None,Basic
1,AC,p0_lower,129,129,0,None,Basic
1,AC,p0_lower,130,130,0,None,Basic
1,AC,p0_lower,131,131,0,None,Basic
1,AC,p0_lower,132,132,0,None,Basic
1,AC,p0_lower,133,133,0,None,Basic
1,AC,p0_lower,134,134,0,None,Basic
1,AC,p0_lower,135,135,0,None,Basic
1,AC,p0_lower,136,136,0,None,Basic
1,AC,p0_lower,137,137,0,None,Basic
1,AC,p0_lower,138,138,0,None,Basic
1,AC,p0_lower,139,139,0,None,Basic
1,AC,p0_lower,140,140,0,None,Basic
1,AC,p0_lower,141,141,0,None,Basic
1,AC,p0_lower,142,142,0,None,Basic
1,AC,p0_lower,143,143,0,None,Basic
1,AC,p0_lower,144,144,0,None,Basic
1,AC,p0_lower,145,145,0,None,Basic
1,AC,p0_lower,146,146,0,None,Basic
1,AC,p0_lower,147,147,0,None,Basic
1,AC,p0_lower,148,148,0,None,Basic
1,AC,p0_lower,149,149,0,None,Basic
1,AC,p0_lower,150,150,0,None,Basic
1,AC,p0_lower,151,151,0,None,Basic
1,AC,p0_lower,152,152,0,None,Basic
1,AC,p0_lower,153,153,0,None,Basic
1,AC,p0_lower,154,154,0,None,Basic
1,AC,p0_lower,155,155,0,None,Basic
1,AC,p0_lower,156,156,0,None,Basic
1,AC,p0_lower,157,157,0,None,Basic
1,AC,p0_lower,158,158,0,None,Basic
1,AC,p0_lower,159,159,0,None,Basic
1,AC,p0_lower,160,160,0,None,Basic
1,AC,p0_lower,161,161,0,None,Basic
1,AC,p0_lower,162,162,0,None,Basic
1,AC,p0_lower,163,163,0,None,Basic
1,AC,p0_lower,164,164,0,None,Basic
1,AC,p0_lower,165,165,0,None,Basic
1,AC,p0_lower,166,166,0,None,Basic
1,AC,p0_lower,167,167,0,None,Basic
1,AC,p0_lower,168,168,0,None,Basic
1,AC,p1_port.flow,1,1,0,50,None
1,AC,p1_port.flow,2,2,0,52,None
1,AC,p1_port.flow,3,3,0,57,None
1,AC,p1_port.flow,4,4,0,65,None
1,AC,p1_port.flow,5,5,0,75,None
1,AC,p1_port.flow,6,6,0,87,None
1,AC,p1_port.flow,7,7,0,100,None
1,AC,p1_port.flow,8,8,0,100,None
1,AC,p1_port.flow,9,9,0,100,None
1,AC,p1_port.flow,10,10,0,100,None
1,AC,p1_port.flow,11,11,0,100,None
1,AC,p1_port.flow,12,12,0,100,None
1,AC,p1_port.flow,13,13,0,100,None
1,AC,p1_port.flow,14,14,0,100,None
1,AC,p1_port.flow,15,15,0,100,None
1,AC,p1_port.flow,16,16,0,100,None
1,AC,p1_port.flow,17,17,0,100,None
1,AC,p1_port.flow,18,18,0,100,None
1,AC,p1_port.flow,19,19,0,100,None
1,AC,p1_port.flow,20,20,0,87,None
1,AC,p1_port.flow,21,21,0,75,None
1,AC,p1_port.flow,22,22,0,65,None
1,AC,p1_port.flow,23,23,0,57,None
1,AC,p1_port.flow,24,24,0,52,None
1,AC,p1_port.flow,25,25,0,50,None
1,AC,p1_port.flow,26,26,0,52,None
1,AC,p1_port.flow,27,27,0,57,None
1,AC,p1_port.flow,28,28,0,65,None
1,AC,p1_port.flow,29,29,0,75,None
1,AC,p1_port.flow,30,30,0,87,None
1,AC,p1_port.flow,31,31,0,100,None
1,AC,p1_port.flow,32,32,0,100,None
1,AC,p1_port.flow,33,33,0,100,None
1,AC,p1_port.flow,34,34,0,100,None
1,AC,p1_port.flow,35,35,0,100,None
1,AC,p1_port.flow,36,36,0,100,None
1,AC,p1_port.flow,37,37,0,100,None
1,AC,p1_port.flow,38,38,0,100,None
1,AC,p1_port.flow,39,39,0,100,None
1,AC,p1_port.flow,40,40,0,100,None
1,AC,p1_port.flow,41,41,0,100,None
1,AC,p1_port.flow,42,42,0,100,None
1,AC,p1_port.flow,43,43,0,100,None
1,AC,p1_port.flow,44,44,0,87,None
1,AC,p1_port.flow,45,45,0,75,None
1,AC,p1_port.flow,46,46,0,65,None
1,AC,p1_port.flow,47,47,0,57,None
1,AC,p1_port.flow,48,48,0,52,None
1,AC,p1_port.flow,49,49,0,50,None
1,AC,p1_port.flow,50,50,0,52,None
1,AC,p1_port.flow,51,51,0,57,None
1,AC,p1_port.flow,52,52,0,65,None
1,AC,p1_port.flow,53,53,0,75,None
1,AC,p1_port.flow,54,54,0,87,None
1,AC,p1_port.flow,55,55,0,100,None
1,AC,p1_port.flow,56,56,0,100,None
1,AC,p1_port.flow,57,57,0,100,None
1,AC,p1_port.flow,58,58,0,100,None
1,AC,p1_port.flow,59,59,0,100,None
1,AC,p1_port.flow,60,60,0,100,None
1,AC,p1_port.flow,61,61,0,100,None
1,AC,p1_port.flow,62,62,0,100,None
1,AC,p1_port.flow,63,63,0,100,None
1,AC,p1_port.flow,64,64,0,100,None
1,AC,p1_port.flow,65,65,0,100,None
1,AC,p1_port.flow,66,66,0,100,None
1,AC,p1_port.flow,67,67,0,100,None
1,AC,p1_port.flow,68,68,0,87,None
1,AC,p1_port.flow,69,69,0,75,None
1,AC,p1_port.flow,70,70,0,65,None
1,AC,p1_port.flow,71,71,0,57,None
1,AC,p1_port.flow,72,72,0,52,None
1,AC,p1_port.flow,73,73,0,50,None
1,AC,p1_port.flow,74,74,0,52,None
1,AC,p1_port.flow,75,75,0,57,None
1,AC,p1_port.flow,76,76,0,65,None
1,AC,p1_port.flow,77,77,0,75,None
1,AC,p1_port.flow,78,78,0,87,None
1,AC,p1_port.flow,79,79,0,100,None
1,AC,p1_port.flow,80,80,0,100,None
1,AC,p1_port.flow,81,81,0,100,None
1,AC,p1_port.flow,82,82,0,100,None
1,AC,p1_port.flow,83,83,0,100,None
1,AC,p1_port.flow,84,84,0,100,None
1,AC,p1_port.flow,85,85,0,100,None
1,AC,p1_port.flow,86,86,0,100,None
1,AC,p1_port.flow,87,87,0,100,None
1,AC,p1_port.flow,88,88,0,100,None
1,AC,p1_port.flow,89,89,0,100,None
1,AC,p1_port.flow,90,90,0,100,None
1,AC,p1_port.flow,91,91,0,100,None
1,AC,p1_port.flow,92,92,0,87,None
1,AC,p1_port.flow,93,93,0,75,None
1,AC,p1_port.flow,94,94,0,65,None
1,AC,p1_port.flow,95,95,0,57,None
1,AC,p1_port.flow,96,96,0,52,None
1,AC,p1_port.flow,97,97,0,50,None
1,AC,p1_port.flow,98,98,0,52,None
1,AC,p1_port.flow,99,99,0,57,None
1,AC,p1_port.flow,100,100,0,65,None
1,AC,p1_port.flow,101,101,0,75,None
1,AC,p1_port.flow,102,102,0,87,None
1,AC,p1_port.flow,103,103,0,100,None
1,AC,p1_port.flow,104,104,0,100,None
1,AC,p1_port.flow,105,105,0,100,None
1,AC,p1_port.flow,106,106,0,100,None
1,AC,p1_port.flow,107,107,0,100,None
1,AC,p1_port.flow,108,108,0,100,None
1,AC,p1_port.flow,109,109,0,100,None
1,AC,p1_port.flow,110,110,0,100,None
1,AC,p1_port.flow,111,111,0,100,None
1,AC,p1_port.flow,112,112,0,100,None
1,AC,p1_port.flow,113,113,0,100,None
1,AC,p1_port.flow,114,114,0,100,None
1,AC,p1_port.flow,115,115,0,100,None
1,AC,p1_port.flow,116,116,0,87,None
1,AC,p1_port.flow,117,117,0,75,None
1,AC,p1_port.flow,118,118,0,65,None
1,AC,p1_port.flow,119,119,0,57,None
1,AC,p1_port.flow,120,120,0,52,None
1,AC,p1_port.flow,121,121,0,30,None
1,AC,p1_port.flow,122,122,0,32,None
1,AC,p1_port.flow,123,123,0,37,None
1,AC,p1_port.flow,124,124,0,45,None
1,AC,p1_port.flow,125,125,0,55,None
1,AC,p1_port.flow,126,126,0,67,None
1,AC,p1_port.flow,127,127,0,80,None
1,AC,p1_port.flow,128,128,0,93,None
1,AC,p1_port.flow,129,129,0,100,None
1,AC,p1_port.flow,130,130,0,100,None
1,AC,p1_port.flow,131,131,0,100,None
1,AC,p1_port.flow,132,132,0,100,None
1,AC,p1_port.flow,133,133,0,100,None
1,AC,p1_port.flow,134,134,0,100,None
1,AC,p1_port.flow,135,135,0,100,None
1,AC,p1_port.flow,136,136,0,100,None
1,AC,p1_port.flow,137,137,0,100,None
1,AC,p1_port.flow,138,138,0,93,None
1,AC,p1_port.flow,139,139,0,80,None
1,AC,p1_port.flow,140,140,0,67,None
1,AC,p1_port.flow,141,141,0,55,None
1,AC,p1_port.flow,142,142,0,45,None
1,AC,p1_port.flow,143,143,0,37,None
1,AC,p1_port.flow,144,144,0,32,None
1,AC,p1_port.flow,145,145,0,30,None
1,AC,p1_port.flow,146,146,0,32,None
1,AC,p1_port.flow,147,147,0,37,None
1,AC,p1_port.flow,148,148,0,45,None
1,AC,p1_port.flow,149,149,0,55,None
1,AC,p1_port.flow,150,150,0,67,None
1,AC,p1_port.flow,151,151,0,80,None
1,AC,p1_port.flow,152,152,0,93,None
1,AC,p1_port.flow,153,153,0,100,None
1,AC,p1_port.flow,154,154,0,100,None
1,AC,p1_port.flow,155,155,0,100,None
1,AC,p1_port.flow,156,156,0,100,None
1,AC,p1_port.flow,157,157,0,100,None
1,AC,p1_port.flow,158,158,0,100,None
1,AC,p1_port.flow,159,159,0,100,None
1,AC,p1_port.flow,160,160,0,100,None
1,AC,p1_port.flow,161,161,0,100,None
1,AC,p1_port.flow,162,162,0,93,None
1,AC,p1_port.flow,163,163,0,80,None
1,AC,p1_port.flow,164,164,0,67,None
1,AC,p1_port.flow,165,165,0,55,None
1,AC,p1_port.flow,166,166,0,45,None
1,AC,p1_port.flow,167,167,0,37,None
1,AC,p1_port.flow,168,168,0,32,None
1,AC,p0_port.flow,1,1,0,-50,None
1,AC,p0_port.flow,2,2,0,-52,None
1,AC,p0_port.flow,3,3,0,-57,None
1,AC,p0_port.flow,4,4,0,-65,None
1,AC,p0_port.flow,5,5,0,-75,None
1,AC,p0_port.flow,6,6,0,-87,None
1,AC,p0_port.flow,7,7,0,-100,None
1,AC,p0_port.flow,8,8,0,-100,None
1,AC,p0_port.flow,9,9,0,-100,None
1,AC,p0_port.flow,10,10,0,-100,None
1,AC,p0_port.flow,11,11,0,-100,None
1,AC,p0_port.flow,12,12,0,-100,None
1,AC,p0_port.flow,13,13,0,-100,None
1,AC,p0_port.flow,14,14,0,-100,None
1,AC,p0_port.flow,15,15,0,-100,None
1,AC,p0_port.flow,16,16,0,-100,None
1,AC,p0_port.flow,17,17,0,-100,None
1,AC,p0_port.flow,18,18,0,-100,None
1,AC,p0_port.flow,19,19,0,-100,None
1,AC,p0_port.flow,20,20,0,-87,None
1,AC,p0_port.flow,21,21,0,-75,None
1,AC,p0_port.flow,22,22,0,-65,None
1,AC,p0_port.flow,23,23,0,-57,None
1,AC,p0_port.flow,24,24,0,-52,None
1,AC,p0_port.flow,25,25,0,-50,None
1,AC,p0_port.flow,26,26,0,-52,None
1,AC,p0_port.flow,27,27,0,-57,None
1,AC,p0_port.flow,28,28,0,-65,None
1,AC,p0_port.flow,29,29,0,-75,None
1,AC,p0_port.flow,30,30,0,-87,None
1,AC,p0_port.flow,31,31,0,-100,None
1,AC,p0_port.flow,32,32,0,-100,None
1,AC,p0_port.flow,33,33,0,-100,None
1,AC,p0_port.flow,34,34,0,-100,None
1,AC,p0_port.flow,35,35,0,-100,None
1,AC,p0_port.flow,36,36,0,-100,None
1,AC,p0_port.flow,37,37,0,-100,None
1,AC,p0_port.flow,38,38,0,-100,None
1,AC,p0_port.flow,39,39,0,-100,None
1,AC,p0_port.flow,40,40,0,-100,None
1,AC,p0_port.flow,41,41,0,-100,None
1,AC,p0_port.flow,42,42,0,-100,None
1,AC,p0_port.flow,43,43,0,-100,None
1,AC,p0_port.flow,44,44,0,-87,None
1,AC,p0_port.flow,45,45,0,-75,None
1,AC,p0_port.flow,46,46,0,-65,None
1,AC,p0_port.flow,47,47,0,-57,None
1,AC,p0_port.flow,48,48,0,-52,None
1,AC,p0_port.flow,49,49,0,-50,None
1,AC,p0_port.flow,50,50,0,-52,None
1,AC,p0_port.flow,51,51,0,-57,None
1,AC,p0_port.flow,52,52,0,-65,None
1,AC,p0_port.flow,53,53,0,-75,None
1,AC,p0_port.flow,54,54,0,-87,None
1,AC,p0_port.flow,55,55,0,-100,None
1,AC,p0_port.flow,56,56,0,-100,None
1,AC,p0_port.flow,57,57,0,-100,None
1,AC,p0_port.flow,58,58,0,-100,None
1,AC,p0_port.flow,59,59,0,-100,None
1,AC,p0_port.flow,60,60,0,-100,None
1,AC,p0_port.flow,61,61,0,-100,None
1,AC,p0_port.flow,62,62,0,-100,None
1,AC,p0_port.flow,63,63,0,-100,None
1,AC,p0_port.flow,64,64,0,-100,None
1,AC,p0_port.flow,65,65,0,-100,None
1,AC,p0_port.flow,66,66,0,-100,None
1,AC,p0_port.flow,67,67,0,-100,None
1,AC,p0_port.flow,68,68,0,-87,None
1,AC,p0_port.flow,69,69,0,-75,None
1,AC,p0_port.flow,70,70,0,-65,None
1,AC,p0_port.flow,71,71,0,-57,None
1,AC,p0_port.flow,72,72,0,-52,None
1,AC,p0_port.flow,73,73,0,-50,None
1,AC,p0_port.flow,74,74,0,-52,None
1,AC,p0_port.flow,75,75,0,-57,None
1,AC,p0_port.flow,76,76,0,-65,None
1,AC,p0_port.flow,77,77,0,-75,None
1,AC,p0_port.flow,78,78,0,-87,None
1,AC,p0_port.flow,79,79,0,-100,None
1,AC,p0_port.flow,80,80,0,-100,None
1,AC,p0_port.flow,81,81,0,-100,None
1,AC,p0_port.flow,82,82,0,-100,None
1,AC,p0_port.flow,83,83,0,-100,None
1,AC,p0_port.flow,84,84,0,-100,None
1,AC,p0_port.flow,85,85,0,-100,None
1,AC,p0_port.flow,86,86,0,-100,None
1,AC,p0_port.flow,87,87,0,-100,None
1,AC,p0_port.flow,88,88,0,-100,None
1,AC,p0_port.flow,89,89,0,-100,None
1,AC,p0_port.flow,90,90,0,-100,None
1,AC,p0_port.flow,91,91,0,-100,None
1,AC,p0_port.flow,92,92,0,-87,None
1,AC,p0_port.flow,93,93,0,-75,None
1,AC,p0_port.flow,94,94,0,-65,None
1,AC,p0_port.flow,95,95,0,-57,None
1,AC,p0_port.flow,96,96,0,-52,None
1,AC,p0_port.flow,97,97,0,-50,None
1,AC,p0_port.flow,98,98,0,-52,None
1,AC,p0_port.flow,99,99,0,-57,None
1,AC,p0_port.flow,100,100,0,-65,None
1,AC,p0_port.flow,101,101,0,-75,None
1,AC,p0_port.flow,102,102,0,-87,None
1,AC,p0_port.flow,103,103,0,-100,None
1,AC,p0_port.flow,104,104,0,-100,None
1,AC,p0_port.flow,105,105,0,-100,None
1,AC,p0_port.flow,106,106,0,-100,None
1,AC,p0_port.flow,107,107,0,-100,None
1,AC,p0_port.flow,108,108,0,-100,None
1,AC,p0_port.flow,109,109,0,-100,None
1,AC,p0_port.flow,110,110,0,-100,None
1,AC,p0_port.flow,111,111,0,-100,None
1,AC,p0_port.flow,112,112,0,-100,None
1,AC,p0_port.flow,113,113,0,-100,None
1,AC,p0_port.flow,114,114,0,-100,None
1,AC,p0_port.flow,115,115,0,-100,None
1,AC,p0_port.flow,116,116,0,-87,None
1,AC,p0_port.flow,117,117,0,-75,None
1,AC,p0_port.flow,118,118,0,-65,None
1,AC,p0_port.flow,119,119,0,-57,None
1,AC,p0_port.flow,120,120,0,-52,None
1,AC,p0_port.flow,121,121,0,-30,None
1,AC,p0_port.flow,122,122,0,-32,None
1,AC,p0_port.flow,123,123,0,-37,None
1,AC,p0_port.flow,124,124,0,-45,None
1,AC,p0_port.flow,125,125,0,-55,None
1,AC,p0_port.flow,126,126,0,-67,None
1,AC,p0_port.flow,127,127,0,-80,None
1,AC,p0_port.flow,128,128,0,-93,None
1,AC,p0_port.flow,129,129,0,-100,None
1,AC,p0_port.flow,130,130,0,-100,None
1,AC,p0_port.flow,131,131,0,-100,None
1,AC,p0_port.flow,132,132,0,-100,None
1,AC,p0_port.flow,133,133,0,-100,None
1,AC,p0_port.flow,134,134,0,-100,None
1,AC,p0_port.flow,135,135,0,-100,None
1,AC,p0_port.flow,136,136,0,-100,None
1,AC,p0_port.flow,137,137,0,-100,None
1,AC,p0_port.flow,138,138,0,-93,None
1,AC,p0_port.flow,139,139,0,-80,None
1,AC,p0_port.flow,140,140,0,-67,None
1,AC,p0_port.flow,141,141,0,-55,None
1,AC,p0_port.flow,142,142,0,-45,None
1,AC,p0_port.flow,143,143,0,-37,None
1,AC,p0_port.flow,144,144,0,-32,None
1,AC,p0_port.flow,145,145,0,-30,None
1,AC,p0_port.flow,146,146,0,-32,None
1,AC,p0_port.flow,147,147,0,-37,None
1,AC,p0_port.flow,148,148,0,-45,None
1,AC,p0_port.flow,149,149,0,-55,None
1,AC,p0_port.flow,150,150,0,-67,None
1,AC,p0_port.flow,151,151,0,-80,None
1,AC,p0_port.flow,152,152,0,-93,None
1,AC,p0_port.flow,153,153,0,-100,None
1,AC,p0_port.flow,154,154,0,-100,None
1,AC,p0_port.flow,155,155,0,-100,None
1,AC,p0_port.flow,156,156,0,-100,None
1,AC,p0_port.flow,157,157,0,-100,None
1,AC,p0_port.flow,158,158,0,-100,None
1,AC,p0_port.flow,159,159,0,-100,None
1,AC,p0_port.flow,160,160,0,-100,None
1,AC,p0_port.flow,161,161,0,-100,None
1,AC,p0_port.flow,162,162,0,-93,None
1,AC,p0_port.flow,163,163,0,-80,None
1,AC,p0_port.flow,164,164,0,-67,None
1,AC,p0_port.flow,165,165,0,-55,None
1,AC,p0_port.flow,166,166,0,-45,None
1,AC,p0_port.flow,167,167,0,-37,None
1,AC,p0_port.flow,168,168,0,-32,None
1,None,OBJECTIVE_VALUE,None,None,0,158400,None
